Unix,Date,Symbol,Open,High,Low,Close,Volume BTC,Volume USDT,tradecount,Target,RSI,MA5,MA20
1769731200000,2026-01-30,BTCUSDT,84650.16,84735.75,81118.0,84260.49,35195.84793,2918624066.4818316,8998829,78741.09,158.2700329991905,,
1769644800000,2026-01-29,BTCUSDT,89300.0,89348.0,83383.33,84650.16,30431.38201,2610381587.9100037,5598749,84260.49,157.03452880320418,,
1769558400000,2026-01-28,BTCUSDT,89249.99,90600.0,88833.65,89299.99,14332.18502,1283919840.851472,4385791,84650.16,147.1781890557295,,
1769472000000,2026-01-27,BTCUSDT,88347.08,89523.16,87304.33,89250.0,13125.40425,1160026853.5895033,3787336,89299.99,151.60438851843156,,
1769385600000,2026-01-26,BTCUSDT,86670.36,88860.0,86509.63,88347.08,17766.51453,1560135758.989215,4798083,89250.0,162.79674755671343,87161.54400000001,
1769299200000,2026-01-25,BTCUSDT,89225.34,89319.13,86074.72,86670.36,14426.22019,1264233689.8415809,3720178,88347.08,180.2414078842201,87643.51800000001,
1769212800000,2026-01-24,BTCUSDT,89600.26,89957.39,89162.08,89225.34,4226.56737,378464146.0918812,959854,86670.36,160.5460183507591,88558.554,
1769126400000,2026-01-23,BTCUSDT,89559.68,91224.99,88578.36,89600.26,13918.48919,1248772265.678843,4619907,89225.34,163.46177707676128,88618.608,
1769040000000,2026-01-22,BTCUSDT,89454.73,90359.99,88515.37,89559.67,10825.50492,969910623.3559886,3743412,89600.26,116.662858009119,88680.54199999999,
1768953600000,2026-01-21,BTCUSDT,88427.66,90574.0,87263.53,89454.73,20617.50372,1837708115.359704,6419053,89559.67,127.90587455260945,88902.072,
1768780800000,2026-01-19,BTCUSDT,93673.14,93673.14,91910.2,92631.0,14295.52747,1326770336.049047,3359066,89454.73,126.95935362459292,90094.2,
1768694400000,2026-01-18,BTCUSDT,95147.77,95531.12,93615.4,93673.14,6895.17819,654773743.2677119,1488785,92631.0,130.43657885450696,90983.76000000001,
1768608000000,2026-01-17,BTCUSDT,95550.94,95639.45,95021.67,95147.77,4280.80137,408161941.6719079,1020527,93673.14,115.26527594727268,92093.262,
1768521600000,2026-01-16,BTCUSDT,95604.81,95871.47,94293.46,95550.94,11167.7146,1064019408.0772512,2971559,95147.77,116.50913006362342,93291.516,
1768435200000,2026-01-15,BTCUSDT,96951.78,97193.34,95134.48,95604.8,21725.81369,2093008182.8437335,4493095,95550.94,124.46301273501874,94521.53,
1768348800000,2026-01-14,BTCUSDT,95413.99,97924.49,94559.28,96951.78,22851.89428,2201535821.648615,5346212,95604.8,122.55930519720172,95385.686,
1768262400000,2026-01-13,BTCUSDT,91296.2,96495.0,91042.66,95414.0,23021.51482,2149770801.117704,5025071,96951.78,170.5419192968282,95733.85800000001,
1768176000000,2026-01-12,BTCUSDT,91013.66,92519.95,90128.44,91296.2,16188.08268,1479964862.2693062,4099509,95414.0,509.57628775290857,94963.54400000001,
1768089600000,2026-01-11,BTCUSDT,90504.7,91283.89,90236.0,91013.65,5477.13594,497245863.9319499,1282029,91296.2,391.0247996489884,94056.086,
1768003200000,2026-01-10,BTCUSDT,90641.27,90832.0,90404.0,90504.7,3104.11722,281321375.4802981,766357,91013.65,271.9359785517197,93036.066,90905.303
1767916800000,2026-01-09,BTCUSDT,91100.0,92082.55,89694.66,90641.28,15590.27939,1416907180.1870482,4155703,90504.7,565.5995310535748,91773.96599999999,91224.3425
1767744000000,2026-01-07,BTCUSDT,93747.97,93747.97,90675.52,91364.16,14276.49025,1311906952.9749737,4340252,90641.28,473.7519133737725,90963.99799999999,91560.04250000001
1767657600000,2026-01-06,BTCUSDT,93859.71,94444.44,91262.94,93747.97,18546.41829,1728045542.2983751,5018686,91364.16,256.4362629229043,91454.352,91782.44149999999
1767571200000,2026-01-05,BTCUSDT,91529.74,94789.08,91514.81,93859.71,20673.59584,1927455243.548076,5485489,93747.97,246.35889379747437,92023.564,92012.927
1767484800000,2026-01-04,BTCUSDT,90628.01,91810.0,90628.0,91529.73,10426.5297,952160980.5212084,2207037,93859.71,-696.9943792167212,92228.56999999999,92172.0595
1767398400000,2026-01-03,BTCUSDT,89995.14,90741.16,89314.01,90628.01,7057.46716,635514773.6093655,1684214,91529.73,-217.84455836039837,92225.916,92369.942
1767312000000,2026-01-02,BTCUSDT,88839.05,90961.81,88379.88,89995.13,17396.97301,1558958860.8870876,5010211,90628.01,-100.1238200223576,91952.11,92408.4315
1767225600000,2026-01-01,BTCUSDT,87648.21,88919.45,87550.43,88839.04,6279.57133,552991635.2911001,1449281,89995.13,-70.85698535437061,90970.324,92370.3705
1767139200000,2025-12-31,BTCUSDT,88485.5,89200.0,87250.0,87648.22,11558.62047,1019746835.2795268,2897396,88839.04,-59.09561645832761,89728.026,92274.798
1767052800000,2025-12-30,BTCUSDT,87237.13,89400.0,86845.66,88485.49,13105.91001,1155016404.4786751,3542176,87648.22,-49.517321046172725,89119.178,92226.336
1766966400000,2025-12-29,BTCUSDT,87952.71,90406.08,86806.5,87237.13,19894.98575,1762011993.0377953,4793589,88485.49,-51.26998472520677,88441.00200000001,91956.64249999999
1766880000000,2025-12-28,BTCUSDT,87877.0,88088.75,87435.0,87952.71,4446.29285,390327299.1502763,1241426,87237.13,-146.78853533284163,88032.51800000001,91670.621
1766793600000,2025-12-27,BTCUSDT,87369.56,87984.0,87253.05,87877.01,4469.55156,391274205.274436,957536,87952.71,-156.4687053662523,87840.11200000001,91307.083
1766707200000,2025-12-26,BTCUSDT,87225.27,89567.75,86655.08,87369.56,18344.61505,1616722115.636646,4509482,87877.01,-156.5435674323959,87784.38,90898.014
1766620800000,2025-12-25,BTCUSDT,87669.44,88592.74,86934.72,87225.27,7096.58235,622970453.6497648,1992172,87369.56,-139.6740641859954,87532.33600000001,90479.0375
1766534400000,2025-12-24,BTCUSDT,87486.0,88049.89,86420.0,87669.45,9140.8432,797460526.4738462,2877239,87225.27,-121.59492896600796,87618.8,90014.921
1766448000000,2025-12-23,BTCUSDT,88620.79,88940.0,86601.9,87486.0,13910.32904,1219899607.2677548,4465080,87669.45,-33.67582406175697,87525.458,89618.521
1766361600000,2025-12-22,BTCUSDT,88658.87,90588.23,87900.0,88620.79,14673.2197,1310235631.747926,4847747,87486.0,-59.77987829552626,87674.21399999999,89484.7505
1766275200000,2025-12-21,BTCUSDT,88360.91,89081.77,87600.04,88658.86,7132.87258,629720971.7866651,2030666,88620.79,-110.4156579712772,87932.074,89367.011
1766188800000,2025-12-20,BTCUSDT,88136.95,88573.07,87795.76,88360.9,5123.13194,451919022.72775954,1174426,88658.86,-139.82074094331543,88159.19999999998,89259.821
1766102400000,2025-12-19,BTCUSDT,85516.41,89399.97,85110.24,88136.94,21256.65004,1863236625.932864,6482253,88360.9,-170.59019798836482,88252.698,89134.60399999999
1766016000000,2025-12-18,BTCUSDT,86243.23,89477.61,84450.01,85516.41,25405.41763,2204223872.6696463,6946947,88136.94,-95.40303915873896,87858.78,88842.21650000001
1765929600000,2025-12-17,BTCUSDT,87863.43,90365.85,85314.0,86243.22,19834.11729,1733348496.6703594,6058638,85516.41,-277.34519572953707,87383.26599999999,88466.979
1765843200000,2025-12-16,BTCUSDT,86432.08,88175.98,85266.0,87863.42,18456.05017,1604673428.6527836,6099692,86243.22,-752.2674297104725,87224.178,88167.1645
1765756800000,2025-12-15,BTCUSDT,88172.16,90052.64,85146.64,86432.08,19778.6919,1732823429.5017283,6747167,87863.42,-581.2843922737685,86838.414,87912.282
1765670400000,2025-12-14,BTCUSDT,90240.0,90472.4,87577.36,88172.17,9416.94004,839079130.8378651,3115749,86432.08,2599.170691697901,86845.46,87789.49
1765584000000,2025-12-13,BTCUSDT,90268.43,90634.55,89766.39,90240.01,5895.70788,532250544.59040153,1363754,88172.17,328.90308929327045,87790.18,87801.734
1765497600000,2025-12-12,BTCUSDT,92513.38,92754.0,89480.0,90268.42,16679.19169,1521683425.5648005,4956719,90240.01,269.08474365785105,88595.22,87873.203
1765411200000,2025-12-11,BTCUSDT,92015.38,93555.0,89260.63,92513.38,19972.58758,1814322119.065849,6250438,90268.42,189.96106359360888,89525.21199999998,88116.461
1765324800000,2025-12-10,BTCUSDT,92678.81,94476.0,91563.15,92015.37,18998.68083,1758773276.2478049,6025707,92513.38,220.92376297768948,90641.87,88292.95499999999
1765238400000,2025-12-09,BTCUSDT,90634.35,94588.99,89500.0,92678.8,21240.43014,1956261065.6071732,5940223,92015.37,197.66985056231704,91543.196,88565.0385
1765152000000,2025-12-08,BTCUSDT,90395.32,92287.15,89612.0,90634.34,15793.63887,1436920018.893613,5458731,92678.8,453.4185890591244,91622.062,88699.12000000001
1765065600000,2025-12-07,BTCUSDT,89236.8,91760.0,87719.28,90395.31,13021.11185,1167866486.8455212,3953071,90634.34,523.5820207895426,91647.44,88825.035
1764979200000,2025-12-06,BTCUSDT,89330.04,90289.97,88908.01,89236.79,8409.50016,753420679.8063259,2482221,90395.31,1038.0002055052578,90992.122,88918.3965
1764892800000,2025-12-05,BTCUSDT,92078.06,92692.36,88056.0,89330.04,19792.97218,1788436983.8106546,5520352,89236.79,769.8424272902583,90455.056,89023.635
1764806400000,2025-12-04,BTCUSDT,93429.95,94080.0,90889.0,92078.06,19803.94059,1836645629.33462,5856049,89330.04,181.85989804393745,90334.908,89244.0655
1764720000000,2025-12-03,BTCUSDT,91277.88,94150.0,90990.23,93429.95,25712.52585,2386223626.8613906,6733182,92078.06,174.73997214310288,90894.03,89541.263
1764633600000,2025-12-02,BTCUSDT,86286.01,92307.65,86184.39,91277.88,28210.22732,2519515177.662365,6397299,93429.95,320.34025878176914,91070.544,89674.11750000001
1764547200000,2025-12-01,BTCUSDT,90360.01,90417.0,83822.76,86286.01,34509.01227,2977024047.2231607,7709685,91277.88,-7488.11528719072,90480.38799999999,89555.475
1764460800000,2025-11-30,BTCUSDT,90802.44,92000.01,90336.9,90360.0,9687.74175,884051773.1655338,2154030,86286.01,606.6188872078733,90686.37999999999,89655.43000000001
1764374400000,2025-11-29,BTCUSDT,90890.71,91165.65,90155.47,90802.44,7429.88291,673725652.9787655,1677860,90360.0,2070.727023807379,90431.256,89788.705
1764288000000,2025-11-28,BTCUSDT,91333.94,93092.0,90180.63,90890.7,18830.86012,1721418035.0795596,4229754,90802.44,1881.185318506139,89923.40599999999,90057.41949999999
1764201600000,2025-11-27,BTCUSDT,90484.01,91950.0,90089.91,91333.95,16833.50932,1535778106.578708,3920172,90890.7,-839.7726020196158,89934.62000000001,90311.95599999999
1764115200000,2025-11-26,BTCUSDT,87369.97,90656.08,86306.77,90484.02,21675.82239,1916851896.6699688,4668280,91333.95,-646.7842100107796,90774.222,90442.986
1764028800000,2025-11-25,BTCUSDT,88300.01,88519.99,86116.0,87369.96,19567.0411,1708989000.038937,4838747,90484.02,-174.070041666353,90176.214,90489.87999999999
1763942400000,2025-11-24,BTCUSDT,86830.0,89228.0,85272.0,88300.01,24663.12795,2150393686.9203186,6189156,87369.96,-435.7203137516968,89675.728,90496.272
1763856000000,2025-11-23,BTCUSDT,84739.75,88127.64,84667.57,86830.0,19734.46418,1708685030.2798696,5063493,88300.01,-285.28094331208223,88863.588,90325.7715
1763769600000,2025-11-22,BTCUSDT,85129.42,85620.0,83500.0,84739.74,14193.93263,1197657354.9690385,4697593,86830.0,-226.17382506309747,87544.746,90049.3375
1763683200000,2025-11-21,BTCUSDT,86637.22,87498.94,80600.0,85129.43,72256.12679,6061348756.341564,11826480,84739.74,-249.1921411414052,86473.828,89680.14
1763596800000,2025-11-20,BTCUSDT,91554.96,93160.0,86100.0,86637.23,39733.19073,3548950335.0984216,7841395,85129.43,-169.5948963669142,86327.282,89411.23300000001
1763510400000,2025-11-19,BTCUSDT,92960.83,92980.22,88608.0,91554.96,32286.6376,2925773651.2559576,6822174,86637.23,-682.3081723102555,86978.272,89355.041
1763424000000,2025-11-18,BTCUSDT,92215.14,93836.01,89253.78,92960.83,39835.14769,3641033186.3004575,8786593,91554.96,843.7018330907043,88204.438,89471.3655
1763337600000,2025-11-17,BTCUSDT,94261.45,96043.0,91220.0,92215.14,39218.59806,3674562070.238606,8134322,92960.83,239.47999116227805,89699.51800000001,89562.35699999999
1763251200000,2025-11-16,BTCUSDT,95596.23,96635.11,93005.55,94261.44,23889.4051,2261295524.8173394,5141394,92215.14,311.9717335137789,91525.92000000001,89813.5895
1763164800000,2025-11-15,BTCUSDT,94594.0,96846.68,94558.49,95596.24,15110.89391,1449074019.067485,4263558,94261.44,272.5134548792185,93317.722,90126.8995
1763078400000,2025-11-14,BTCUSDT,99692.03,99866.02,94012.45,94594.0,47288.14481,4566085156.747207,9551025,95596.24,350.37642102989173,93925.53,90252.69649999999
1762992000000,2025-11-13,BTCUSDT,101654.37,104085.01,98000.4,99692.02,36198.50771,3654698026.540381,8125404,94594.0,210.93697468434675,95271.76800000001,90565.8
1762905600000,2025-11-12,BTCUSDT,103059.0,105333.33,100813.59,101654.37,20457.63906,2108514405.260877,5314132,99692.02,175.39835367736913,97159.614,91084.6245
1762819200000,2025-11-11,BTCUSDT,106011.13,107500.0,102476.09,103058.99,24196.50718,2532279071.0069213,5532149,101654.37,133.83383166454522,98919.124,91923.2735
1762732800000,2025-11-10,BTCUSDT,104722.95,106670.11,104265.02,106011.13,22682.25673,2400141664.389342,4710957,103058.99,129.97100126925906,101002.102,92705.82999999999
1762646400000,2025-11-09,BTCUSDT,102312.95,105495.62,101400.0,104722.96,16338.97096,1687020822.3668208,3404204,106011.13,128.65015067378454,103027.894,93401.856
1762560000000,2025-11-08,BTCUSDT,103339.09,103406.22,101454.0,102312.94,12390.77985,1267165565.37527,2743819,104722.96,130.99105456035332,103552.07800000001,93972.96800000001
1762473600000,2025-11-07,BTCUSDT,101346.04,104096.36,99260.86,103339.08,32059.50942,3251112979.3058844,6335759,102312.94,129.90787851496327,103889.01999999999,94573.2245
1762387200000,2025-11-06,BTCUSDT,103885.16,104200.0,100300.95,101346.04,25814.62139,2641767846.305827,5755001,103339.08,150.57621928626463,103546.43000000001,95116.3255
1762300800000,2025-11-05,BTCUSDT,101497.23,104534.74,98966.8,103885.16,33778.77571,3454273922.7003846,6500368,101346.04,160.3328413164427,103121.236,95942.08550000002
1762214400000,2025-11-04,BTCUSDT,106583.05,107299.0,98944.36,101497.22,50534.87376,5197697635.212413,9099609,103885.16,215.1200917483857,102476.088,96601.94600000001
1762128000000,2025-11-03,BTCUSDT,110540.69,110750.0,105306.56,106583.04,28681.18779,3076006652.001568,7074546,101497.22,163.20624447553243,103330.108,97589.598
1762041600000,2025-11-02,BTCUSDT,110098.1,111250.01,109471.34,110540.68,12107.00087,1336870531.1415012,2652188,106583.04,155.78522093168982,104770.42799999999,98879.645
1761955200000,2025-11-01,BTCUSDT,109608.01,110564.49,109394.81,110098.1,7378.50431,812389216.4346799,1994214,110540.68,165.67426523218404,106520.84,100128.07849999999
1761868800000,2025-10-31,BTCUSDT,108322.87,111190.0,108275.28,109608.01,21518.20439,2361590437.9414105,5256872,110098.1,160.0228719709126,107665.41,101276.6175
1761782400000,2025-10-30,BTCUSDT,110021.3,111592.0,106304.34,108322.88,25988.82838,2827221287.422797,6373451,109608.01,219.30410179286883,109030.54199999999,102115.0135
1761696000000,2025-10-29,BTCUSDT,112898.44,113643.73,109200.0,110021.29,21079.71376,2356715986.5335455,4481480,108322.88,223.06762823117708,109718.192,102968.0365
1761609600000,2025-10-28,BTCUSDT,114107.65,116086.0,112211.0,112898.45,15523.42257,1772753529.8642745,3829845,110021.29,204.6497470389636,110189.746,104002.202
1761523200000,2025-10-27,BTCUSDT,114559.41,116400.0,113830.01,114107.65,21450.23241,2470872744.548968,3660488,112898.45,227.1777257389596,110991.656,104994.5125
1761436800000,2025-10-26,BTCUSDT,111646.27,115466.8,111260.45,114559.4,13454.47737,1525108635.874829,2463951,114107.65,191.58598029368363,111981.93400000001,105942.67050000001
1761350400000,2025-10-25,BTCUSDT,111004.9,111943.19,110672.86,111646.27,6407.96864,714201332.9751225,1238199,114559.4,201.91335782619907,112646.61200000001,106795.28400000001
1761264000000,2025-10-24,BTCUSDT,110078.19,112104.98,109700.01,111004.89,15005.16913,1662806764.9533324,3241022,111646.27,232.44901712930528,112843.33199999998,107360.92749999999
1761177600000,2025-10-23,BTCUSDT,107567.45,111293.61,107500.0,110078.18,17573.09294,1924582289.4113936,3721614,111004.89,204.06337965263947,112279.278,107782.11799999999
1761091200000,2025-10-22,BTCUSDT,108297.66,109163.88,106666.69,107567.44,28610.78451,3090291706.4439816,5547903,110078.18,414.9597531963888,110971.23599999999,108007.5405
1761004800000,2025-10-21,BTCUSDT,110532.09,114000.0,107473.72,108297.67,37228.01659,4114477849.9320545,6004063,107567.44,235.4286848664424,109718.88999999998,108121.86750000001
1760918400000,2025-10-20,BTCUSDT,108642.77,111705.56,107402.52,110532.09,19193.4416,2119912185.5934684,4283542,108297.67,333.21457059292675,109496.054,108412.324
1760832000000,2025-10-19,BTCUSDT,107185.0,109450.07,106103.36,108642.78,15480.66423,1670074079.5802343,3205640,110532.09,-484.8079456241112,109023.63199999998,108728.81599999999
1760745600000,2025-10-18,BTCUSDT,106431.68,107499.0,106322.2,107185.01,11123.18766,1189002999.143113,2105450,108642.78,-315.8560154337816,108444.99799999999,108921.1125
1760659200000,2025-10-17,BTCUSDT,108194.27,109240.0,103528.23,106431.68,37920.66838,4022645635.221202,7570685,107185.01,-289.67928395349276,108217.84599999999,109175.39450000001
1760572800000,2025-10-16,BTCUSDT,110763.28,111982.45,107427.0,108194.28,29857.17252,3277596494.7619195,6127094,106431.68,-8525.482115085213,108197.16799999999,109390.85049999999
1760486400000,2025-10-15,BTCUSDT,113028.13,113612.35,110164.0,110763.28,22986.48811,2569639641.3527684,5243141,108194.28,1594.94871898542,108243.406,109854.15349999999
1760400000000,2025-10-14,BTCUSDT,115166.0,115409.96,109866.0,113028.14,31870.32974,3578140778.8084984,7425642,110763.28,8652.987894209164,109120.478,110176.40849999999
1760313600000,2025-10-13,BTCUSDT,114958.81,115963.81,113616.5,115166.0,22557.24033,2591831660.985749,5739352,113028.14,1148.0814475362529,110716.676,110407.6745
1760227200000,2025-10-12,BTCUSDT,110644.4,115770.0,109565.06,114958.8,32255.30272,3638546528.740156,6048575,115166.0,2929.1362043063896,112422.1,110650.7095
1760140800000,2025-10-11,BTCUSDT,112774.49,113322.39,109561.59,110644.4,35448.51652,3961069473.231136,6661929,114958.8,-1167.713375986893,112912.124,110702.52900000001
1760054400000,2025-10-10,BTCUSDT,121662.41,122550.0,102000.0,112774.5,64171.93927,7349750905.041157,11404522,110644.4,781.475579364945,113314.36799999999,110925.11000000002
1759968000000,2025-10-09,BTCUSDT,123306.01,123762.94,119651.47,121662.4,21559.36007,2621438087.566733,4231167,112774.5,196.10271559069145,115041.22,111507.1655
1759881600000,2025-10-08,BTCUSDT,121332.96,124197.25,121066.14,123306.0,17012.618,2084842842.4416163,4184997,121662.4,154.78271201431397,116669.22,112027.54299999999
1759795200000,2025-10-07,BTCUSDT,124658.54,125126.0,120574.94,121332.95,21633.99385,2657405799.8705487,4390785,123306.0,181.27988044752405,117944.05,112388.808
1759708800000,2025-10-06,BTCUSDT,123482.32,126199.63,123084.0,124658.54,19494.628793,2428828952.2653184,4206167,121332.95,175.0015750595515,120746.878,112893.76500000001
1759622400000,2025-10-05,BTCUSDT,122390.99,125708.42,122136.0,123482.31,22043.097553,2730817470.939564,3690670,124658.54,166.59227077946548,122888.43999999999,113485.567
1759536000000,2025-10-04,BTCUSDT,122232.21,122800.0,121510.0,122391.0,8208.16678,1002272903.3446472,1703590,123482.31,162.57744480957834,123034.15999999999,114054.87249999998
1759449600000,2025-10-03,BTCUSDT,120529.35,123894.99,119248.3,122232.0,23936.328,2907381076.681319,4246820,122391.0,156.46208431221646,122819.35999999999,114662.56349999997
1759363200000,2025-10-02,BTCUSDT,118594.99,121022.07,118279.31,120529.35,19670.83503,2349861127.3445807,3472073,122232.0,186.12711561426073,122658.64000000001,115310.65899999999
1759276800000,2025-10-01,BTCUSDT,114048.94,118649.1,113966.67,118594.99,20036.39516,2332096981.265933,3430343,120529.35,260.35067692751625,121445.93000000001,115825.525
1759190400000,2025-09-30,BTCUSDT,114311.97,114792.0,112656.27,114048.93,15044.15633,1710713267.1300955,3018331,118594.99,1775.5904740446206,119559.254,116001.367
1759104000000,2025-09-29,BTCUSDT,112163.96,114400.0,111560.65,114311.96,15541.12005,1755247635.871136,2442653,114048.93,-1902.746943937073,117943.446,116284.826
1759017600000,2025-09-28,BTCUSDT,109635.85,112350.0,109189.99,112163.95,7542.3316,832254944.3203354,1484866,114311.96,-581.4344240299117,115929.83599999998,116533.773
1758931200000,2025-09-27,BTCUSDT,109643.46,109743.91,109064.4,109635.85,5501.78643,601947588.9970765,919594,112163.95,-1611.245847999624,113751.13600000001,116693.9815
1758844800000,2025-09-26,BTCUSDT,108994.49,110300.0,108620.07,109643.46,14243.01591,1557098915.9392595,3257155,109635.85,-451.21525116255407,111960.83,116766.4405
1758758400000,2025-09-25,BTCUSDT,113307.01,113510.23,108631.51,108994.49,21231.14957,2356639689.9252143,4409953,109643.46,-41.36301884051923,110949.942,116678.001
1758672000000,2025-09-24,BTCUSDT,111998.8,113940.0,111042.66,113307.0,12369.25967,1394470628.502582,2229837,108994.49,-79.09530953095316,110748.95,116691.94400000002
1758585600000,2025-09-23,BTCUSDT,112650.99,113290.5,111458.73,111998.8,12301.3203,1383869800.273703,2455729,113307.0,-84.72908620495718,110715.92,116533.584
1758499200000,2025-09-22,BTCUSDT,115232.29,115379.25,111800.0,112650.99,20781.71356,2348872511.6988754,3045876,111998.8,-43.60040141411042,111318.948,116418.19350000001
1758412800000,2025-09-21,BTCUSDT,115685.63,115819.06,115188.0,115232.29,4511.52219,521299751.1504096,945965,112650.99,-94.74692182564402,112436.714,116647.58799999999
1758326400000,2025-09-20,BTCUSDT,115632.39,116121.81,115408.47,115685.63,4674.92752,541264273.2416894,740451,115232.29,-123.3336862842768,113774.94200000001,116793.14450000001
1758240000000,2025-09-19,BTCUSDT,117073.53,117459.99,115100.0,115632.38,8992.09065,1045792401.4532388,1732471,115685.63,-125.30994208757494,114240.01800000001,116491.6435
1758153600000,2025-09-18,BTCUSDT,116447.6,117900.0,116092.76,117073.53,11657.23365,1367513347.486509,2252654,115632.38,-281.0079807397372,115254.96399999999,116180.01999999999
1758067200000,2025-09-17,BTCUSDT,116788.96,117286.73,114720.81,116447.59,16754.2454,1946083704.6217456,3227418,117073.53,-452.22734469590966,116014.28400000001,115935.75200000001
1757980800000,2025-09-16,BTCUSDT,115349.71,116964.27,114737.11,116788.96,10926.9094,1265779287.5169268,2047058,116447.59,366.8755451582633,116325.61800000002,115542.273
1757894400000,2025-09-15,BTCUSDT,115268.01,116757.99,114384.0,115349.71,13212.51149,1522648235.2235153,2857989,116788.96,943.336063599132,116258.43400000001,115135.64300000001
1757808000000,2025-09-14,BTCUSDT,115918.29,116165.19,115135.0,115268.01,6707.60197,775762364.9685991,1237218,115349.71,315.37631360218575,116185.56000000001,114779.49350000001
1757721600000,2025-09-13,BTCUSDT,116029.41,116298.78,115127.27,115918.29,8269.40394,957724220.6497612,1223635,115268.01,166.1734931014068,115954.51199999999,114463.808
1757635200000,2025-09-12,BTCUSDT,115482.69,116665.63,114740.99,116029.42,15324.10719,1772122269.5018637,2481491,115918.29,165.1007835940096,115870.878,114238.8115
1757548800000,2025-09-11,BTCUSDT,113960.0,115488.09,113430.0,115482.69,13676.73119,1562241144.956541,2166359,116029.42,162.4991523072656,115609.624,114083.19649999999
1757462400000,2025-09-10,BTCUSDT,111546.38,114313.13,110917.45,113960.0,17517.41823,1978834750.2223115,2182534,115482.69,954.1745788667694,115331.68199999999,114078.75
1757376000000,2025-09-09,BTCUSDT,112065.23,113293.29,110766.66,111546.39,15379.28248,1721465997.906366,2143242,113960.0,-1377.237461594563,114587.35799999998,113940.47149999999
1757289600000,2025-09-08,BTCUSDT,111137.35,112924.37,110621.78,112065.23,11582.40211,1295903862.4649603,1744598,111546.39,-1040.9399754165377,113816.746,113935.5355
1757203200000,2025-09-07,BTCUSDT,110187.98,111600.0,110180.0,111137.34,5681.29944,630447950.1588689,874961,112065.23,-85.86454047058004,112838.33,114010.61000000002
1757116800000,2025-09-06,BTCUSDT,110660.0,111307.7,109977.0,110187.97,5000.29897,552785936.5434699,795201,111137.34,-55.71042952819931,111779.38599999998,114037.8355
1757030400000,2025-09-05,BTCUSDT,110730.87,113384.62,110206.96,110659.99,21587.40888,2413132200.623325,2970419,110187.97,-71.08834986797112,111119.384,114121.1105
1756944000000,2025-09-04,BTCUSDT,111705.72,112180.0,109329.12,110730.87,12203.13536,1349031325.5320847,2230255,110659.99,-34.12637599997481,110956.28,113992.30399999997
1756857600000,2025-09-03,BTCUSDT,111240.01,112575.27,110528.71,111705.71,11773.72084,1313762617.3436644,2214249,110730.87,-66.20496511932024,110884.376,113977.64950000001
1756771200000,2025-09-02,BTCUSDT,109237.43,111771.52,108393.39,111240.01,18510.28756,2042681451.9016385,2596328,111705.71,-50.423773867128006,110904.91,113907.10049999999
1756684800000,2025-09-01,BTCUSDT,108246.36,109912.4,107255.0,109237.42,16053.60219,1742516638.781135,2729384,111240.01,-45.77646021376606,110714.8,113607.357
1756598400000,2025-08-31,BTCUSDT,108816.33,109480.02,108076.93,108246.35,9489.51596,1031806894.3513318,1366633,109237.42,-39.84798466459512,110232.072,113235.393
1756512000000,2025-08-30,BTCUSDT,108377.4,108926.15,107350.1,108816.33,10708.39159,1160666772.7387524,1411040,108246.35,-38.26676016198351,109849.16400000002,112894.5905
1756425600000,2025-08-29,BTCUSDT,112566.9,112638.64,107463.9,108377.4,22580.31045,2475492492.5775294,3606959,108816.33,-34.06368514457614,109183.50200000001,112459.78400000001
1756339200000,2025-08-28,BTCUSDT,111262.01,113485.9,110862.42,112566.9,11104.27744,1250788481.9453218,2066780,108377.4,-233.07782796429015,109448.88,112265.74949999999
1756252800000,2025-08-27,BTCUSDT,111763.22,112625.0,110345.42,111262.01,13392.60875,1493774927.1908317,3111496,112566.9,-251.8934466028407,109853.798,111989.402
1756166400000,2025-08-26,BTCUSDT,110111.98,112371.0,108666.66,111763.22,18452.43877,2033437347.4999392,4077474,111262.01,3365.433749942322,110557.17199999999,111810.07749999998
1756080000000,2025-08-25,BTCUSDT,113493.59,113667.28,109274.1,110111.98,25182.79379,2805570653.6310234,4695718,111763.22,-347.0334058620251,110816.302,111552.276
1755993600000,2025-08-24,BTCUSDT,115438.06,115666.68,110680.0,113493.59,21175.98462,2411284606.189176,2573906,110111.98,431.195331564987,111839.54,111431.04100000001
1755907200000,2025-08-23,BTCUSDT,116936.0,117030.0,114560.0,115438.05,11329.36197,1308825428.0143583,1559569,113493.59,230.55839149117747,112413.76999999999,111401.4725
1755820800000,2025-08-22,BTCUSDT,112500.0,117429.05,111684.79,116935.99,23128.09037,2656625122.2777863,3438518,115438.05,209.2163798597835,113548.56599999999,111474.13749999998
1755734400000,2025-08-21,BTCUSDT,114271.23,114821.76,112015.67,112500.0,10839.69235,1227373788.615563,2357380,116935.99,738.1899577758551,113695.92199999999,111401.1375
1755648000000,2025-08-20,BTCUSDT,112872.95,114615.38,112380.0,114271.24,15636.34194,1776149566.1247735,2998370,112500.0,540.0809969090215,114527.774,111537.38
1755561600000,2025-08-19,BTCUSDT,116227.05,116725.69,112732.58,112872.94,18065.47424,2065010895.8584664,3291182,114271.24,848.5323926928866,114403.644,111577.76550000001
1755475200000,2025-08-18,BTCUSDT,117405.01,117543.75,114640.14,116227.05,17745.93954,2053814085.4717772,3346280,112872.94,246.22261836463457,114561.44399999999,111832.251
1755388800000,2025-08-17,BTCUSDT,117380.66,118575.0,117172.21,117405.01,5898.64192,695629197.9038073,1177563,116227.05,200.77183780160013,114655.24799999999,112193.103
1755302400000,2025-08-16,BTCUSDT,117342.04,117898.99,117143.98,117380.66,6393.68117,751719391.7723638,1179842,117405.01,208.049316175346,115631.38,112529.1365
1755216000000,2025-08-15,BTCUSDT,118295.09,119216.82,116803.99,117342.05,13623.33874,1607609329.685101,2895016,117380.66,198.75879147540616,116245.54199999999,112859.6955
1755129600000,2025-08-14,BTCUSDT,123306.44,124474.0,117180.0,118295.09,27980.947586,3359128391.1085243,4350449,117342.05,254.55807157234665,117329.972,113189.1645
1755043200000,2025-08-13,BTCUSDT,120134.09,123667.79,118920.92,123306.43,23210.07102,2811581348.3874574,3712817,118295.09,162.67209213893244,118745.848,113792.4855
1754956800000,2025-08-12,BTCUSDT,118686.0,120324.43,118207.47,120134.08,16720.10893,1992762473.5852575,2737841,123306.43,228.07334013470535,119291.66200000001,114337.31850000001
1754870400000,2025-08-11,BTCUSDT,119294.27,122335.16,118050.11,118686.0,26494.33429,3194611530.5410695,4021743,120134.08,222.6691796846752,119552.72999999998,114859.301
1754784000000,2025-08-10,BTCUSDT,116462.25,119311.11,116460.63,119294.01,14322.77073,1694198747.8718708,2317065,118686.0,281.3261798283572,119943.122,115383.18499999998
1754697600000,2025-08-09,BTCUSDT,116674.74,117944.05,116299.13,116462.25,9514.13144,1111837601.7023723,1390951,119294.01,1403.401679359503,119576.554,115787.42749999999
1754611200000,2025-08-08,BTCUSDT,117472.02,117630.0,115878.71,116674.74,10045.31278,1172199778.7242548,2095304,116462.25,-5009.833492822993,118250.21600000001,115992.81950000001
1754524800000,2025-08-07,BTCUSDT,114992.27,117621.0,114259.0,117472.01,13468.56263,1564454297.836927,2314671,116674.74,279.27256783473865,117717.802,116303.31949999998
1754438400000,2025-08-06,BTCUSDT,114129.75,115716.0,113355.13,114992.27,9761.15318,1118028732.8589184,2026500,117472.01,1680.1270404837528,116979.05600000001,116464.772
1754352000000,2025-08-05,BTCUSDT,115055.03,115127.81,112650.0,114129.75,12042.79078,1371861747.1466167,2581052,114992.27,963.8863471805602,115946.204,116665.6605
1754265600000,2025-08-04,BTCUSDT,114208.81,115720.0,114107.6,115055.03,9667.67916,1109938874.0629709,1954230,114129.75,-826.3843620415977,115664.76000000001,116743.7325
1754179200000,2025-08-03,BTCUSDT,112546.35,114799.97,111920.0,114208.8,7397.76046,841090034.1542541,1419281,115055.03,-266.1724354782695,115171.572,116682.26999999999
1754092800000,2025-08-02,BTCUSDT,113297.92,114063.49,112003.0,112546.35,11507.33428,1301882737.326722,2165714,114208.8,-175.98023295982222,114186.43999999999,116462.78800000002
1754006400000,2025-08-01,BTCUSDT,115764.07,116052.0,112722.58,113297.93,24487.10206,2810268577.1513696,4160829,112546.35,-228.9499322473107,113847.572,116502.68450000002
1753920000000,2025-07-31,BTCUSDT,117840.29,118922.45,115500.0,115764.08,17010.0073,2002870016.7022424,1859532,113297.93,-425.60558828293847,114174.438,116577.3265
1753833600000,2025-07-30,BTCUSDT,117950.75,118792.0,115796.23,117840.3,15586.73631,1832696878.2229855,1997369,115764.08,-143.37383121147863,114731.492,116825.69450000001
1753747200000,2025-07-29,BTCUSDT,118062.32,119273.36,116950.75,117950.76,15137.93445,1788682083.6856463,1956694,117840.3,-364.008024476483,115479.884,116911.87999999998
1753660800000,2025-07-28,BTCUSDT,119415.56,119800.0,117427.5,118062.32,13961.74754,1655882235.896518,1824777,117950.76,-1292.1722678296662,116583.07800000001,116944.7455
1753574400000,2025-07-27,BTCUSDT,117919.99,119766.65,117825.5,119415.55,9328.30919,1107883542.1607983,1095080,118062.32,7243.903241730618,117806.602,117046.48999999999
1753488000000,2025-07-26,BTCUSDT,117614.31,118297.35,117138.38,117919.99,6991.67206,823629079.7493103,790372,119415.55,603.9650417769944,118237.78400000001,117075.38700000002
1753401600000,2025-07-25,BTCUSDT,118340.98,118451.57,114723.16,117614.31,38406.34873,4456778786.620494,3282355,117919.99,914.4342624817792,118192.58599999998,117041.348
1753315200000,2025-07-24,BTCUSDT,118756.0,119450.0,117103.1,118340.99,15806.89043,1873181653.2018075,2081435,117614.31,980.5933393173495,118270.63200000001,116793.076
1753228800000,2025-07-23,BTCUSDT,119954.43,120090.0,117301.0,118755.99,14558.75083,1722126986.886661,2101404,118340.99,237.42892670017963,118409.36600000001,116724.17150000001
1753142400000,2025-07-22,BTCUSDT,117380.36,120247.8,116128.0,119954.42,20959.12973,2481252763.6519103,2778733,118755.99,173.99423486652464,118517.13999999998,116787.5925
1753056000000,2025-07-21,BTCUSDT,117265.11,119676.73,116515.0,117380.36,17107.33128,2020783266.9633648,2509543,119954.42,396.0431422636784,118409.214,116691.91
1752969600000,2025-07-20,BTCUSDT,117840.01,118856.8,116467.02,117265.12,12962.92889,1528864683.816082,1615935,117380.36,301.3202151607168,118339.376,116732.05350000001
1752883200000,2025-07-19,BTCUSDT,117924.84,118499.9,117277.34,117840.0,6635.80306,783327898.4969696,1133382,117265.12,184.8288043221598,118239.178,116790.3165
1752796800000,2025-07-18,BTCUSDT,119177.56,120820.71,116812.76,117924.84,19924.66266,2367355518.470308,2805236,117840.0,197.0526766243563,118072.948,116812.95800000001
1752710400000,2025-07-17,BTCUSDT,118630.44,120998.71,117453.57,119177.56,15728.57651,1869114355.1231644,2347985,117924.84,231.55313638867125,117917.576,117022.2225
1752624000000,2025-07-16,BTCUSDT,117758.08,120063.84,117017.29,118630.43,17039.90851,2023850383.7234876,2429625,119177.56,737.5748294584533,118167.59,117247.25650000002
1752537600000,2025-07-15,BTCUSDT,119841.17,119940.83,115736.92,117758.09,32018.46083,3755258445.553272,3805374,118630.43,-2967.426169097447,118266.18399999998,117382.4095
1752451200000,2025-07-14,BTCUSDT,119086.65,123218.0,118905.18,119841.18,27269.348877,3299746181.077073,4076133,117758.09,432.235813948262,118666.42,117664.02850000001
1752364800000,2025-07-13,BTCUSDT,117420.0,119488.0,117224.79,119086.64,9550.792947,1132096857.0116916,1650283,119841.18,-1926.2533823842175,118898.78,117991.04299999999
1752278400000,2025-07-12,BTCUSDT,117527.66,118200.0,116900.05,117420.0,8446.60437,993093353.4068904,1441851,119086.64,-1267.1533430668492,118547.268,118197.14649999999
1752192000000,2025-07-11,BTCUSDT,116010.01,118869.98,115222.22,117527.66,25873.521148,3039521803.027247,3708194,117420.0,-7436.006924409061,118326.714,118285.3255
1752105600000,2025-07-10,BTCUSDT,111234.0,116868.0,110500.0,116010.0,24883.450665,2826460280.445224,3227017,117527.66,-245.2442953423215,117977.09599999999,118193.81049999999
1752019200000,2025-07-09,BTCUSDT,108922.99,111999.79,108324.53,111233.99,17282.2865,1902054744.194924,2328484,116010.0,-70.48152087210843,116255.65800000001,117857.972
1751932800000,2025-07-08,BTCUSDT,108262.94,109216.56,107429.57,108922.98,9216.0208,1000112813.4398944,1723244,111233.99,-37.19541601096503,114222.926,117401.00499999998
1751846400000,2025-07-07,BTCUSDT,109203.85,109700.0,107513.2,108262.94,9405.37601,1020848316.053704,1961940,108922.98,-45.003849773291165,112391.514,116843.3745
1751760000000,2025-07-06,BTCUSDT,108198.12,109700.0,107800.01,109203.84,6447.607,700733299.51122,1256591,108262.94,-62.57182482186448,110726.75,116407.567
1751673600000,2025-07-05,BTCUSDT,107984.25,108420.56,107756.31,108198.12,3736.9757,403928702.1967476,710020,109203.84,-46.352059971706666,109164.374,115936.75750000002
1751587200000,2025-07-04,BTCUSDT,109584.77,109767.59,107245.0,107984.24,11793.86615,1276215111.668365,1975212,108198.12,-44.105687785445525,108514.424,115418.92
1751500800000,2025-07-03,BTCUSDT,108849.59,110529.18,108530.4,109584.78,13047.08225,1429459048.6383262,2568944,107984.24,-49.33074666572139,108646.78399999999,114960.35949999999
1751414400000,2025-07-02,BTCUSDT,105681.13,109730.0,105100.19,108849.6,17691.89592,1915699005.8772895,2444708,109584.78,-48.38229475412612,108764.116,114405.11849999998
1751328000000,2025-07-01,BTCUSDT,107146.51,107540.0,105250.85,105681.14,10505.62437,1117432945.8926363,2013289,108849.6,-39.18365150141375,108059.576,113820.1575
1751241600000,2025-06-30,BTCUSDT,108356.93,108789.99,106733.33,107146.5,9754.12491,1050407152.345058,1773485,105681.14,-32.41089968396207,107849.25200000001,113314.22649999999
1751155200000,2025-06-29,BTCUSDT,107296.79,108528.5,107172.52,108356.93,6831.7364,736708189.9495683,1223202,107146.5,-49.62752954180476,107923.79000000001,112840.073
1751068800000,2025-06-28,BTCUSDT,107047.58,107577.75,106811.51,107296.79,3282.17352,352025390.60311353,653305,108356.93,-52.600805475733296,107466.192,112308.67050000001
1750982400000,2025-06-27,BTCUSDT,106947.06,107735.34,106356.76,107047.59,12232.44042,1308420348.9100096,2304499,107296.79,-49.78239649162629,107105.79,111702.17199999999
1750896000000,2025-06-26,BTCUSDT,107340.59,108272.45,106562.5,106947.06,10573.27279,1136093974.6816015,2597742,107047.59,-57.56663952315674,107358.974,111118.00349999999
1750809600000,2025-06-25,BTCUSDT,106083.0,108135.3,105808.03,107340.58,16701.15551,1789545470.94629,2988892,106947.06,-144.10889169134464,107397.79,110597.128
1750723200000,2025-06-24,BTCUSDT,105333.94,106290.0,104622.02,106083.0,14651.69335,1543451113.4563613,2973481,107340.58,-197.5630110071195,106943.004,109909.219
1750636800000,2025-06-23,BTCUSDT,100963.87,106074.2,99613.33,105333.93,27666.50609,2836166831.044449,4944207,106083.0,-191.55789840253072,106550.43199999999,109221.5835
1750550400000,2025-06-22,BTCUSDT,102120.02,103399.62,98200.0,100963.87,28746.41072,2892695407.808688,5121309,105333.93,-56.67314322746313,105333.688,108398.777
1750464000000,2025-06-21,BTCUSDT,103297.98,103982.64,100837.9,102120.01,11154.21332,1144829784.7306418,2172578,100963.87,-95.8520000460668,104368.278,107628.39450000001
1750377600000,2025-06-20,BTCUSDT,104658.59,106524.65,102345.0,103297.99,16419.06283,1714411911.0114017,3029404,102120.01,-149.45788210189386,103559.76,106992.794
1750291200000,2025-06-19,BTCUSDT,104886.79,105226.17,103929.27,104658.59,7678.60737,803402575.962045,1718045,103297.99,-137.3075338141646,103274.878,106664.024
1750204800000,2025-06-18,BTCUSDT,104551.17,105550.27,103500.0,104886.78,13968.64167,1461383024.362209,3468170,104658.59,-176.44556149408731,103185.448,106462.21399999999
1750118400000,2025-06-17,BTCUSDT,106794.53,107771.34,103371.02,104551.17,17866.33025,1883173484.8991,3723010,104886.78,-618.7969592113063,103902.908,106276.6255
1750032000000,2025-06-16,BTCUSDT,105594.02,108952.38,104980.37,106794.53,14922.6654,1599849840.7325244,2928998,104551.17,-2207.637014518276,104837.812,106156.15999999999
1749945600000,2025-06-15,BTCUSDT,105414.63,106128.57,104494.53,105594.01,7164.20047,754596887.8748003,1564768,106794.53,-237.42236474454617,105297.01599999999,106025.95449999999
1749859200000,2025-06-14,BTCUSDT,106066.59,106252.0,104300.0,105414.64,8798.93969,925568614.1784064,1521776,105594.01,-348.5264192545772,105448.226,105897.47450000001
1749772800000,2025-06-13,BTCUSDT,105671.74,106179.53,102664.31,106066.59,26180.81734,2735461890.6929703,5452577,105414.64,-735.1416921508668,105684.188,105721.56499999999
1749686400000,2025-06-12,BTCUSDT,108645.13,108813.55,105671.72,105671.73,17778.67218,1908309274.086835,3517420,106066.59,-565.4803070577808,105908.3,105562.67149999998
1749600000000,2025-06-11,BTCUSDT,110274.39,110392.01,108064.0,108645.12,13115.91638,1434884639.7506304,2667014,105671.73,750.5795146181833,106278.41799999999,105710.8705
1749513600000,2025-06-10,BTCUSDT,110263.02,110400.0,108331.03,110274.39,17071.82839,1867620550.1921728,3003420,108645.12,272.4843071153008,107214.49399999999,105867.26499999998
1749427200000,2025-06-09,BTCUSDT,105734.01,110530.17,105318.37,110263.02,19975.37451,2154922022.221173,2839846,110274.39,231.70362074946857,108184.17,105962.56949999998
1749340800000,2025-06-08,BTCUSDT,105552.15,106488.14,104964.14,105734.0,8048.06305,850887129.4282976,1295154,110263.02,239.42492133338072,108117.652,105884.43000000001
1749254400000,2025-06-07,BTCUSDT,104288.43,105900.0,103871.09,105552.15,8344.93206,877915380.954823,1402494,105734.0,299.07696073004035,108093.73599999999,105809.65800000001
1749168000000,2025-06-06,BTCUSDT,101508.69,105333.0,101095.8,104288.44,15839.07385,1642382404.935575,2709327,105552.15,917.4375283961848,107222.4,105676.727
1749081600000,2025-06-05,BTCUSDT,104696.86,105909.71,100372.26,101508.68,22321.50154,2301567892.5305448,3963295,104288.44,-245.28192869002595,105469.25799999999,105385.13200000001
1748995200000,2025-06-04,BTCUSDT,105376.9,106000.0,104179.0,104696.86,14034.89482,1476928482.368878,2274464,101508.68,-5626.658593091863,104356.026,105315.825
1748908800000,2025-06-03,BTCUSDT,105858.0,106794.67,104872.5,105376.89,13259.52634,1402493746.5993218,2470698,104696.86,1376.5174635469618,104284.604,105317.973
1748822400000,2025-06-02,BTCUSDT,105642.93,105935.63,103659.88,105857.99,13453.98813,1409004206.9863732,2997656,105376.89,-1025.4682127832332,104345.772,105562.679
1748736000000,2025-06-01,BTCUSDT,104591.88,105866.91,103752.49,105642.93,9709.70006,1016188486.9505996,1939359,105857.99,19631.888798038024,104616.67,105738.825
1748649600000,2025-05-31,BTCUSDT,103985.47,104900.0,103068.55,104591.88,11289.35922,1174000801.507038,2343787,105642.93,-1167.2808595459285,105233.31000000001,105803.51950000001
1748563200000,2025-05-30,BTCUSDT,105589.75,106313.12,103621.0,103985.48,23706.49799,2493078549.591861,4307572,104591.88,-430.153619943204,105091.03400000001,105769.86399999999
1748476800000,2025-05-29,BTCUSDT,107781.78,108891.91,105322.86,105589.75,19834.70116,2128639017.5081615,3774926,103985.48,-12876.604049768755,105133.606,105805.0125
1748390400000,2025-05-28,BTCUSDT,108938.17,109284.7,106769.43,107781.78,15633.78829,1689136748.513031,2933262,105589.75,-1132.216739639083,105518.36399999999,105966.54299999999
1748304000000,2025-05-27,BTCUSDT,109434.78,110718.0,107516.57,108938.17,21276.65635,2327603851.1192646,3735509,107781.78,-696.142850728174,106177.41200000001,106073.725
1748217600000,2025-05-26,BTCUSDT,109004.2,110422.22,108670.58,109434.79,14649.11593,1605578282.1079032,2887863,108938.17,-1183.0795793438867,107145.99399999999,106265.764
1748131200000,2025-05-25,BTCUSDT,107761.9,109299.99,106600.64,109004.19,17710.04695,1904366455.425858,3151168,109434.79,299.6345778074058,108149.736,106445.2415
1748044800000,2025-05-24,BTCUSDT,107318.3,109506.03,106875.41,107761.91,16782.53129,1819958819.7748585,2805418,109004.19,443.4246252986735,108584.16799999999,106530.00749999999
1747958400000,2025-05-23,BTCUSDT,111696.22,111800.0,106800.0,107318.3,31737.72309,3469704446.390405,5251192,107761.91,323.4017413345834,108491.472,106612.33599999998
1747872000000,2025-05-22,BTCUSDT,109643.99,111980.0,109177.37,111696.21,31630.77313,3509432834.573417,5794216,107318.3,139.155712915692,109043.08,106764.89050000001
1747785600000,2025-05-21,BTCUSDT,106850.0,110797.38,106100.01,109643.99,45531.040345,4914709514.320026,6835279,111696.21,222.1156508925376,109084.92000000001,106733.3705
1747699200000,2025-05-20,BTCUSDT,105573.73,107320.0,104184.72,106849.99,23705.48275,2509102444.6695986,3878351,109643.99,699.7705518973572,108654.08,106562.719
1747612800000,2025-05-19,BTCUSDT,106454.27,107108.62,102000.0,105573.74,30260.03524,3150324504.5954514,4881371,106849.99,-3457.245382585755,108216.446,106554.706
1747526400000,2025-05-18,BTCUSDT,103126.65,106660.0,103105.09,106454.26,21599.98726,2262214972.0749383,3193300,105573.74,1319.776169992478,108043.638,106599.8115
1747440000000,2025-05-17,BTCUSDT,103463.9,103709.86,102612.5,103126.65,11250.89622,1160418362.950618,2568597,106454.26,-730.7890228837733,106329.726,106541.722
1747353600000,2025-05-16,BTCUSDT,103763.71,104550.33,103100.49,103463.9,15683.88024,1628832372.324148,3237442,103126.65,-2117.6022853636946,105093.70800000001,106639.48300000001
1747267200000,2025-05-15,BTCUSDT,103507.83,104192.7,101383.07,103763.71,17998.98604,1850183474.529204,4139477,103463.9,-533.4236927997216,104476.452,106592.8255
1747180800000,2025-05-14,BTCUSDT,104103.72,104356.95,102602.05,103507.82,16452.9081,1704708279.3884108,3025221,103763.71,-176.6160656627581,104063.26800000001,106499.372
1747094400000,2025-05-13,BTCUSDT,102791.32,104976.25,101429.7,104103.72,21253.42409,2197244118.1523666,3703531,103507.82,-144.54612210282454,103593.16,106411.65849999999
1747008000000,2025-05-12,BTCUSDT,104118.0,105819.45,100718.37,102791.32,31272.77792,3242348937.383069,5298407,104103.72,-97.7108348498603,103526.094,106269.07800000001
1746921600000,2025-05-11,BTCUSDT,104809.53,104972.0,103345.06,104118.0,17987.12197,1873381777.2124252,3100176,102791.32,-160.0033973300258,103656.91400000002,106245.384
1746835200000,2025-05-10,BTCUSDT,102971.99,104984.57,102818.76,104809.53,15324.78611,1588386278.502415,2227845,104118.0,-288.2284800737026,103866.07800000001,106286.5865
1746748800000,2025-05-09,BTCUSDT,103261.61,104361.3,102315.14,102971.99,27617.39907,2847518447.981513,4406929,104809.53,-195.78907164928404,103758.912,106155.69849999998
1746662400000,2025-05-08,BTCUSDT,97030.5,104145.76,96876.29,103261.6,34962.02847,3508645830.5650144,4991147,102971.99,-52.41854691562489,103590.488,105929.68950000001
1746576000000,2025-05-07,BTCUSDT,96834.02,97732.0,95784.61,97030.5,16644.83854,1611730124.5924544,2849139,103261.6,-35.052154479053684,102438.324,105334.30600000001
1746489600000,2025-05-06,BTCUSDT,94733.68,96920.65,93377.0,96834.02,16122.64513,1526847764.5636685,2512960,97030.5,-44.14250442044042,100981.528,104704.26749999999
1746403200000,2025-05-05,BTCUSDT,94277.61,95199.0,93514.1,94733.68,17251.18189,1626999380.1759968,2623300,96834.02,-40.786674612502,98966.35800000001,103990.742
1746316800000,2025-05-04,BTCUSDT,95856.42,96304.48,94151.38,94277.62,11036.38342,1053542403.8531588,1674726,94733.68,-29.078464995269627,97227.48400000001,103316.5275
1746230400000,2025-05-03,BTCUSDT,96887.13,96935.67,95753.01,95856.42,9723.34838,935906144.9651498,1181239,94277.62,-70.41840491978942,95746.448,102743.4335
1746144000000,2025-05-02,BTCUSDT,96489.9,97895.68,96350.0,96887.14,14905.74811,1446387651.5840576,2698263,95856.42,-88.38774715817524,95717.776,102002.98000000001
1746057600000,2025-05-01,BTCUSDT,94172.0,97424.02,94130.43,96489.91,21380.45343,2053857614.2732673,2925716,96887.14,-75.79587010915873,95648.954,101345.276
1745971200000,2025-04-30,BTCUSDT,94256.82,95228.45,92910.0,94172.0,17661.2751,1664825670.9831252,3214149,96489.91,-59.05469471347976,95536.61799999999,100711.3765
1745884800000,2025-04-29,BTCUSDT,95011.18,95461.53,93742.54,94256.82,16955.3402,1607154803.4675474,3020875,94172.0,-50.799337862677675,95532.458,100145.53050000001
1745798400000,2025-04-28,BTCUSDT,93749.29,95630.0,92800.01,95011.18,22157.53351,2092532996.5551715,3424740,94256.82,-73.9899282018059,95363.41,99573.3765
1745712000000,2025-04-27,BTCUSDT,94628.0,95369.0,93602.58,93749.3,11162.841,1052334792.1866188,1918160,95011.18,-42.723195771890374,94735.842,99104.50899999999
1745625600000,2025-04-26,BTCUSDT,94638.68,95199.0,93870.69,94628.0,9415.06875,889627361.8414446,1475983,93749.3,-45.34691740828731,94363.45999999999,98662.714
1745539200000,2025-04-25,BTCUSDT,93980.47,95758.04,92855.96,94638.68,27500.66648,2596877713.640173,3331828,94628.0,-55.532435490819154,94456.796,98206.4625
1745452800000,2025-04-24,BTCUSDT,93691.07,94005.0,91660.01,93980.47,19497.06071,1811120137.314679,2797383,94638.68,-46.740860218529264,94401.526,97730.095
1745366400000,2025-04-23,BTCUSDT,93442.99,94696.05,91935.41,93691.08,27404.16808,2560279933.947952,3016536,93980.47,-129.90519311736742,94137.50600000001,97209.463
1745280000000,2025-04-22,BTCUSDT,87516.22,93888.0,87076.03,93442.99,43872.74705,3967785064.1281695,3268475,93691.08,-127.9280926444174,94076.244,96742.0465
1745193600000,2025-04-21,BTCUSDT,85179.24,88465.99,85144.76,87516.23,31773.37262,2773299591.467066,3041395,93442.99,-60.10543890155094,92653.89,95911.958
1745107200000,2025-04-20,BTCUSDT,85077.0,85320.76,83949.52,85179.24,8091.67725,685253644.8918362,944130,87516.23,-47.679696825148994,90762.00200000001,94930.4435
1745020800000,2025-04-19,BTCUSDT,84474.7,85677.99,84364.45,85077.01,9666.58153,823222752.2842493,875226,85179.24,-25.5976904116272,88981.31,94035.6945
1744934400000,2025-04-18,BTCUSDT,84947.92,85132.08,84303.96,84474.69,6529.96315,552648483.6474872,840009,85077.01,-13.9260178288733,87138.03199999999,93096.349
1744848000000,2025-04-17,BTCUSDT,84030.38,85470.01,83736.26,84947.91,13728.84772,1161659427.386263,2003405,84474.69,-19.076243285392337,85439.01599999999,92492.2195
1744761600000,2025-04-16,BTCUSDT,83643.99,85500.0,83111.64,84030.38,20867.24519,1753910031.2009242,3264730,84947.91,-21.710338190545343,84741.84599999999,91852.0375
1744675200000,2025-04-15,BTCUSDT,84591.58,86496.42,83600.0,83643.99,20910.99528,1780972414.3956006,2910533,84030.38,-19.947177143136912,84434.796,91297.55299999999
1744588800000,2025-04-14,BTCUSDT,83760.0,85799.99,83678.0,84591.58,28659.09348,2429132805.081529,3921522,83643.99,-22.17158048293591,84337.71,90813.251
1744502400000,2025-04-13,BTCUSDT,85276.91,86100.0,83034.23,83760.0,24680.04181,2086106375.4392557,3275879,84591.58,-23.12664551069632,84194.772,90208.43000000001
1744416000000,2025-04-12,BTCUSDT,83423.83,85905.0,82792.95,85276.9,18470.74437,1557403252.9267516,2501196,83760.0,-31.529873490819085,84260.56999999999,89627.91799999999
1744329600000,2025-04-11,BTCUSDT,79607.3,84300.0,78969.58,83423.84,34435.43797,2830363945.1787524,4423157,85276.9,-26.19484540127182,84139.26199999999,88974.6145
1744243200000,2025-04-10,BTCUSDT,82615.22,82753.21,78464.36,79607.3,33284.80718,2690294353.8478427,4529545,83423.84,-20.43884543214888,83331.924,88246.37950000001
1744156800000,2025-04-09,BTCUSDT,76322.42,83588.0,74620.0,82615.22,75488.28772,5980231256.222496,7741252,79607.3,-53.6809782716646,82936.652,87664.2995
1744070400000,2025-04-08,BTCUSDT,79163.24,80867.99,76239.9,76322.42,35317.32063,2775277777.102461,5512751,82615.22,-34.72799094889942,81449.13600000001,86729.8615
1743984000000,2025-04-07,BTCUSDT,78430.0,81243.58,74508.0,79163.24,78387.53089,6084614024.150647,9736596,76322.42,-105.18927952745074,80226.40400000001,86000.5585
1743897600000,2025-04-06,BTCUSDT,83537.99,83817.63,77153.83,78430.0,27942.71436,2239085051.1529646,3948493,79163.24,-130.18428741606448,79227.63600000001,85190.65849999999
1743811200000,2025-04-05,BTCUSDT,83889.87,84266.0,82379.95,83537.99,9360.40468,779626577.9013437,1575750,78430.0,-902.8108796506932,80013.774,84635.624
1743724800000,2025-04-04,BTCUSDT,83213.09,84720.0,81659.0,83889.87,32915.53976,2739842666.426737,4992586,83537.99,-2436.017920043743,80268.704,84131.09400000001
1743638400000,2025-04-03,BTCUSDT,82516.28,83998.02,81211.24,83213.09,27337.84135,2259299724.8643928,4117486,83889.87,-793.9209831567506,81646.83799999999,83607.19450000001
1743552000000,2025-04-02,BTCUSDT,85158.35,88500.0,82320.0,82516.29,39931.457,3417279759.8307643,5338238,83213.09,-909.661909133532,82317.448,83060.85949999999
1743465600000,2025-04-01,BTCUSDT,82550.0,85579.46,82432.74,85158.34,20190.39697,1698895702.575468,3328693,82516.29,1083.9733218872843,83663.116,82942.965
1743379200000,2025-03-31,BTCUSDT,82390.0,83943.08,81278.52,82550.01,20569.13885,1696009191.0809648,3964358,85158.34,-757.6306470020598,83465.51999999999,82811.5035
1743292800000,2025-03-30,BTCUSDT,82648.53,83534.64,81565.0,82389.99,9864.49508,816584795.5288126,1907663,82550.01,-1129.010737147907,83165.544,82677.1525
1743206400000,2025-03-29,BTCUSDT,84424.38,84624.73,81644.81,82648.54,11696.39864,970199917.9868716,2172387,82389.99,-540.6112556879569,83052.634,82585.845
1743120000000,2025-03-28,BTCUSDT,87232.01,87515.67,83585.0,84424.38,27182.73169,2309946560.6641135,3236085,82648.54,1597.6422731724786,83434.25200000001,82559.6685
1743033600000,2025-03-27,BTCUSDT,86909.17,87756.39,85800.0,87232.01,17098.03897,1487968807.7079022,2376381,84424.38,246.4707510187274,83848.986,82719.75
1742947200000,2025-03-26,BTCUSDT,87392.88,88275.0,85860.0,86909.17,18408.78485,1606406955.5864637,2380154,87232.01,367.60465305837295,84720.818,82883.009
1742860800000,2025-03-25,BTCUSDT,87498.16,88539.63,86310.0,87392.87,22643.25248,1979571590.8982935,2802815,86909.17,146.95391786241748,85721.394,83023.0735
1742774400000,2025-03-24,BTCUSDT,86082.5,88765.43,85519.09,87498.16,30115.62111,2636765917.9518437,2916713,87392.87,162.36424584759055,86691.318,83209.9815
1742688000000,2025-03-23,BTCUSDT,83840.59,86129.64,83809.75,86082.5,8461.97813,718692319.1499039,1206533,87498.16,176.84325383861471,87022.942,83250.2615
1742601600000,2025-03-22,BTCUSDT,84088.79,84539.17,83625.1,83840.59,5420.22114,456235443.80165213,864481,86082.5,2784.183740912168,86344.65800000001,83271.099
1742515200000,2025-03-21,BTCUSDT,84223.38,84850.33,83175.25,84088.79,11956.97443,1005135519.2560016,2360005,83840.59,4183.219384677298,85780.582,83495.1735
1742428800000,2025-03-20,BTCUSDT,86845.93,87453.67,83655.23,84223.39,22090.30463,1885241921.155652,3252595,84088.79,836.9652578442016,85146.68600000002,83575.582
1742342400000,2025-03-19,BTCUSDT,82715.03,87000.0,82547.16,86845.94,28151.05374,2375813941.943763,3774761,84223.39,255.87310752601203,85016.242,84101.758
1742256000000,2025-03-18,BTCUSDT,84010.02,84021.74,81134.66,82715.03,17610.89883,1450813055.479726,3126371,86845.94,-345.2840613757569,84342.74799999999,84279.3475
1742169600000,2025-03-17,BTCUSDT,82574.52,84756.83,82456.0,84010.03,17214.74358,1437716814.0468738,3014756,82715.03,666.5223764058005,84376.63600000001,84558.349
1742083200000,2025-03-16,BTCUSDT,84338.44,85117.04,81981.12,82574.53,17596.12531,1468056556.296723,2767947,84010.03,5273.306600195255,84073.784,84510.17599999999
1741996800000,2025-03-15,BTCUSDT,83983.19,84676.28,83618.0,84338.44,11324.7332,953445671.8337504,1329670,82574.53,664.9340197644808,84096.79400000001,84532.60449999999
1741910400000,2025-03-14,BTCUSDT,81115.78,85309.71,80818.84,83983.2,26858.52755,2244729595.541172,3290987,84338.44,-2144.448977741477,83524.24600000001,84571.11
1741824000000,2025-03-13,BTCUSDT,83680.12,84336.33,79939.9,81115.78,27546.27412,2260870111.239389,4367093,83983.2,-108.7802453472158,83204.396,84501.08450000001
1741737600000,2025-03-12,BTCUSDT,82932.99,84539.85,80607.65,83680.12,31933.986,2638600996.825396,5253577,81115.78,-285.4582617178429,83138.41399999999,84427.1735
1741651200000,2025-03-11,BTCUSDT,78595.86,83617.4,76606.0,82932.99,48770.06853,3927000827.110792,6983310,83680.12,-195.8323990780028,83210.106,84446.3225
1741564800000,2025-03-10,BTCUSDT,80734.48,84123.46,77459.91,78595.86,47633.38405,3834924947.7581854,8701538,82932.99,-96.92551363130876,82061.59,84256.61600000001
1741478400000,2025-03-09,BTCUSDT,86222.46,86500.0,80000.0,80734.37,26115.39345,2173552660.4544797,5189138,78595.86,-201.32476211311229,81411.824,84160.9075
1741392000000,2025-03-08,BTCUSDT,86801.74,86897.25,85218.47,86222.45,12989.23054,1119358968.6520057,2553974,80734.37,682.457827076318,82433.15800000001,84250.811
1741305600000,2025-03-07,BTCUSDT,89931.88,91283.02,84667.03,86801.75,57980.35713,5097554826.613158,9510442,86222.45,611.3724492804895,83057.48400000001,84229.298
1741219200000,2025-03-06,BTCUSDT,90606.0,92810.64,87836.0,89931.89,34342.44902,3105145628.399399,7643526,86801.75,343.0293422089867,84457.264,84380.434
1741132800000,2025-03-05,BTCUSDT,87281.98,91000.0,86334.53,90606.01,38264.01163,3400243670.304976,8070266,89931.89,468.964673530015,86859.294,84541.091
1741046400000,2025-03-04,BTCUSDT,86221.16,88967.52,81500.0,87281.98,55609.10706,4704901219.590436,10326631,90606.01,386.1088910542049,88168.81599999999,84530.282
1740960000000,2025-03-03,BTCUSDT,94269.99,94416.46,85117.11,86220.61,59171.10218,5321123743.471923,9797860,87281.98,739.100145663128,88168.448,84537.1875
1740873600000,2025-03-02,BTCUSDT,86064.54,95000.0,85050.6,94270.0,54889.09045,4972549515.788669,7403218,86220.61,208.52338555013176,89662.098,85058.658
1740787200000,2025-03-01,BTCUSDT,84349.95,86558.0,83824.78,86064.53,25785.05464,2194003507.852643,3700728,94270.0,1310.701064255051,88888.626,85157.44499999999
1740700800000,2025-02-28,BTCUSDT,84708.57,85120.0,78258.52,84349.94,83648.03969,6806705236.690679,11344216,86064.53,6168.915307847431,87637.412,85163.7725
1740614400000,2025-02-27,BTCUSDT,84250.09,87078.46,82716.49,84708.58,42505.45439,3618738891.222162,6357581,84349.94,639.6826987307942,87122.732,85056.90449999999
1740528000000,2025-02-26,BTCUSDT,88680.39,89414.15,82256.01,84250.09,56893.54409,4898429925.6364765,8490006,84708.58,3582.325385546614,86728.628,85133.6575
1740441600000,2025-02-25,BTCUSDT,91552.88,92540.69,86050.99,88680.4,78333.11111,6962982500.904473,10289145,84250.09,432.3423942262696,85610.70800000001,85367.176
1740355200000,2025-02-24,BTCUSDT,96258.0,96500.0,91349.26,91552.88,31550.10299,2981809595.445377,4972684,88680.4,213.9455677308516,86708.378,85816.0935
1740268800000,2025-02-23,BTCUSDT,96551.01,96650.0,95227.94,96258.0,10884.84913,1044392011.791024,1457368,91552.88,195.1062992354236,89089.99,86412.0715
1740182400000,2025-02-22,BTCUSDT,96181.99,96980.0,95770.49,96551.01,11268.17708,1087077133.8226364,1506418,96258.0,242.94296591199543,91458.476,87040.462
1740096000000,2025-02-21,BTCUSDT,98305.01,99475.0,94871.95,96181.98,32249.2814,3143975917.573464,4528525,96551.01,261.3284535667036,93844.854,87793.772
1740009600000,2025-02-20,BTCUSDT,96644.37,98711.36,96415.09,98305.0,17057.39177,1663386824.7315507,2386973,96181.98,280.73308483944436,95769.774,88525.016
1739923200000,2025-02-19,BTCUSDT,95671.74,96899.99,95029.99,96644.37,16438.50954,1576817572.1032505,2784225,98305.0,378.1154154439286,96788.072,89210.58499999999
1739836800000,2025-02-18,BTCUSDT,95780.01,96753.91,93388.09,95671.74,23368.19471,2223994802.892005,4234248,96644.37,272.1409194065144,96670.81999999999,90064.37899999999
1739750400000,2025-02-17,BTCUSDT,96118.12,97046.59,95205.0,95780.0,16492.0451,1584593526.1754675,2831237,95671.74,239.97587712186655,96516.61799999999,90816.6605
1739664000000,2025-02-16,BTCUSDT,97569.67,97704.47,96046.18,96118.12,8191.4249,794694242.2949731,1596701,95780.0,824.0244139990925,96503.84599999999,91311.444
1739577600000,2025-02-15,BTCUSDT,97500.47,97972.26,97223.58,97569.66,7349.37683,717245393.778092,1694327,96118.12,144.98315099438244,96356.778,91849.8395
1739491200000,2025-02-14,BTCUSDT,96608.13,98826.0,96252.82,97500.48,18173.02646,1768073218.8690157,3499564,97569.66,126.8426999955896,96528.0,92228.269
1739404800000,2025-02-13,BTCUSDT,97870.0,98083.91,95217.36,96608.14,19921.77616,1916988246.3921185,3909456,97500.48,137.16355898873576,96715.28,92528.3755
1739318400000,2025-02-12,BTCUSDT,95778.21,98119.99,94088.23,97869.99,29151.16625,2800142168.3943653,4992737,96608.14,129.1030771151036,97133.278,93057.776
1739232000000,2025-02-11,BTCUSDT,97430.82,98478.42,94876.88,95778.2,18647.76379,1806534846.3863196,3716586,97869.99,185.3165769675111,97065.294,93535.65550000001
1739145600000,2025-02-10,BTCUSDT,96462.75,98345.0,95256.0,97430.82,20572.87537,1999112052.6687863,3475919,95778.2,203.02248747010012,97037.526,93693.6965
1739059200000,2025-02-09,BTCUSDT,96444.75,97323.09,94713.0,96462.75,14120.91613,1359495152.3107977,2293192,97430.82,3530.3638583638754,96829.98000000001,94213.60750000001
1738972800000,2025-02-08,BTCUSDT,96506.8,96880.0,95688.0,96444.74,10147.24294,977040267.5158632,1757892,96462.75,-6526.216241649297,96797.3,94818.3475
1738886400000,2025-02-07,BTCUSDT,96554.35,100137.99,95620.34,96506.8,31794.22065,3107592434.6738343,5012456,96444.74,2154.26082137795,96524.662,95408.2585
1738800000000,2025-02-06,BTCUSDT,96612.44,99120.0,95676.64,96554.35,23515.20405,2289071921.21756,4242807,96506.8,-281.15271470596815,96679.89199999999,96023.4715
1738713600000,2025-02-05,BTCUSDT,97763.14,99149.0,96155.0,96612.43,26233.30444,2562342153.829685,4471763,96554.35,-15591.9849718213,96516.214,96420.073
1738627200000,2025-02-04,BTCUSDT,101328.51,101732.31,96150.0,97763.13,40267.98697,3989698644.2649302,6618911,96612.43,293.14379431861175,96776.29000000001,96730.5855
1738540800000,2025-02-03,BTCUSDT,97700.59,102500.01,91231.0,101328.52,75164.7385,7228589180.711621,10625262,97763.13,172.80121545925783,97753.046,96984.1115
1738454400000,2025-02-02,BTCUSDT,100635.66,101456.6,96150.0,97700.59,34619.49939,3412084312.583628,7202339,101328.52,584.5159781860009,97991.804,97041.59049999999
1738368000000,2025-02-01,BTCUSDT,102429.56,102783.71,100279.51,100635.65,12290.95747,1250354228.2372296,2588786,97700.59,350.07648426772573,98808.064,97264.274
1738281600000,2025-01-31,BTCUSDT,104722.94,106012.0,101560.0,102429.56,21983.18193,2282174002.1952176,4331904,100635.65,254.14925300461772,99971.49,97470.50200000001
1738195200000,2025-01-30,BTCUSDT,103733.25,106457.44,103278.54,104722.94,19374.07472,2038112603.5126407,3990075,102429.56,182.63666387341664,101363.45199999999,97874.4305
1738108800000,2025-01-29,BTCUSDT,101335.52,104782.68,101328.01,103733.24,23155.35802,2380383694.772136,5189699,104722.94,231.2497335095726,101844.396,98277.5055
1738022400000,2025-01-28,BTCUSDT,102082.83,103800.0,100272.68,101335.52,22022.05765,2253977324.0362086,5428644,103733.24,243.98001194820517,102571.382,98555.28150000001
1737936000000,2025-01-27,BTCUSDT,102620.01,103260.0,97777.77,102082.83,50758.1341,5092886322.829245,9368910,101335.52,271.9994153065022,102860.818,98853.51699999999
1737849600000,2025-01-26,BTCUSDT,104746.86,105500.0,102520.44,102620.0,9812.51238,1024352365.4715524,1813011,102082.83,214.2289171302124,102898.906,99106.03400000001
1737763200000,2025-01-25,BTCUSDT,104870.51,105286.52,104106.09,104746.85,9068.32377,949511531.3578016,1770765,102620.0,184.50080762601323,102903.68800000001,99468.35250000001
1737676800000,2025-01-24,BTCUSDT,103910.35,107120.0,102750.0,104870.5,23609.24017,2483818574.373748,4798886,104746.85,183.87854657627616,103131.14000000001,99881.4705
1737590400000,2025-01-23,BTCUSDT,103706.66,106850.0,101262.28,103910.34,53953.12031,5610760848.131639,6961383,104870.5,208.42197991025023,103646.104,100183.488
1737504000000,2025-01-22,BTCUSDT,106143.82,106394.46,103339.12,103706.66,22248.69254,2331144640.658579,4364035,103910.34,215.29355546690743,103970.87,100579.911
1737417600000,2025-01-21,BTCUSDT,102260.0,107240.81,100119.04,106143.82,45941.02002,4768512258.156501,6842980,103706.66,197.5956633642337,104675.634,101015.561
1737331200000,2025-01-20,BTCUSDT,101331.57,109588.0,99550.0,102260.01,89529.231732,9398787064.320717,11597937,106143.82,1395.0219540735927,104178.266,101305.424
1737244800000,2025-01-19,BTCUSDT,104556.23,106422.43,99651.6,101331.57,43397.28298,4513423971.410253,5271920,102260.01,357.87831384364455,103470.48,101549.76550000001
1737158400000,2025-01-18,BTCUSDT,104077.47,104988.88,102277.55,104556.23,24307.82998,2521522119.379525,3403162,101331.57,338.8297139708919,103599.65800000001,101952.23700000001
1737072000000,2025-01-17,BTCUSDT,99987.3,105865.22,99950.77,104077.48,39171.85292,4040993985.475047,3886907,104556.23,697.2535074518182,103673.822,102328.3935
1736985600000,2025-01-16,BTCUSDT,100497.35,100866.66,97335.13,99987.3,27832.85317,2765162040.639799,3762755,104077.48,-194.20395131386655,102442.51800000001,102497.13700000002
1736899200000,2025-01-15,BTCUSDT,96560.85,100681.94,96500.0,100497.35,30509.99179,3006242382.886794,3487945,99987.3,-299.97465921276654,102089.986,102633.848
1736812800000,2025-01-14,BTCUSDT,94536.11,97371.0,94346.22,96560.86,27846.61753,2676048470.3569503,4532923,100497.35,-203.29929251506888,101135.84400000001,102395.465
1736726400000,2025-01-13,BTCUSDT,94545.07,95940.0,89256.69,94536.1,42619.56423,3930666134.3474574,5740963,96560.86,-118.7208234559869,99131.818,102237.2405
1736640000000,2025-01-12,BTCUSDT,94599.99,95450.1,93711.19,94545.06,8606.86622,813278829.6583949,1658863,94536.1,-104.41353124605244,97225.334,101932.711
1736553600000,2025-01-11,BTCUSDT,94726.1,95050.94,93831.73,94599.99,7047.9043,665685994.93301,1496191,94545.06,-62.67367441750443,96147.872,101541.2325
1736467200000,2025-01-10,BTCUSDT,92552.49,95836.0,92206.02,94726.11,31482.86424,2962085343.2837043,5531444,94599.99,-62.71328290808998,94993.62400000001,101041.391
1736380800000,2025-01-09,BTCUSDT,95060.61,95382.32,91203.67,92552.49,34544.83685,3217669887.2453976,6027161,94726.11,-56.01306585313236,94191.95,100482.3535
1736294400000,2025-01-08,BTCUSDT,96954.6,97268.65,92500.9,95060.61,33704.67894,3205849081.112962,5171208,92552.49,-102.59020014920084,94296.852,100168.608
1736208000000,2025-01-07,BTCUSDT,102235.6,102724.38,96181.81,96954.61,32059.87537,3170421659.717236,4480562,95060.61,-90.6154065474614,94778.76200000002,99912.19700000001
1736121600000,2025-01-06,BTCUSDT,98363.61,102480.0,97920.0,102235.6,25263.43375,2540561688.7771435,3853702,96954.61,-55746.94797217082,96305.884,99892.977
1736035200000,2025-01-05,BTCUSDT,98220.51,98836.85,97276.79,98363.61,8095.63723,793931715.9546323,1685799,102235.6,-458.49101739915534,97033.38399999999,99573.815
1735948800000,2025-01-04,BTCUSDT,98174.17,98778.43,97514.79,98220.5,8990.05651,881223751.6353604,1559982,98363.61,-163.88277278229987,98166.986,99241.315
1735862400000,2025-01-03,BTCUSDT,96984.79,98976.91,96100.01,98174.18,15253.82936,1486610768.5907917,2851164,98220.5,-175.8875544187148,98789.7,98954.507
1735776000000,2025-01-02,BTCUSDT,94591.78,97839.5,94392.0,96984.79,21970.48948,2118411852.6812797,3569079,98174.18,-345.81633366749696,98795.736,98618.4135
1735689600000,2025-01-01,BTCUSDT,93576.0,95151.15,92888.0,94591.79,10373.32613,975444194.1379983,1516556,96984.79,-167.18346778290248,97266.974,98040.812
1735603200000,2024-12-31,BTCUSDT,92792.05,96250.0,92033.73,93576.0,19612.03389,1845718801.922704,3347847,94591.79,-330.7733026004568,96309.452,97606.6115
1735516800000,2024-12-30,BTCUSDT,93738.19,95024.5,91530.45,92792.05,27619.4225,2573126059.769478,5560563,93576.0,-566.10303603681,95223.762,97179.6355
1735430400000,2024-12-29,BTCUSDT,95300.0,95340.0,93009.52,93738.2,13576.00578,1278370863.9768472,2865838,92792.05,-1339.799965297574,94336.566,96638.734
1735344000000,2024-12-28,BTCUSDT,94299.03,95733.99,94135.66,95300.0,8385.8929,794651624.8349556,2732061,93738.2,1759.572006114211,93999.60800000001,96199.86
1735257600000,2024-12-27,BTCUSDT,95791.6,97544.58,93500.01,94299.03,26501.26429,2528567849.779461,5718866,95300.0,-2854.5143766975693,93941.056,95915.44649999999
1735171200000,2024-12-26,BTCUSDT,99429.61,99963.7,95199.14,95791.6,21192.36727,2049123567.3867724,5203490,94299.03,422.4503027066079,94384.176,95680.159
1735084800000,2024-12-25,BTCUSDT,98663.58,99569.15,97632.02,99429.6,14474.1651,1426143976.0493636,3283028,95791.6,339.0602862446469,95711.686,95823.59599999999
1734998400000,2024-12-24,BTCUSDT,94881.47,99487.99,93569.02,98663.58,23674.22488,2287214424.706476,3421549,99429.6,755.9822583193386,96696.762,96029.97
1734912000000,2024-12-23,BTCUSDT,95186.28,96538.92,92520.0,94881.47,32810.76703,3100007213.494563,5464919,98663.58,-103.86707877070432,96613.05600000001,96046.7905
1734825600000,2024-12-22,BTCUSDT,97292.0,97448.08,94250.35,95186.27,19353.83036,1857819866.3604,3633551,94881.47,-249.99905581398315,96790.504,96076.1045
1734739200000,2024-12-21,BTCUSDT,97805.44,99540.61,96398.39,97291.99,23483.54143,2296232055.195926,3717638,95186.27,-1082.2759044059917,97090.58200000001,96204.3985
1734652800000,2024-12-20,BTCUSDT,97461.86,98233.0,92232.54,97805.44,62884.1357,6022845238.832326,7429007,97291.99,-2864.481748657654,96765.75,96467.046
1734566400000,2024-12-19,BTCUSDT,100204.01,102800.11,95700.0,97461.86,55147.398,5487546517.707753,7273941,97805.44,2214.0335799777504,96525.406,96587.1085
1734480000000,2024-12-18,BTCUSDT,106133.74,106524.98,100000.0,100204.01,50307.99755,5194263316.259237,8762120,97461.86,237.06554625442337,97589.91400000002,96749.5785
1734393600000,2024-12-17,BTCUSDT,106058.65,108353.0,105321.49,106133.74,29064.936466,3103833327.7751064,7212799,100204.01,153.16744891994898,99779.40800000001,96944.48550000001
1734307200000,2024-12-16,BTCUSDT,104463.99,107793.07,103333.0,106058.66,41302.40274,4364964400.634553,8048054,106133.74,144.98330771764608,101532.742,97329.238
1734220800000,2024-12-15,BTCUSDT,101420.0,105250.0,101237.14,104463.99,22228.921775,2290462903.8357916,3638809,106058.66,170.50697431144937,102864.452,97641.4125
1734134400000,2024-12-14,BTCUSDT,101424.24,102650.0,100609.41,101420.0,14191.70326,1441594367.0463192,3374538,104463.99,273.30751633986944,103656.08,97803.7035
1734048000000,2024-12-13,BTCUSDT,100004.29,101895.26,99205.0,101424.25,21904.03923,2203903393.0741005,5481660,101420.0,234.80917080455075,103900.128,98025.6765
1733961600000,2024-12-12,BTCUSDT,101125.0,102540.0,99311.64,100004.29,29232.08745,2949462583.8661704,8066322,101424.25,361.71899665059726,102674.238,98296.3015
1733875200000,2024-12-11,BTCUSDT,96593.0,101888.0,95658.24,101125.0,37753.78291,3745703763.01845,8250511,100004.29,750.3132004246823,101687.50600000001,98673.7515
1733788800000,2024-12-10,BTCUSDT,97276.48,98270.0,94256.54,96593.0,51708.68933,4988660195.092429,11556189,101125.0,-614.3597446126198,100113.308,98863.799
1733702400000,2024-12-09,BTCUSDT,101109.6,101215.93,94150.05,97276.47,53949.11595,5283626995.705648,8445872,96593.0,559.6776617954076,99284.602,99040.7125
1733616000000,2024-12-08,BTCUSDT,99831.99,101351.0,98657.7,101109.59,14612.99688,1459576946.402151,2994709,97276.47,285.86333340086344,99221.67000000001,99331.19200000001
1733529600000,2024-12-07,BTCUSDT,99740.84,100439.18,98844.0,99831.99,14931.9459,1487953846.838546,2634566,101109.59,583.7354330708667,99187.20999999999,99607.84
1733443200000,2024-12-06,BTCUSDT,96945.63,101898.99,95981.72,99740.84,45049.5331,4456641685.364444,6919102,99831.99,739.5592642347863,98910.378,99805.302
1733356800000,2024-12-05,BTCUSDT,98587.32,104088.0,90500.0,96945.63,109921.729662,11048002942.149933,12012364,99740.84,-2772.684656064186,98980.90400000001,99681.1035
1733270400000,2024-12-04,BTCUSDT,95849.69,99000.0,94587.83,98587.32,43850.53728,4241994533.7861056,6648724,96945.63,-817.2853175315075,99243.074,99677.2905
1733184000000,2024-12-03,BTCUSDT,95840.61,96305.52,93578.17,95849.69,35827.32283,3413995542.018656,5361712,98587.32,-70.8207369664675,98191.094,99725.7015
1733097600000,2024-12-02,BTCUSDT,97185.17,98130.0,94395.0,95840.62,37958.66981,3646639621.737588,7560103,95849.69,-71.2782490575492,97392.81999999999,99758.419
1733011200000,2024-12-01,BTCUSDT,96407.99,97836.0,95693.88,97185.18,16938.60452,1641327626.6062205,3342200,95840.62,-118.53311186856078,96881.68800000001,99753.0785
1732924800000,2024-11-30,BTCUSDT,97460.0,97463.95,96092.01,96407.99,14503.83306,1402672950.6998208,3354759,97185.18,-172.14251368213576,96774.16,99683.206
1732838400000,2024-11-29,BTCUSDT,95643.99,98619.99,95364.99,97460.0,27701.78231,2690451030.634288,5094070,96407.99,-244.07037901242344,96548.696,99683.113
1732752000000,2024-11-28,BTCUSDT,95863.11,96564.0,94640.0,95643.98,28814.54357,2749861591.2596097,4988161,97460.0,-221.90073641553025,96507.554,99455.1115
1732665600000,2024-11-27,BTCUSDT,91965.16,97208.21,91792.14,95863.11,41153.42734,3894358511.6175647,6648690,95643.98,-166.74578906058463,96512.052,98941.57999999999
1732579200000,2024-11-26,BTCUSDT,93010.01,94973.37,90791.1,91965.16,57858.73138,5370918648.818167,10225809,95863.11,-189.5912563960724,95468.048,98236.905
1732492800000,2024-11-25,BTCUSDT,97900.05,98871.8,92600.19,93010.01,50847.45096,4883444806.322194,8289691,91965.16,-214.12037145549175,94788.452,97664.206
1732406400000,2024-11-24,BTCUSDT,97672.4,98564.0,95734.77,97900.04,31200.97838,3034172011.951788,4964720,93010.01,-317.56071723450253,94876.45999999999,97488.208
1732320000000,2024-11-23,BTCUSDT,98892.0,98908.85,97136.0,97672.4,24757.84367,2431609866.329514,3839138,97900.04,-471.9539357007551,95282.144,97300.6155
1732233600000,2024-11-22,BTCUSDT,98317.12,99588.01,97122.11,98892.0,46189.309243,4555536773.363205,7271311,97672.4,-1344.4076622213895,95887.92199999999,97245.001
1732147200000,2024-11-21,BTCUSDT,94286.56,98988.0,94040.0,98317.12,69228.360477,6722807908.325656,9048605,98892.0,832.0782506616932,97158.31399999998,97104.60699999999
1732060800000,2024-11-20,BTCUSDT,92310.8,94831.97,91500.0,94286.56,42203.198712,3950932314.6460686,7365987,98317.12,-227.1733368055872,97413.62399999998,96989.285
1731974400000,2024-11-19,BTCUSDT,90464.07,93905.51,90357.0,92310.79,43660.04682,4025108502.8496137,5647789,94286.56,-276.0795727485934,96295.774,96741.001
1731888000000,2024-11-18,BTCUSDT,89855.98,92594.0,89376.9,90464.08,46545.03448,4239909950.6618943,7161125,92310.79,-181.7187261696185,94854.11,96208.7255
1731801600000,2024-11-17,BTCUSDT,90587.98,91449.99,88722.0,89855.99,23867.55609,2153871724.810395,4930719,90464.08,-114.95977045212382,93046.90800000001,95709.9255
1731715200000,2024-11-16,BTCUSDT,91032.08,91779.66,90056.17,90586.92,22717.87689,2067958511.9048476,4239455,89855.99,-157.30011836311843,91500.868,95252.2295
1731628800000,2024-11-15,BTCUSDT,87325.59,91850.0,87073.38,91032.07,47927.95068,4276238971.181429,8009111,90586.92,-133.00844906525137,90849.97,94956.5515
1731542400000,2024-11-14,BTCUSDT,90375.21,91790.0,86668.21,87325.59,56729.51086,5073860815.928665,9828858,91032.07,-102.78058614707896,89852.93000000001,94393.465
1731456000000,2024-11-13,BTCUSDT,87952.0,93265.64,86127.99,90375.2,86763.854127,7790928962.043038,11962100,87325.59,-207.36801441714584,89835.15400000001,94119.7405
1731369600000,2024-11-12,BTCUSDT,88648.0,89940.0,85072.0,87952.01,97299.887911,8540084566.279819,11499058,90375.2,-283.57200702689846,89454.35800000001,93725.31
1731283200000,2024-11-11,BTCUSDT,80370.01,89530.54,80216.01,88647.99,82323.665776,6944268709.942721,9348890,87952.01,-252.89430126409425,89066.572,93298.45049999999
1731196800000,2024-11-10,BTCUSDT,76677.46,81500.0,76492.0,80370.01,61830.100435,4905441473.900737,7128598,88647.99,-35.03285504930693,86934.16,92496.55149999999
1731110400000,2024-11-09,BTCUSDT,76509.78,76900.0,75714.66,76677.46,16942.07915,1294709001.60289,2585264,80370.01,-29.251191001260395,84804.53400000001,91457.4245
1731024000000,2024-11-08,BTCUSDT,75857.89,77199.99,75555.0,76509.78,36521.099583,2784449097.5315185,4877489,76677.46,-21.989194994955863,82031.45,90500.7145
1730937600000,2024-11-07,BTCUSDT,75571.99,76849.99,74416.0,75857.89,44869.422345,3391796661.9719553,5207722,76509.78,-21.91379668848849,79612.626,89500.4535
1730851200000,2024-11-06,BTCUSDT,69372.01,76400.0,69298.0,75571.99,104126.994787,7702283270.25801,8434184,75857.89,-26.29860050217566,76997.426,88680.795
1730764800000,2024-11-05,BTCUSDT,67850.01,70577.91,67476.63,69372.01,33355.06888,2310418908.069922,4955644,75571.99,-21.455674626113563,74797.826,87498.89499999999
1730678400000,2024-11-04,BTCUSDT,68775.99,69500.0,66835.0,67850.01,29800.39187,2033902307.002776,5377048,69372.01,-21.763751505147056,73032.33600000001,85996.3935
1730592000000,2024-11-03,BTCUSDT,69374.74,69391.0,67478.73,68775.99,24995.70243,1709666206.4062023,3668029,67850.01,-27.7402751423151,71485.57800000001,84551.573
1730505600000,2024-11-02,BTCUSDT,69496.0,69914.37,69000.14,69374.74,10521.67243,731232427.6311549,1603561,68775.99,-26.944283897270495,70188.948,83075.70999999999
1730419200000,2024-11-01,BTCUSDT,70292.01,71632.95,68820.14,69496.01,38301.86755,2677358022.00497,4569271,69374.74,-25.03517356470964,68973.75200000001,81634.6545
1730332800000,2024-10-31,BTCUSDT,72344.75,72700.0,69685.76,70292.01,29352.10297,2091144977.4946847,4525542,69496.01,-36.32583402901804,69157.75200000001,80434.927
1730246400000,2024-10-30,BTCUSDT,72736.41,72961.0,71436.0,72344.74,26885.99056,1941210537.2882867,4040734,70292.01,-28.78856113487967,70056.698,79436.6245
1730160000000,2024-10-29,BTCUSDT,69962.21,73620.12,69760.0,72736.42,50128.60594,3602465986.8917575,5645430,72344.74,-36.688620027222186,70848.784,78550.24149999999
1730073600000,2024-10-28,BTCUSDT,68021.69,70270.0,67618.0,69962.21,29046.75459,2005105729.8174448,4432446,72736.42,-26.15042026610611,70966.278,77555.55249999999
1729987200000,2024-10-27,BTCUSDT,67092.76,68332.05,66913.73,68021.7,8653.19592,585006148.4704809,1771989,69962.21,-39.57148792020936,70671.416,76427.2915
1729900800000,2024-10-26,BTCUSDT,66698.32,67454.55,66439.9,67092.76,11842.9077,792887047.147892,2373501,68021.7,-50.98135570231719,70031.56599999999,75230.326
1729814400000,2024-10-25,BTCUSDT,68198.27,68771.49,65596.29,66698.33,34479.71125,2320667435.293254,5332593,67092.76,-49.803138170199134,68902.284,74198.963
1729728000000,2024-10-24,BTCUSDT,66668.65,68850.0,66510.0,68198.28,22589.83877,1526736320.912938,3797462,66698.33,-83.37709100071675,67994.656,73090.117
1729641600000,2024-10-23,BTCUSDT,67426.01,67472.83,65260.0,66668.65,25530.2407,1695101430.9187465,3807365,68198.28,-71.72993505807926,67335.94399999999,72025.949
1729555200000,2024-10-22,BTCUSDT,67377.5,67836.01,66571.42,67426.0,24598.96268,1654285791.6605556,3669291,66668.65,-367.095235892931,67216.804,70964.84949999998
1729468800000,2024-10-21,BTCUSDT,69032.0,69519.52,66840.67,67377.5,31374.42184,2130833593.5466976,3686777,67426.0,-1511.8642991682907,67273.75200000001,70315.224
1729382400000,2024-10-20,BTCUSDT,68377.99,69400.0,68100.0,69031.99,12442.47378,854082429.8105861,1563795,67377.5,3075.0859374999964,67740.484,69932.9505
1729296000000,2024-10-19,BTCUSDT,68427.99,68693.26,68010.0,68378.0,8193.66737,559628628.9613105,1152428,69031.99,-729.7259064550383,67776.428,69526.3615
1729209600000,2024-10-18,BTCUSDT,67421.78,69000.0,67192.36,68428.0,28725.635,1959735899.8769648,4010969,68378.0,-674.3569816762056,68128.298,69154.867
1729123200000,2024-10-17,BTCUSDT,67620.0,67939.4,66666.0,67421.78,25328.22861,1702164439.5654595,3981960,68428.0,-223.19465687418855,68127.454,68747.3565
1729036800000,2024-10-16,BTCUSDT,67074.14,68424.0,66750.49,67620.01,29938.25544,2024560410.1062677,5109685,67421.78,-96.33778014828334,68175.956,68659.75649999999
1728950400000,2024-10-15,BTCUSDT,66084.0,67950.0,64800.01,67074.14,43683.95423,2894021862.319518,6245619,67620.01,-73.46899128972788,67784.386,68620.963
1728864000000,2024-10-14,BTCUSDT,62870.02,66500.0,62457.81,66083.99,37669.95222,2450094472.8135448,4977577,67074.14,-107.26622007003218,67325.584,68486.363
1728777600000,2024-10-13,BTCUSDT,63206.23,63285.72,62050.0,62870.02,11909.21995,746564374.2082387,2242529,66083.99,-80.75074538791239,66213.988,68161.12700000001
1728691200000,2024-10-12,BTCUSDT,62539.99,63480.0,62487.23,63206.22,10911.30116,686978508.9887543,1770837,62870.02,-115.68696063851178,65370.876000000004,67846.6375
1728604800000,2024-10-11,BTCUSDT,60326.4,63417.56,60087.64,62540.0,23641.35209,1462219576.849865,3222180,63206.22,-108.12561773596627,64354.873999999996,67459.037
1728518400000,2024-10-10,BTCUSDT,60636.01,61321.68,58946.0,60326.39,23967.92481,1445604381.9363792,3872577,62540.0,-38.062904842420465,63005.324,66858.1195
1728432000000,2024-10-09,BTCUSDT,62160.5,62543.75,60301.0,60636.02,20011.15684,1234778807.5932417,3668363,60326.39,-54.80031097547854,61915.73,66253.0995
1728345600000,2024-10-08,BTCUSDT,62224.01,63200.0,61860.31,62160.49,19702.22371,1230076253.818657,3798438,60636.02,-77.35281102875129,61773.824,65863.0135
1728259200000,2024-10-07,BTCUSDT,62819.91,64478.19,62128.0,62224.0,25966.1852,1646315506.5791943,4809342,62160.49,-80.26642087901436,61577.380000000005,65573.12849999999
1728172800000,2024-10-06,BTCUSDT,62058.01,62975.0,61798.97,62819.91,8906.86177,555669634.4773513,1556553,62224.0,-49.54781651234376,61633.362,65359.486
1728086400000,2024-10-05,BTCUSDT,62086.0,62370.56,61689.26,62058.0,7807.46141,484588468.3419123,1183175,62819.91,-48.7017405063292,61979.683999999994,65127.46950000001
1728000000000,2024-10-04,BTCUSDT,60752.72,62484.85,60459.9,62086.0,21294.65994,1311145630.5020497,3798631,62058.0,-48.1859035004731,62269.68000000001,64821.855500000005
1727913600000,2024-10-03,BTCUSDT,60649.27,61477.19,59828.11,60752.71,26221.43472,1590773866.8074436,5244004,62086.0,-45.82273090550865,61988.123999999996,64526.0585
1727827200000,2024-10-02,BTCUSDT,60804.92,62390.31,60000.0,60649.28,31534.70118,1928377637.836784,5313210,60752.71,-40.99599324604469,61673.18000000001,64187.222499999996
1727740800000,2024-10-01,BTCUSDT,63327.6,64130.63,60164.0,60805.78,43671.48108,2723672081.8326254,5607069,60649.28,-48.086261797344264,61270.35400000001,63858.63650000001
1727654400000,2024-09-30,BTCUSDT,65602.01,65618.8,62856.3,63327.59,30011.08752,1920250261.744216,3978584,60805.78,-200.84276592657056,61524.272,63573.41649999999
1727568000000,2024-09-29,BTCUSDT,65858.0,66076.12,65432.0,65602.01,8337.74111,547980013.7152303,1413449,63327.59,285.88867455591014,62227.474,63434.61699999999
1727481600000,2024-09-28,BTCUSDT,65769.95,66260.0,65422.23,65858.0,9127.23316,600118483.1222521,1341703,65602.01,291.51136217936664,63248.53199999999,63306.11699999999
1727395200000,2024-09-27,BTCUSDT,65173.99,66498.0,64819.9,65769.95,22048.80487,1448852210.3602211,3498529,65858.0,239.33002058855436,64272.666000000005,63223.5255
1727308800000,2024-09-26,BTCUSDT,63152.01,65839.0,62670.0,65173.99,28373.30593,1831204595.9448967,4361333,65769.95,159.46530241769136,65146.308,63101.2245
1727222400000,2024-09-25,BTCUSDT,64262.7,64817.99,62947.08,63152.01,17813.11168,1135250828.2732148,3355531,65173.99,294.93797670102003,65111.192,62905.117999999995
1727136000000,2024-09-24,BTCUSDT,63339.99,64688.0,62700.0,64262.7,23185.04759,1472720338.8562915,3870157,63152.01,333.3078046436848,64843.33,62814.053499999995
1727049600000,2024-09-23,BTCUSDT,63578.76,64745.88,62538.75,63339.99,24078.05287,1531015038.368027,3999187,64262.7,622.1668652944927,64339.728,62837.552
1726963200000,2024-09-22,BTCUSDT,63348.97,64000.0,62357.93,63578.76,14242.19892,897477338.3735126,2145736,63339.99,867.9159254134557,63901.48999999999,62856.179000000004
1726876800000,2024-09-21,BTCUSDT,63201.05,63559.9,62758.0,63348.96,8375.34608,528657852.3183024,1283611,63578.76,510.1769226002358,63536.484,62896.627
1726790400000,2024-09-20,BTCUSDT,62948.0,64133.32,62350.0,63201.05,25466.37794,1611195963.9908044,3969296,63348.96,588.1512039818822,63546.291999999994,63040.36
1726704000000,2024-09-19,BTCUSDT,61759.98,63850.0,61555.0,62947.99,34332.52608,2153175931.173872,4438284,63201.05,298.74002405160184,63283.35,63155.95849999999
1726617600000,2024-09-18,BTCUSDT,60313.99,61786.24,59174.8,61759.99,36087.02469,2174000496.820776,5167671,62947.99,590.4493522161503,62967.35,63135.93350000001
1726531200000,2024-09-17,BTCUSDT,58213.99,61320.0,57610.01,60313.99,33116.25878,1983378424.775704,3918209,61759.99,-1301.7100795054791,62314.39599999999,63040.433000000005
1726444800000,2024-09-16,BTCUSDT,59132.0,59210.7,57493.3,58213.99,26477.5642,1543273198.7027452,3145152,60313.99,-75.8735528785983,61287.402,62810.137
1726358400000,2024-09-15,BTCUSDT,59993.02,60395.8,58691.05,59132.0,13757.92361,822410872.3906957,1552950,58213.99,-39.00241267015056,60473.59199999999,62663.837
1726272000000,2024-09-14,BTCUSDT,60497.99,60610.45,59400.0,59993.03,12137.90901,728527024.3416963,1288784,59132.0,-53.342131332300056,59882.6,62559.18849999999
1726185600000,2024-09-13,BTCUSDT,58132.31,60625.0,57632.62,60498.0,29825.23333,1760671733.5492997,3378012,59993.03,-68.92079780726303,59630.202000000005,62546.452999999994
1726099200000,2024-09-12,BTCUSDT,57338.0,58588.0,57324.0,58132.32,31074.40631,1802848638.0757017,3706764,60498.0,-51.59954953867481,59193.868,62420.604999999996
1726012800000,2024-09-11,BTCUSDT,57635.99,57981.71,55545.19,57338.0,33026.56757,1875738697.3784156,4045103,58132.32,-62.49507654785592,59018.67,62247.21599999999
1725926400000,2024-09-10,BTCUSDT,57042.01,58044.36,56386.4,57635.99,23626.78126,1349365460.0900574,2843148,57338.0,-42.56667335676383,58719.46799999999,61962.636
1725840000000,2024-09-09,BTCUSDT,54869.95,58088.0,54591.96,57042.0,32384.51737,1809715390.0493293,3355912,57635.99,-44.788416621811166,58129.262,61534.6355
1725753600000,2024-09-08,BTCUSDT,54160.86,55318.0,53629.01,54869.95,16274.14779,885743172.9184759,1796092,57042.0,-29.64813792010617,57003.652,60985.23299999999
1725667200000,2024-09-07,BTCUSDT,53962.97,54850.0,53745.54,54160.86,16694.04774,905693342.5898322,1920923,54869.95,-28.10156615622381,56209.36,60404.7785
1725580800000,2024-09-06,BTCUSDT,56180.0,57008.0,52550.0,53962.97,54447.76826,2988914918.924334,5287281,54160.86,-27.949530638401043,55534.35399999999,59844.2275
1725494400000,2024-09-05,BTCUSDT,57970.9,58327.07,55643.65,56180.0,27806.91413,1577770853.1007974,3368058,53962.97,-70.90775843344923,55243.155999999995,59495.627
1725408000000,2024-09-04,BTCUSDT,57487.74,58519.0,55606.0,57970.9,35560.82146,2027630870.1796756,3177549,56180.0,-173.91853980771123,55428.936,59181.03699999999
1725321600000,2024-09-03,BTCUSDT,59132.12,59809.65,57415.0,57487.73,22828.18447,1335076815.8599248,2208758,57970.9,-233.16786141402457,55952.492000000006,58888.424
1725235200000,2024-09-02,BTCUSDT,57301.77,59425.69,57128.0,59132.13,22895.01461,1333092369.4465687,1966119,57487.73,896.8490644128361,56946.746,58666.092500000006
1725148800000,2024-09-01,BTCUSDT,58974.0,59076.59,57201.0,57301.86,20705.15741,1202176847.3910584,2153180,59132.13,-399.768323734796,57614.524,58363.7375
1725062400000,2024-08-31,BTCUSDT,59123.99,59462.38,58744.0,58973.99,8798.409,519849184.86904466,895944,57301.86,-797.5565237870926,58173.322,58152.38450000001
1724976000000,2024-08-30,BTCUSDT,59359.0,59944.07,57701.1,59123.99,28519.32195,1680918972.4658496,2845696,58973.99,-565.6763779011782,58403.94,57961.18450000001
1724889600000,2024-08-29,BTCUSDT,59034.9,61166.99,58713.09,59359.01,27020.90743,1617931684.258576,2743900,59123.99,652.7704636053098,58778.195999999996,57841.1355
1724803200000,2024-08-28,BTCUSDT,59415.0,60234.98,57860.0,59034.9,36868.54275,2183054412.974087,3664134,59359.01,471.8881489775464,58758.75,57777.181
1724716800000,2024-08-27,BTCUSDT,62834.0,63212.0,58034.01,59415.0,35135.94178,2158144642.992993,2995281,59034.9,454.7236946391526,59181.378000000004,57837.231499999994
1724630400000,2024-08-26,BTCUSDT,64219.99,64481.0,62800.0,62834.0,19470.05276,1238341818.4320166,2152841,59415.0,198.697859116022,59953.380000000005,58022.33149999999
1724544000000,2024-08-25,BTCUSDT,64157.02,65000.0,63773.27,64220.0,12305.47977,789935122.9930241,1263065,62834.0,137.9092090416628,60972.58200000001,58233.68000000001
1724457600000,2024-08-24,BTCUSDT,64037.24,64494.5,63531.0,64157.01,15857.15616,1015774255.1740764,1551856,64220.0,128.99546325335243,61932.18200000001,58416.63050000001
1724371200000,2024-08-23,BTCUSDT,60375.83,64955.0,60342.14,64037.24,38118.07089,2375916932.7935486,2555682,64157.01,127.99517979962816,62932.65,58711.8765
1724284800000,2024-08-22,BTCUSDT,61156.03,61400.0,59724.87,60375.84,21241.20588,1288544247.9560175,1718280,64037.24,254.47943677547295,63124.81799999999,58863.768500000006
1724198400000,2024-08-21,BTCUSDT,59013.8,61820.93,58783.47,61156.03,27983.6422,1682529555.0960548,1981525,60375.84,303.49907225136826,62789.224,59039.770500000006
1724112000000,2024-08-20,BTCUSDT,59438.5,61400.0,58548.23,59013.8,31477.44548,1890620149.79102,1904519,61156.03,633.446696416285,61747.984,59138.360499999995
1724025600000,2024-08-19,BTCUSDT,58427.35,59617.63,57787.3,59438.5,22809.31251,1336287900.197634,1636295,59013.8,2757.1694356496855,60804.28200000001,59366.788
1723939200000,2024-08-18,BTCUSDT,59491.99,60284.99,58408.92,58427.35,13634.85717,813166580.7264851,1099730,59438.5,750.5299913815337,59682.304000000004,59580.1125
1723852800000,2024-08-17,BTCUSDT,58874.59,59700.0,58785.05,59491.99,7721.72931,457737705.7722839,807159,58427.35,1513.4459459459451,59505.534,59856.563500000004
1723766400000,2024-08-16,BTCUSDT,57541.05,59817.76,57098.62,58874.6,27610.84344,1614654900.3332715,1999539,59491.99,-3083.3834556317443,59049.248,59991.29350000001
1723680000000,2024-08-15,BTCUSDT,58683.39,59849.38,56078.54,57541.06,37686.17622,2194915865.052229,2507858,58874.6,-410.0569322588619,58754.7,59969.8015
1723593600000,2024-08-14,BTCUSDT,60587.16,61800.0,58433.18,58683.39,28422.76326,1705464263.5058649,1729342,57541.06,-2445.7227390401213,58603.678,60029.5845
1723507200000,2024-08-13,BTCUSDT,59346.64,61578.1,58392.88,60587.15,27858.95851,1668247896.8477187,1713485,58683.39,863.4236232564091,59035.638,60102.3355
1723420800000,2024-08-12,BTCUSDT,58712.59,60711.09,57642.21,59346.64,37009.91743,2186851067.316586,2293837,60587.15,-192.1688612589466,59006.56799999999,60204.5745
1723334400000,2024-08-11,BTCUSDT,60923.51,61858.0,58286.73,58712.59,19189.84512,1152081498.1567774,1319469,59346.64,-96.51760083233316,58974.16599999999,60191.504499999995
1723248000000,2024-08-10,BTCUSDT,60837.99,61470.58,60242.0,60923.51,9995.20621,607372221.2460399,800499,58712.59,-232.76758929952092,59650.655999999995,60281.48049999999
1723161600000,2024-08-09,BTCUSDT,61686.0,61744.37,59535.0,60837.99,30972.48017,1878350555.512264,1827809,60923.51,-235.25951394858197,60081.576,60355.42949999999
1723075200000,2024-08-08,BTCUSDT,55133.76,62745.14,54730.0,61685.99,48349.52949,2836312292.431818,2603042,60837.99,639.2046712208521,60301.344,60487.984
1722988800000,2024-08-07,BTCUSDT,56022.0,57736.05,54558.62,55134.16,44269.37684,2490553853.602583,2397504,61685.99,-126.11281877556333,59458.848,60273.942
1722902400000,2024-08-06,BTCUSDT,54018.82,57040.99,53950.0,56022.01,55884.77676,3119018848.329888,3433824,55134.16,-283.5158884814777,58920.732,59933.342500000006
1722816000000,2024-08-05,BTCUSDT,58161.0,58305.59,49000.0,54018.81,162065.59186,8580928177.429902,7568497,56022.01,-148.6708649387696,57539.791999999994,59423.282999999996
1722729600000,2024-08-04,BTCUSDT,60697.99,61117.63,57122.77,58161.0,31616.52003,1874490041.5437355,1886195,54018.81,-4580.322883424097,57004.39399999999,59123.4825
1722643200000,2024-08-03,BTCUSDT,61498.34,62198.22,59850.0,60697.99,28034.71567,1711555901.18011,1669555,58161.0,1133.6683250414612,56806.79400000001,58956.52
1722556800000,2024-08-02,BTCUSDT,65354.02,65596.14,61230.01,61498.33,38820.42937,2469588785.6981573,2457735,60697.99,551.5956291234234,58079.628000000004,59012.644499999995
1722470400000,2024-08-01,BTCUSDT,64628.01,65659.78,62302.0,65354.02,35542.26854,2270877792.65868,2397257,61498.33,234.58548360672535,59946.030000000006,59222.543999999994
1722384000000,2024-07-31,BTCUSDT,66188.0,66849.24,64530.0,64628.0,22625.43905,1489443332.5960116,1609976,65354.02,289.0978550317011,62067.867999999995,59503.254
1722297600000,2024-07-30,BTCUSDT,66784.68,67000.0,65302.67,66188.0,23132.25441,1533270724.799421,1622083,64628.0,300.7040002856711,63673.268,59840.72900000001
1722211200000,2024-07-29,BTCUSDT,68249.88,70079.99,66428.0,66784.69,36467.29633,2499265962.0914555,1952812,66188.0,234.4521749652126,64890.60800000001,60258.596
1722124800000,2024-07-28,BTCUSDT,67896.49,68318.43,67066.66,68249.88,10868.69394,736755676.1377451,821210,66784.69,198.2099736927365,66240.91799999999,60696.4905
1722038400000,2024-07-27,BTCUSDT,67908.0,69399.99,66650.0,67896.5,31710.21921,2162335067.0234175,1690591,68249.88,239.39429140153655,66749.41399999999,61147.5855
1721952000000,2024-07-26,BTCUSDT,65799.95,68200.0,65722.63,67907.99,24244.36023,1630839588.6966548,1406982,67896.5,236.2719943422913,67405.412,61665.93200000001
1721865600000,2024-07-25,BTCUSDT,65376.01,66175.49,63456.7,65799.95,35126.42934,2266419771.224864,1830360,67907.99,385.42985347451133,67327.802,62021.759999999995
1721779200000,2024-07-24,BTCUSDT,65936.0,67102.01,65111.0,65376.0,23082.56277,1526490826.466997,1391053,65799.95,154.82012997664495,67046.06399999998,62261.2025
1721692800000,2024-07-23,BTCUSDT,67532.0,67750.98,65441.08,65936.01,31406.15316,2088544473.323508,1772089,65376.0,156.63294331248755,66583.29,62590.670999999995
1721606400000,2024-07-22,BTCUSDT,68165.35,68474.55,66559.97,67532.01,21451.04303,1448418369.8467095,1558140,65936.01,126.72490601781968,66510.39199999999,63031.64200000001
1721520000000,2024-07-21,BTCUSDT,67139.97,68366.66,65777.0,68165.34,21819.11191,1465757867.9747431,1322942,67532.01,136.09823336671892,66561.862,63393.733499999995
1721433600000,2024-07-20,BTCUSDT,66660.01,67598.0,66222.46,67139.96,14386.92434,961878801.8482212,995093,68165.34,171.9775161945801,66829.864,63708.83200000001
1721347200000,2024-07-19,BTCUSDT,63987.92,67386.0,63300.67,66660.0,35634.72739,2331517674.368659,2184889,67139.96,199.12935154707688,67086.66399999999,63957.53250000001
1721260800000,2024-07-18,BTCUSDT,64087.99,65133.3,63238.48,63987.92,22568.7225,1449872437.6497972,1696742,66660.0,-470.1493302100881,66697.046,64400.220499999996
1721174400000,2024-07-17,BTCUSDT,65044.0,66128.63,63854.0,64087.99,29567.52954,1922412273.0882096,1868671,63987.92,-1207.8998537064103,66008.242,64803.519499999995
1721088000000,2024-07-16,BTCUSDT,64724.06,65388.97,62373.24,65043.99,42530.52915,2725231969.2884507,2484783,64087.99,-517.3713516490237,65383.971999999994,65354.7785
1721001600000,2024-07-15,BTCUSDT,60797.91,64900.0,60632.3,64724.14,38690.9782,2435540879.028933,2600425,65043.99,-258.28492392807743,64900.808,65682.93549999999
1720915200000,2024-07-14,BTCUSDT,59204.01,61420.69,59194.01,60797.91,21178.33907,1273562988.611176,1456088,64724.14,-51.75678377663894,63728.38999999999,65687.9315
1720828800000,2024-07-13,BTCUSDT,57889.09,59850.0,57756.63,59204.02,15357.74519,900429281.1482327,1114391,60797.91,-44.37053637166838,62771.61,65573.216
1720742400000,2024-07-12,BTCUSDT,57339.89,58526.68,56542.47,57889.1,23652.4569,1360201319.0761504,1749738,59204.02,-38.38159716295911,61531.83200000001,65199.969999999994
1720656000000,2024-07-11,BTCUSDT,57725.85,59650.0,57050.0,57339.89,29761.05735,1728929618.0583844,2157661,57889.1,-45.45369654588734,59991.012,64835.5645
1720569600000,2024-07-10,BTCUSDT,58050.0,59470.0,57157.79,57725.85,24951.73799,1452293495.6501489,1766696,57339.89,-55.31094161552383,58591.35400000001,64412.456999999995
1720483200000,2024-07-09,BTCUSDT,56714.61,58296.0,56289.45,58050.0,27732.20788,1592351321.655387,1757693,57725.85,-50.66579930788836,58041.772,63975.722499999996
1720396800000,2024-07-08,BTCUSDT,55857.81,58236.73,54260.16,56714.62,48090.2049,2699942701.375511,2554389,58050.0,-22.18196810875824,57543.89200000001,63398.9595
1720310400000,2024-07-07,BTCUSDT,58230.13,58449.46,55724.37,55857.81,19118.93918,1094135752.4528687,1289229,56714.62,-14.350401745923037,57137.634,62797.025
1720224000000,2024-07-06,BTCUSDT,56628.79,58475.0,56018.0,58230.13,21651.31558,1235398733.4357028,1411065,55857.81,-46.44869767436634,57315.68199999999,62313.132
1720137600000,2024-07-05,BTCUSDT,57050.02,57546.0,53485.93,56628.79,81348.24756,4515040083.536514,3749255,58230.13,-41.2562392772158,57096.27,61854.574
1720051200000,2024-07-04,BTCUSDT,60208.57,60498.19,56771.0,57050.01,54568.77276,3168619756.2436485,2523236,56628.79,-65.72180959395558,56896.272,61438.2745
1719964800000,2024-07-03,BTCUSDT,62135.46,62285.94,59400.0,60208.58,32160.11127,1945901232.9066567,1839372,57050.01,-196.3757375477201,57595.064,61151.903000000006
1719878400000,2024-07-02,BTCUSDT,62900.0,63288.83,61806.28,62135.47,18573.11875,1160792332.6175597,1308816,60208.58,-295.3086105648239,58850.596000000005,60882.076
1719792000000,2024-07-01,BTCUSDT,62772.01,63861.76,62497.2,62899.99,24547.10538,1550980813.6701343,1461508,62135.47,-512.7664939834984,59784.56800000001,60618.80850000001
1719705600000,2024-06-30,BTCUSDT,60986.68,63058.76,60712.21,62772.01,17326.30136,1070250012.5446604,1108912,62899.99,473.8174357935264,61013.212,60400.411
1719619200000,2024-06-29,BTCUSDT,60427.84,61224.0,60383.77,60986.68,11509.55904,701345872.4881144,767669,62772.01,524.7007281253846,61800.545999999995,60116.744999999995
1719532800000,2024-06-28,BTCUSDT,61706.46,62225.31,60063.0,60427.84,24821.19255,1519872032.026636,1479626,60986.68,368.4359170297078,61844.398,59938.741
1719446400000,2024-06-27,BTCUSDT,60864.98,62389.22,60606.63,61706.47,18344.28631,1126705164.782892,1062176,60427.84,243.49170288875956,61758.598,59819.665
1719360000000,2024-06-26,BTCUSDT,61806.01,62487.81,60712.0,60864.99,22485.66463,1381716993.355492,1112152,61706.47,326.4046840854503,61351.598,59610.715000000004
1719273600000,2024-06-25,BTCUSDT,60293.3,62420.0,60257.06,61806.01,31189.24361,1914901308.84587,1277481,60864.99,289.2210084637687,61158.398,59464.80850000001
1719187200000,2024-06-24,BTCUSDT,63210.01,63369.8,58402.0,60293.3,52161.35414,3180853460.924751,2190787,61806.01,303.5524271519109,61019.721999999994,59439.578
1719100800000,2024-06-23,BTCUSDT,64262.01,64521.0,63178.32,63210.01,8224.45447,526848525.0029452,592759,60293.3,187.42526046625497,61576.155999999995,59639.8775
1719014400000,2024-06-22,BTCUSDT,64143.56,64546.81,63943.82,64262.01,7308.95542,470027247.3402083,562832,63210.01,206.56180162735325,62087.264,59958.52300000001
1718928000000,2024-06-21,BTCUSDT,64869.99,65066.66,63379.35,64143.56,25993.56442,1665541539.708616,1362617,64262.01,165.80094933045206,62742.978,60298.70649999999
1718841600000,2024-06-20,BTCUSDT,64974.37,66482.94,64559.15,64869.99,24265.29031,1584896152.16637,1282687,64143.56,163.23277041629277,63355.774,60655.9135
1718755200000,2024-06-19,BTCUSDT,65175.32,65727.54,64666.0,64974.37,20060.79576,1307731953.9545314,1078458,64869.99,203.75593553219943,64291.988,61002.132000000005
1718668800000,2024-06-18,BTCUSDT,66504.33,66588.23,64060.0,65175.32,42350.10244,2755141806.03109,2151711,64974.37,262.66559205223984,64685.05,61425.167
1718582400000,2024-06-17,BTCUSDT,66676.86,67298.81,65130.0,66504.33,27386.16851,1812061226.756565,1542620,65175.32,237.18988774643907,65133.51399999999,61957.492999999995
1718496000000,2024-06-16,BTCUSDT,66228.25,66998.7,66034.5,66676.87,9392.52223,624653672.6138575,703295,66504.33,223.35423036933517,65640.176,62379.83
1718409600000,2024-06-15,BTCUSDT,66043.99,66478.48,65857.1,66228.25,11451.80242,758175888.0283372,700886,66676.87,166.39422920995057,65911.82800000001,62859.803
1718323200000,2024-06-14,BTCUSDT,66773.01,67370.24,65078.0,66043.99,28408.18797,1884451554.428285,1736314,66228.25,155.29624386813015,66125.75200000001,63309.502
1718236800000,2024-06-13,BTCUSDT,68263.98,68449.3,66251.78,66773.01,29079.55571,1958897960.917292,1518202,66043.99,161.29469026199342,66445.29,63637.7235
1718150400000,2024-06-12,BTCUSDT,67314.23,69999.0,66905.0,68263.99,37175.32356,2550285139.184372,1670745,66773.01,130.5992701716447,66797.22200000001,63944.1495
1718064000000,2024-06-11,BTCUSDT,69540.0,69590.01,66051.0,67314.24,41436.01588,2793799020.4691243,1782415,68263.99,158.3452397594144,66924.696,64164.862
1717977600000,2024-06-10,BTCUSDT,69648.15,70195.94,69172.29,69540.0,17122.66941,1192466549.969123,936731,67314.24,118.39661717153142,67587.046,64503.2615
1717891200000,2024-06-09,BTCUSDT,69310.46,69857.14,69130.24,69648.14,9890.56709,687344656.0725566,575583,69540.0,126.42195792877736,68307.876,64936.3345
1717804800000,2024-06-08,BTCUSDT,69355.6,69582.2,69168.02,69310.46,9773.82967,678267390.5310388,714103,69648.14,140.38388020085344,68815.366,65380.465500000006
1717718400000,2024-06-07,BTCUSDT,70799.06,71997.02,68420.0,69355.6,35598.45045,2507250591.3329787,1516415,69310.46,136.84373105348348,69033.688,65762.92199999999
1717632000000,2024-06-06,BTCUSDT,71108.0,71700.0,70117.64,70799.06,21842.00449,1551467659.1542966,900226,69355.6,132.38804736661876,69730.652,66259.6255
1717545600000,2024-06-05,BTCUSDT,70537.83,71758.0,70383.66,71108.0,28703.18082,2040073765.86764,1055115,70799.06,131.3078878249908,70044.25200000001,66724.725
1717459200000,2024-06-04,BTCUSDT,68809.89,71063.45,68567.32,70537.84,29619.78489,2069902136.99324,1254515,71108.0,146.44215779148587,70222.192,67236.952
1717372800000,2024-06-03,BTCUSDT,67765.62,70288.0,67612.48,68809.9,29633.374,2047757076.2268355,1253789,70537.84,282.966034429664,70122.08,67516.94649999999
1717286400000,2024-06-02,BTCUSDT,67766.84,68460.0,67257.47,67765.63,15426.32529,1046827665.3829312,812348,68809.9,583.3645615195206,69804.086,67692.12749999999
1717200000000,2024-06-01,BTCUSDT,67540.01,67900.0,67428.44,67766.85,8837.66133,598305207.9932046,638484,67765.63,412.88574028337234,69197.644,67873.292
1717113600000,2024-05-31,BTCUSDT,68352.17,69044.1,66670.0,67540.01,26690.32184,1812659052.2496767,1177860,67766.85,424.63737115814195,68484.046,68006.793
1717027200000,2024-05-30,BTCUSDT,67652.41,69500.0,67128.0,68352.17,28478.2184,1945001081.521587,1272851,67540.01,407.5457838344428,68046.91200000001,68175.68299999999
1716940800000,2024-05-29,BTCUSDT,68398.4,68935.68,67124.65,67652.42,23159.83149,1573095221.6483984,1221044,68352.17,-808.545219680485,67815.416,68299.538
1716854400000,2024-05-28,BTCUSDT,69436.43,69591.81,67277.91,68398.39,32622.97042,2224860225.799223,1459351,67652.42,524.9079924364733,67941.968,68394.24100000001
1716768000000,2024-05-27,BTCUSDT,68507.67,70687.56,68250.0,69436.43,23136.92737,1604722197.8374028,1219341,68398.39,-4347.851694505807,68275.884,68532.219
1716681600000,2024-05-26,BTCUSDT,69290.56,69562.23,68128.01,68507.67,11872.11797,818914878.9908898,722849,69436.43,-385.3612984120574,68469.416,68646.19
1716595200000,2024-05-25,BTCUSDT,68549.99,69610.0,68500.0,69290.57,12130.39418,837339788.9838961,703803,68507.67,-26032.327802917116,68657.096,68808.519
1716508800000,2024-05-24,BTCUSDT,67969.66,69250.0,66600.12,68549.99,28095.83664,1906438696.7156007,1165907,69290.57,-637.1184568215384,68836.61,68897.36799999999
1716422400000,2024-05-23,BTCUSDT,69166.62,70096.12,66312.16,67969.65,40513.17374,2766790260.7886024,1827855,68549.99,-130.38866760207983,68750.86200000001,68882.651
1716336000000,2024-05-22,BTCUSDT,70148.34,70666.0,68842.19,69166.62,27673.18026,1931700812.3032143,1371973,67969.65,-235.77352192770093,68696.9,68975.26999999999
1716249600000,2024-05-21,BTCUSDT,71446.62,71979.0,69162.94,70148.34,49607.4336,3509345769.233608,2137448,69166.62,-1427.209242618743,69025.034,69005.687
1716163200000,2024-05-20,BTCUSDT,66274.0,71515.56,66060.31,71446.62,50816.7011,3485474763.7522936,1930939,70148.34,260.06781152340807,69456.24399999999,69095.611
1716076800000,2024-05-19,BTCUSDT,66915.2,67700.0,65857.25,66274.01,18025.30409,1204989222.8768687,823729,71446.62,-459.71896327482625,69001.048,68943.7885
1715990400000,2024-05-18,BTCUSDT,67024.0,67400.01,66600.0,66915.2,14441.25774,967145944.6835316,734067,66274.01,-880.3182058357223,68790.15799999998,68821.7685
1715904000000,2024-05-17,BTCUSDT,65235.21,67451.2,65106.38,67024.0,26292.23409,1745971822.3447456,1117254,66915.2,-1474.0082556539764,68361.63399999999,68633.01550000001
1715817600000,2024-05-16,BTCUSDT,66206.51,66752.01,64602.77,65235.21,31106.3671,2045507646.829385,1269793,67024.0,-217.9646193727225,67379.008,68339.376
1715731200000,2024-05-15,BTCUSDT,61577.49,66444.16,61319.47,66206.5,43559.74719,2794259631.8910465,1729454,65235.21,-537.0393936040736,66330.984,68122.80900000001
1715644800000,2024-05-14,BTCUSDT,62940.09,63118.36,61142.77,61577.49,29088.72041,1800171876.1676652,1127939,66206.5,-102.90709437171064,65391.67999999999,67761.1885
1715558400000,2024-05-13,BTCUSDT,61484.0,63450.0,60749.21,62940.08,32733.41839,2041896626.6108148,1371433,61577.49,-113.04409399124172,64596.655999999995,67519.911
1715472000000,2024-05-12,BTCUSDT,60825.99,61888.0,60610.0,61483.99,12753.13236,781041632.4623835,727113,62940.08,-104.55687047245914,63488.654,67205.768
1715385600000,2024-05-11,BTCUSDT,60799.99,61515.0,60487.09,60825.99,13374.56936,814928013.4573288,753281,61483.99,-77.50933891581158,62606.81,66870.067
1715299200000,2024-05-10,BTCUSDT,63074.0,63469.13,60187.12,60799.99,36529.34025,2255550468.413852,1500643,60825.99,-84.65600000000006,61525.507999999994,66492.458
1715212800000,2024-05-09,BTCUSDT,61193.03,63429.03,60630.0,63074.01,30660.8061,1895849912.7734752,1381957,60799.99,-180.4638412955207,61824.812,66263.53749999999
1715126400000,2024-05-08,BTCUSDT,62312.07,63020.22,60888.0,61193.03,26121.19004,1623561041.1255188,1415152,63074.01,-95.78985124642747,61475.402,65903.2695
1715040000000,2024-05-07,BTCUSDT,63165.18,64422.41,62261.0,62312.08,25598.79472,1624531631.592377,1272898,61193.03,-99.22105698381652,61641.02,65547.052
1714953600000,2024-05-06,BTCUSDT,64012.0,65500.0,62700.0,63165.19,34674.91949,2218131198.4661326,1392557,62312.08,-88.51188743972992,62108.86,65279.92799999999
1714867200000,2024-05-05,BTCUSDT,63892.03,64646.0,62822.17,64012.0,18526.75029,1182572239.5306184,992921,63165.19,-361.48646557707696,62751.262,65015.9995
1714780800000,2024-05-04,BTCUSDT,62882.01,64540.0,62541.03,63892.04,24368.69282,1547468697.8765795,1113509,64012.0,-249.2646766959083,62914.868,64783.102
1714694400000,2024-05-03,BTCUSDT,59060.6,63333.0,58811.32,62882.01,43628.40143,2658193708.347904,1558661,63892.04,-179.30680663159524,63252.664000000004,64528.719999999994
1714608000000,2024-05-02,BTCUSDT,58364.97,59625.0,56911.84,59060.61,47583.81961,2778840305.0505786,1572898,62882.01,-120.28098986169158,62602.369999999995,64023.4195
1714521600000,2024-05-01,BTCUSDT,60672.01,60841.63,56552.82,58364.97,81166.46823,4705572361.7402,2401089,59060.61,-82.32551555627546,61642.326,63434.251000000004
1714435200000,2024-04-30,BTCUSDT,63866.0,64734.0,59191.6,60672.0,54947.65535,3372142467.432252,1985671,58364.97,-967.7202398701276,60974.326,62895.520000000004
1714348800000,2024-04-29,BTCUSDT,63118.62,64228.35,61765.53,63866.0,28150.22947,1765038324.6837213,1152296,60672.0,1144.161482633491,60969.118,62775.11950000001
1714262400000,2024-04-28,BTCUSDT,63461.98,64370.0,62781.0,63118.62,16949.20005,1078450016.4732296,790652,63866.0,648.0989581740191,61016.44,62585.29049999999
1714176000000,2024-04-27,BTCUSDT,63770.0,63923.41,62391.24,63461.98,20933.06052,1320337707.787116,912422,63118.62,414.92494281086,61896.714,62407.1895
1714089600000,2024-04-26,BTCUSDT,64498.33,64820.01,63297.48,63770.01,27085.19346,1736631357.3537388,1025561,63461.98,378.6307836310863,62977.721999999994,62333.92949999999
1714003200000,2024-04-25,BTCUSDT,64289.58,65297.94,62794.0,64498.34,31341.46338,2007704069.2622728,1375324,63770.01,681.0022958162804,63742.990000000005,62248.521499999995
1713916800000,2024-04-24,BTCUSDT,66414.0,67070.43,63606.06,64289.59,33595.69637,2195714861.657656,1784897,64498.34,313.2417908905366,63827.708,62384.1265
1713830400000,2024-04-23,BTCUSDT,66819.32,67183.01,65765.81,66414.0,22599.90004,1502139968.7198815,1433915,64289.59,260.97729843585444,64486.784,62557.82250000001
1713744000000,2024-04-22,BTCUSDT,64941.15,67232.35,64500.0,66819.32,31397.99371,2071690434.976552,1816591,66414.0,280.7040253083494,65158.252,62824.589
1713657600000,2024-04-21,BTCUSDT,64940.58,65695.56,64237.5,64941.15,19316.42152,1254396628.1531763,1390153,66819.32,1012.8052521121436,65392.479999999996,63030.34700000001
1713571200000,2024-04-20,BTCUSDT,63818.01,65419.0,63090.07,64940.59,23137.42975,1486949581.439479,1376712,64941.15,897.4755614896796,65480.93000000001,63237.377
1713484800000,2024-04-19,BTCUSDT,63470.09,65450.0,59600.01,63818.01,69774.30271,4419893235.183287,2828284,64940.59,1005.3931623931644,65386.614,63274.577000000005
1713398400000,2024-04-18,BTCUSDT,61277.38,64117.09,60803.35,63470.08,43601.60918,2726741448.8868027,2142511,63818.01,213.4152177019007,64797.83,63388.429500000006
1713312000000,2024-04-17,BTCUSDT,63793.4,64499.0,59678.16,61277.37,50610.54509,3128625247.4738536,2458327,63470.08,323.1177036121411,63689.44,63336.694
1713225600000,2024-04-16,BTCUSDT,63419.99,64365.0,61600.0,63793.39,53435.29331,3355338198.446913,2604354,61277.37,308.17904843675416,63459.888,63368.10400000001
1713139200000,2024-04-15,BTCUSDT,65661.85,66867.07,62274.4,63419.99,52389.53069,3398072231.5612235,2539048,63793.39,-1440.6560391022567,63155.768,63338.503500000006
1713052800000,2024-04-14,BTCUSDT,63924.52,65840.0,62134.0,65661.84,61599.17818,3946124834.6970353,2657953,63419.99,340.8010317628841,63524.534,63426.993500000004
1712966400000,2024-04-13,BTCUSDT,67116.52,67929.0,60660.57,63924.51,71395.22019,4614468627.809045,3341340,65661.84,1799.658400536192,63615.42,63479.118500000004
1712880000000,2024-04-12,BTCUSDT,70006.22,71227.46,65086.86,67116.52,56072.86229,3843551585.3212743,2496617,63924.51,334.9142838359961,64783.25,63881.91399999999
1712793600000,2024-04-11,BTCUSDT,70631.08,71305.89,69567.21,70006.23,31917.25595,2247473274.6162577,1658995,67116.52,242.7303377518433,66025.818,64463.977
1712707200000,2024-04-10,BTCUSDT,69146.0,71172.08,67518.0,70631.08,42006.02377,2901564970.815804,1852170,70006.23,220.67637101059833,67468.036,64961.931
1712620800000,2024-04-09,BTCUSDT,71620.0,71758.19,68210.0,69146.0,39293.90242,2749007421.6421075,1804157,70631.08,434.471449487555,68164.86799999999,65225.931
1712534400000,2024-04-08,BTCUSDT,69360.38,72797.99,69043.24,71620.0,45723.87624,3270853309.662943,2037025,69146.0,290.34303473674595,69703.966,65651.0
1712448000000,2024-04-07,BTCUSDT,68896.0,70326.29,68824.0,69360.39,21534.74433,1496213373.1855776,1269048,71620.0,315.4035535521946,70152.74,65945.92050000001
1712361600000,2024-04-06,BTCUSDT,67820.63,69692.0,67447.83,68896.0,20134.28919,1373131967.764819,1171460,69360.39,352.3892592676861,69930.694,66202.22
1712275200000,2024-04-05,BTCUSDT,68487.8,68756.67,65952.56,67820.62,37915.23073,2555458935.236009,1901980,68896.0,348.23377746020765,69368.602,66368.334
1712188800000,2024-04-04,BTCUSDT,65963.27,69309.91,65064.52,68487.79,41510.48453,2795469450.572386,2000945,67820.62,291.08119042352024,69236.95999999999,66578.24399999999
1712102400000,2024-04-03,BTCUSDT,65463.99,66903.63,64493.07,65963.28,39887.21778,2630556596.135929,2172096,68487.79,311.6920726176987,68105.616,66555.708
1712016000000,2024-04-02,BTCUSDT,69649.81,69674.23,64550.0,65463.99,71799.82793,4750030717.922425,2662410,65963.28,723.6675445947567,67326.336,66487.9415
1711929600000,2024-04-01,BTCUSDT,71280.0,71288.23,68062.86,69649.8,41445.32039,2876486469.465523,1893438,65463.99,261.25034310837714,67477.09599999999,66723.374
1711843200000,2024-03-31,BTCUSDT,69582.17,71366.0,69562.99,71280.01,19396.34433,1367523707.261245,1181926,69649.8,278.8053761278138,68168.974,67040.345
1711756800000,2024-03-30,BTCUSDT,69850.53,70321.1,69540.0,69582.18,13644.61142,954555919.6855744,1110488,71280.01,276.85884825378673,68387.852,67328.55350000001
1711670400000,2024-03-29,BTCUSDT,70780.6,70916.16,69009.0,69850.54,25445.08353,1779608477.3224535,1522607,69582.18,465.98452096180847,69165.30399999999,67647.5765
1711584000000,2024-03-28,BTCUSDT,69469.99,71552.06,68903.62,70780.6,35439.03239,2500571208.002628,1799897,69850.54,1392.1587871430793,70228.626,68122.73799999998
1711497600000,2024-03-27,BTCUSDT,69987.99,71769.54,68359.18,69469.99,49119.35685,3426458581.943343,2453366,70780.6,-874.6617402613088,70192.664,68406.568
1711411200000,2024-03-26,BTCUSDT,69880.0,71561.1,69280.0,69988.0,38934.38417,2738537345.33588,2176807,69469.99,1267.6508313539205,69934.262,68734.96849999999
1711324800000,2024-03-25,BTCUSDT,67210.0,71150.0,66385.06,69880.01,53431.14486,3679964073.811213,2632220,69988.0,-471.2452370415908,69993.82800000001,68945.877
1711238400000,2024-03-24,BTCUSDT,63990.02,67628.69,63772.29,67209.99,31395.78015,2059312948.6486876,1880774,69880.01,-381.3067336309536,69465.71800000001,69110.15099999998
1711152000000,2024-03-23,BTCUSDT,63796.64,65999.0,63000.0,63990.01,26410.11409,1706152172.6316135,1753566,67209.99,-167.1348698224009,68107.6,68953.8255
1711065600000,2024-03-22,BTCUSDT,65501.28,66649.62,62260.0,63796.64,51482.37821,3310481978.1076455,2492881,63990.01,-203.768905412055,66972.93,68643.34599999999
1710979200000,2024-03-21,BTCUSDT,67840.51,68240.47,64529.01,65501.27,53357.48002,3551223142.9644165,2388390,63796.64,-309.292420609941,66075.584,68386.8555
1710892800000,2024-03-20,BTCUSDT,61937.41,68100.0,60775.0,67840.51,90420.58592,5769770052.062583,3549793,65501.27,616.6703067818024,65667.684,68321.581
1710806400000,2024-03-19,BTCUSDT,67610.0,68124.11,61555.0,61937.4,101005.32487,6484805948.535394,3593832,67840.51,-328.2581757448418,64613.166000000005,67837.451
1710720000000,2024-03-18,BTCUSDT,68393.47,68956.0,66565.2,67609.99,55691.08088,3768277912.4189186,2464515,61937.4,-640.4076850294888,65337.162,67749.931
1710633600000,2024-03-17,BTCUSDT,65300.64,68904.4,64533.0,68393.48,49742.21589,3322963634.2425127,2449156,67609.99,-423.22026793416353,66256.53,67724.805
1710547200000,2024-03-16,BTCUSDT,69499.84,70043.0,64780.0,65300.63,55926.95336,3788544202.884856,2729019,68393.48,-285.32610853546055,66216.402,67598.8055
1710460800000,2024-03-15,BTCUSDT,71388.94,72419.71,65600.0,69499.85,103334.03546,7065279917.872112,3904445,65300.63,-4604.419857994383,66548.26999999999,67649.40849999999
1710374400000,2024-03-14,BTCUSDT,73072.4,73777.0,68555.0,71388.94,71757.628746,5132189849.096632,2994869,69499.85,2811.9587730545536,68438.57800000001,67920.6915
1710288000000,2024-03-13,BTCUSDT,71452.0,73650.25,71333.31,73072.41,52659.711647,3829764501.253793,2501197,71388.94,521.5866001188092,69531.062,68301.1125
1710201600000,2024-03-12,BTCUSDT,72078.1,73000.0,68620.82,71452.01,68783.546691,4909667978.559338,3047890,73072.41,1248.060464067874,70142.76800000001,68391.223
1710115200000,2024-03-11,BTCUSDT,68955.88,72800.0,67024.96,72078.1,75292.825726,5352704377.618805,3043414,71452.01,859.7382272791335,71498.262,68431.12749999999
1710028800000,2024-03-10,BTCUSDT,68313.28,69887.61,68094.75,68955.88,38404.66835,2659307501.094578,2139518,72078.1,1082.4175635349325,71389.468,68399.8125
1709942400000,2024-03-09,BTCUSDT,68124.2,68541.1,67861.1,68313.27,19872.89743,1355964036.909299,1345341,68955.88,437.11967357965995,70774.334,68322.949
1709856000000,2024-03-08,BTCUSDT,66823.18,69990.0,66082.66,68124.19,74261.932842,5044395324.399055,2943927,68313.27,436.6863467781999,69784.69,68190.1285
1709769600000,2024-03-07,BTCUSDT,66074.04,67980.0,65551.0,66823.17,53059.8869,3548088039.273608,2428227,68124.19,1300.6422573568325,68858.92199999999,68057.7875
1709683200000,2024-03-06,BTCUSDT,63724.01,67641.1,62779.14,66074.04,78738.85491,5197743036.597276,3302981,66823.17,-840.8832303973459,67658.11000000002,67862.0895
1709596800000,2024-03-05,BTCUSDT,68245.71,69000.0,59005.0,63724.01,132696.7813,8674526591.287142,5310706,66074.04,831.4041676694985,66611.736,67554.2895
1709510400000,2024-03-04,BTCUSDT,63113.97,68499.0,62300.0,68245.71,84835.16005,5568877537.081252,3887853,63724.01,2155.5181526458214,66598.224,67606.0755
1709424000000,2024-03-03,BTCUSDT,61987.28,63231.88,61320.0,63113.97,28994.90903,1804536272.9443457,1992011,68245.71,-244.71153572964224,65596.18000000001,67562.27350000001
1709337600000,2024-03-02,BTCUSDT,62387.9,62433.19,61561.12,61987.28,25534.73659,1582566973.834093,1641808,63113.97,-389.9246985679157,64629.002,67471.80549999999
1709251200000,2024-03-01,BTCUSDT,61130.99,63114.23,60777.0,62387.9,47737.93473,2956537377.9660296,1947444,61987.28,-128.24851130843172,63891.774,67316.137
1709164800000,2024-02-29,BTCUSDT,62432.11,63676.35,60364.7,61130.98,78425.07603,4872212871.27608,3169405,62387.9,-70.50017742319153,63373.16799999999,66980.6605
1709078400000,2024-02-28,BTCUSDT,57037.35,64000.0,56691.85,62432.1,118763.46984,7162581994.48574,3895062,61130.98,-64.37340641391094,62210.445999999996,67005.3955
1708992000000,2024-02-27,BTCUSDT,54476.48,57588.15,54450.13,57037.34,67194.98562,3795949115.224932,2414285,62432.1,-47.51777182550842,60995.119999999995,66476.763
1708905600000,2024-02-26,BTCUSDT,51728.85,54910.0,50901.44,54476.47,51256.72199,2710403072.980595,1808909,57037.34,-35.35717998844427,59492.958,65780.9125
1708819200000,2024-02-25,BTCUSDT,51568.21,51958.55,51279.8,51728.85,18721.63159,966951114.4504628,923992,54476.47,-36.12601823994038,57361.148,65102.3235
1708732800000,2024-02-24,BTCUSDT,50744.15,51698.0,50585.0,51568.22,16560.4211,847793393.571868,855015,51728.85,-37.16584901209612,55448.596,64205.742000000006
1708646400000,2024-02-23,BTCUSDT,51288.42,51548.54,50521.0,50744.15,30545.79544,1559143576.8296163,1487039,51568.22,-35.807972823998114,53111.005999999994,63173.50249999999
1708560000000,2024-02-22,BTCUSDT,51849.38,52065.78,50940.78,51288.42,35309.44574,1820949707.158534,1688184,50744.15,-43.56497529731729,51961.221999999994,62084.303
1708473600000,2024-02-21,BTCUSDT,52258.82,52366.8,50625.0,51849.39,43079.40049,2210278288.725095,1824860,51288.42,-51.52098645660877,51435.806,61104.172
1708387200000,2024-02-20,BTCUSDT,51774.74,52985.0,50760.37,52258.82,49614.47318,2574874999.378717,1971912,51849.39,-67.49220902575536,51541.8,60113.208000000006
1708300800000,2024-02-19,BTCUSDT,52137.68,52488.77,51677.0,51774.73,29534.99432,1539600521.6007729,1542990,52258.82,-19.5277390902059,51583.102,59254.1505
1708214400000,2024-02-18,BTCUSDT,51642.64,52377.0,51163.28,52137.67,21992.10363,1139209588.4334626,1375422,51774.73,-32.60980476116717,51861.806,58445.3705
1708128000000,2024-02-17,BTCUSDT,52124.1,52162.82,50625.0,51642.64,25674.00622,1319908544.9790893,1427773,52137.67,-34.601010764995124,51932.65,57621.293000000005
1708041600000,2024-02-16,BTCUSDT,51880.01,52572.08,51566.0,52124.11,37772.25318,1965003863.9713345,1583711,51642.64,-35.66129080973002,51987.594,56886.340000000004
1707955200000,2024-02-15,BTCUSDT,51795.17,52816.62,51314.0,51880.0,53816.03055,2802825737.992016,1786569,52124.11,-39.56553792138766,51911.83,56176.638
1707868800000,2024-02-14,BTCUSDT,49699.6,52043.71,49225.01,51795.17,57046.37401,2919604456.723313,1859392,51880.0,-22.17820367342827,51915.918,55580.19600000001
1707782400000,2024-02-13,BTCUSDT,49917.28,50368.61,48300.95,49699.59,55551.56706,2745025370.067447,1741811,51795.17,-32.14990971346796,51428.301999999996,54652.89
1707696000000,2024-02-12,BTCUSDT,48300.0,50334.82,47710.01,49917.27,59009.96705,2898220863.0181804,1939394,49699.59,-56.51781014213,51083.228,53993.05500000001
1707609600000,2024-02-11,BTCUSDT,47751.08,48592.66,47557.16,48299.99,29958.80837,1443314885.7714052,1407270,49917.27,-75.149174944442,50318.403999999995,53308.690500000004
1707523200000,2024-02-10,BTCUSDT,47132.78,48170.0,46800.0,47751.09,24802.35936,1176079377.6922762,1323421,48299.99,-67.50516749495014,49492.621999999996,52576.85
1707436800000,2024-02-09,BTCUSDT,45288.66,48200.0,45242.12,47132.77,73503.481,3453043306.420976,2323884,47751.09,-71.35111785522406,48560.142,51876.93949999999
1707350400000,2024-02-08,BTCUSDT,44349.6,45614.3,44331.1,45288.65,45439.62231,2042912128.1517663,1863650,47132.77,-33.8761319183902,47677.954,51019.767
1707264000000,2024-02-07,BTCUSDT,43098.96,44396.5,42788.0,44349.6,34392.59915,1496013692.382922,1378809,45288.65,-19.62081604951601,46564.42,50385.38
1707177600000,2024-02-06,BTCUSDT,42708.7,43399.98,42574.0,43098.95,24675.85433,1061049582.6002768,1120760,44349.6,-11.595033553969614,45524.212,49816.504
1707091200000,2024-02-05,BTCUSDT,42582.88,43569.76,42258.1,42708.7,29467.75905,1262620640.5407171,1317397,43098.95,-11.715050578919277,44515.734,49365.496499999994
1707004800000,2024-02-04,BTCUSDT,43011.1,43119.04,42222.0,42582.88,17066.89404,730999557.7083682,931235,42708.7,-7.317272279139587,43605.756,48916.2295
1706918400000,2024-02-03,BTCUSDT,43199.99,43380.01,42880.0,43011.09,12033.40998,518775350.03360087,609962,42582.88,-13.060921850652548,43150.244,48529.576499999996
1706832000000,2024-02-02,BTCUSDT,43082.95,43488.0,42546.79,43200.0,29672.14418,1277919437.2905612,1086342,43011.09,-9.35443422369292,42920.324,48125.1555
1706745600000,2024-02-01,BTCUSDT,42580.0,43285.13,41884.28,43082.94,35231.04664,1497121440.644002,1392269,43200.0,-9.489534003405725,42917.121999999996,47686.833
1706659200000,2024-01-31,BTCUSDT,42941.1,43745.11,42276.84,42580.0,39871.13688,1711665577.0530822,1499559,43082.94,-9.05897558048308,42891.382,47202.892
1706572800000,2024-01-30,BTCUSDT,43302.71,43882.36,42683.99,42941.1,37619.24546,1633251085.6713598,1316610,42580.0,-17.69478093479465,42963.026,46761.2105
1706486400000,2024-01-29,BTCUSDT,42031.05,43333.0,41804.88,43302.7,31542.74207,1343462280.3618684,1197856,42941.1,-20.25558728685311,43021.348,46319.462
1706400000000,2024-01-28,BTCUSDT,42120.63,42842.68,41620.81,42031.06,27294.99838,1154365891.668259,1032493,43302.7,-21.372387313305452,42787.56,45838.883
1706313600000,2024-01-27,BTCUSDT,41823.51,42200.0,41394.34,42120.63,16224.41667,678418702.3509445,751148,42031.06,-25.386735719639233,42595.098,45338.709
1706227200000,2024-01-26,BTCUSDT,39961.09,42246.82,39822.52,41823.51,47384.96726,1951700659.289807,1624861,42120.63,-26.92258431495162,42443.8,44835.8845
1706140800000,2024-01-25,BTCUSDT,40084.89,40300.24,39550.0,39961.09,31022.11853,1238813296.1526136,1291233,41823.51,-26.830106089842214,41847.797999999995,44244.1805
1706054400000,2024-01-24,BTCUSDT,39897.59,40555.0,39484.19,40084.88,39293.82861,1569704923.830749,1675615,39961.09,-36.41927254309781,41204.234,43763.445
1705968000000,2024-01-23,BTCUSDT,39568.02,40176.74,38555.0,39897.6,57956.63351,2275851990.6468267,2043925,40084.88,-48.51640714073753,40777.542,43262.4615
1705881600000,2024-01-22,BTCUSDT,41580.32,41689.65,39431.58,39568.02,55426.19911,2247452153.795433,2147250,39897.6,-49.453621508717845,40267.02,42825.863
1705795200000,2024-01-21,BTCUSDT,41696.05,41881.39,41500.98,41580.33,11730.16301,489151571.0309043,657817,39568.02,-355.642112612839,40218.384,42517.325
1705708800000,2024-01-20,BTCUSDT,41659.03,41872.56,41456.3,41696.04,15923.99493,662768008.1509343,807324,41580.33,-247.3662598380302,40565.373999999996,42245.4885
1705622400000,2024-01-19,BTCUSDT,41327.51,42196.86,40280.0,41659.03,48342.74559,1993846466.538752,1641428,41696.04,-198.84098976618623,40880.204000000005,42064.0075
1705536000000,2024-01-18,BTCUSDT,42776.09,42930.0,40683.28,41327.5,43907.51641,1839426541.2635791,1466087,41659.03,-174.54769174679842,41166.183999999994,41912.902500000004
1705449600000,2024-01-17,BTCUSDT,43137.94,43198.0,42200.69,42776.1,33266.21388,1419888430.9228892,1438172,41327.5,2301.213666496703,41807.8,41896.759999999995
1705363200000,2024-01-16,BTCUSDT,42511.1,43578.01,42050.0,43137.95,45045.74589,1931947150.0590703,1716580,42776.1,2292.827025654065,42119.324,41918.222499999996
1705276800000,2024-01-15,BTCUSDT,41732.35,43400.43,41718.05,42511.1,40269.89303,1718982911.1081028,1657611,43137.95,-524.4858514401227,42282.335999999996,41914.633499999996
1705190400000,2024-01-14,BTCUSDT,42847.99,43079.0,41720.0,41732.35,28228.40894,1202212782.257693,1235727,42511.1,-1389.9199892872746,42296.99999999999,41850.696500000005
1705104000000,2024-01-13,BTCUSDT,42782.74,43257.0,42436.12,42847.99,36118.47464,1547370611.5531662,1434243,41732.35,711.875824901012,42601.098,41833.096000000005
1705017600000,2024-01-12,BTCUSDT,46339.16,46515.53,41500.0,42782.73,86327.93707,3827483735.576057,2809192,42847.99,539.8031734117299,42602.424,41818.0855
1704931200000,2024-01-11,BTCUSDT,46654.0,48969.48,45606.06,46339.16,87470.3296,4105139605.028302,2998451,42782.73,136.94315051418363,43242.666,42006.0435
1704844800000,2024-01-10,BTCUSDT,46110.0,47695.93,44300.36,46653.99,89911.41203,4123809481.712767,3133588,46339.16,135.86878587814778,44071.24399999999,42191.688
1704758400000,2024-01-09,BTCUSDT,46951.04,47972.0,44748.67,46110.0,69927.66617,3251442072.8083963,2637745,46653.99,143.6702401648315,44946.774,42332.053
1704672000000,2024-01-08,BTCUSDT,43929.01,47248.99,43175.0,46951.04,72814.57589,3298772150.681508,2364464,46110.0,132.28204718394358,45767.384000000005,42578.051999999996
1704585600000,2024-01-07,BTCUSDT,43968.32,44480.59,43572.09,43929.02,23023.8508,1014635096.124148,1109259,46951.04,330.14574081722185,45996.64200000001,42668.4715
1704499200000,2024-01-06,BTCUSDT,44145.12,44214.42,43397.05,43968.32,17835.06144,781212883.4916061,956642,43929.02,337.8848557396094,45522.474,42775.712
1704412800000,2024-01-05,BTCUSDT,44151.1,44357.46,42450.0,44145.11,48075.25327,2100953924.3687155,2064845,43968.32,315.93834470330773,45020.698000000004,42984.913
1704326400000,2024-01-04,BTCUSDT,42845.23,44729.58,42613.77,44151.1,48038.06334,2095095359.493635,1819944,44145.11,278.38468621617784,44628.91799999999,43188.224
1704240000000,2024-01-03,BTCUSDT,44946.91,45500.0,40750.0,42845.23,81194.55173,3507104563.7442317,2658041,44151.1,9275.090409373,43807.756,43335.6055
1704153600000,2024-01-02,BTCUSDT,44179.55,45879.63,44148.34,44946.91,65146.40661,2944331821.823076,2247532,42845.23,450.6290907482733,44011.334,43604.55
1704067200000,2024-01-01,BTCUSDT,42283.58,44184.1,42180.77,44179.55,27174.29903,1169995682.0280015,1114623,44946.91,488.579220234348,44053.58,43734.511
1703980800000,2023-12-31,BTCUSDT,42140.29,42899.0,41965.84,42283.58,23585.91603,1001519241.5559056,1016484,44179.55,1478.8200932460063,43681.274,43763.888
1703894400000,2023-12-30,BTCUSDT,42066.94,42612.32,41520.3,42140.28,22906.57818,964875790.984935,936545,42283.58,-994.2010145398548,43279.11,43787.9505
1703808000000,2023-12-29,BTCUSDT,42563.76,43111.0,41300.0,42066.95,42597.18912,1803086285.2465773,1571137,42140.28,-982.9919807762078,43123.454000000005,43824.922999999995
1703721600000,2023-12-28,BTCUSDT,43428.86,43787.57,42241.79,42563.76,35150.52485,1508408742.378081,1391826,42066.95,-105.32499867563706,42646.824,43814.306
1703635200000,2023-12-27,BTCUSDT,42508.93,43677.0,42098.69,43428.85,36191.21136,1554082990.052276,1439770,42563.76,-140.35669769374368,42496.683999999994,43828.851
1703548800000,2023-12-26,BTCUSDT,43576.12,43592.68,41637.6,42508.93,41010.04282,1746333612.3049452,1475816,43428.85,-125.70430455392436,42541.754,43828.74250000001
1703462400000,2023-12-25,BTCUSDT,42991.5,43802.32,42720.43,43576.13,27021.23992,1172053386.5109816,1168428,42508.93,-140.82923692779943,42828.924,43920.9315
1703376000000,2023-12-24,BTCUSDT,43702.15,43946.0,42500.0,42991.5,25144.33496,1093460634.889423,1137678,43576.13,-506.9609181670809,43013.833999999995,43928.107
1703289600000,2023-12-23,BTCUSDT,43969.04,43988.68,43291.1,43702.16,16557.1293,722943825.3332176,849658,42991.5,-2037.954613766185,43241.513999999996,43974.078499999996
1703203200000,2023-12-22,BTCUSDT,43861.79,44398.26,43412.54,43969.04,32783.19638,1436074497.5128598,1404109,43702.16,-3131.8850457204594,43349.552,43855.572499999995
1703116800000,2023-12-21,BTCUSDT,43668.92,44242.35,43286.72,43861.8,34624.29384,1514529919.1877794,1500702,43969.04,-1904.0165917732736,43620.126000000004,43715.963
1703030400000,2023-12-20,BTCUSDT,42275.99,44283.0,42206.0,43668.93,48710.2947,2115813869.7796192,1934588,43861.8,668.7289061551563,43638.686,43593.909499999994
1702944000000,2023-12-19,BTCUSDT,42657.8,43497.0,41811.1,42275.99,40927.86444,1747830242.4615936,1609188,43668.93,-127.54556482410528,43495.584,43360.157
1702857600000,2023-12-18,BTCUSDT,41374.64,42757.81,40542.93,42657.8,46734.0925,1936003306.0825727,1741647,42275.99,-248.953507474947,43286.712,43296.596000000005
1702771200000,2023-12-17,BTCUSDT,42278.02,42424.07,41252.0,41374.65,27722.11452,1161963642.9627964,1227634,42657.8,-416.80327417953015,42767.834,43166.9125
1702684800000,2023-12-16,BTCUSDT,41940.29,42724.43,41605.0,42278.03,24118.85747,1020469627.8857332,1180886,41374.65,3406.047186932848,42451.08,43073.5585
1702598400000,2023-12-15,BTCUSDT,43022.26,43080.81,41666.0,41940.3,33421.7932,1416898938.5099788,1323628,42278.03,-3704.563758389445,42105.354,42963.0185
1702512000000,2023-12-14,BTCUSDT,42869.03,43420.0,41400.0,43022.26,42047.05709,1798740625.30166,1599536,41940.3,1150.922573609595,42254.608,42971.87
1702425600000,2023-12-13,BTCUSDT,41492.38,43475.2,40555.0,42869.03,45865.99773,1919703389.48488,1724659,43022.26,-788.09081490479,42296.854,42867.976
1702339200000,2023-12-12,BTCUSDT,41253.41,42104.12,40680.0,41492.39,42722.69773,1773961284.3375635,1526411,42869.03,-434.0104668778399,42320.402,42733.618
1702252800000,2023-12-11,BTCUSDT,43789.5,43804.5,40222.0,41253.4,76663.89804,3205540835.5114336,2087142,41492.39,-143.99822622517507,42115.476,42682.109
1702166400000,2023-12-10,BTCUSDT,43713.59,44049.0,43563.0,43789.51,18956.61758,830485162.5569534,830667,41253.4,736.9331211388311,42485.31800000001,42764.570499999994
1702080000000,2023-12-09,BTCUSDT,44171.0,44358.02,43584.51,43713.6,24925.97008,1096487106.5648336,987352,43789.51,45193.53146854832,42623.585999999996,42846.903000000006
1701993600000,2023-12-08,BTCUSDT,43273.15,44700.0,43081.1,44170.99,42900.37556,1875581755.4469104,1311268,43713.6,2654.444169348882,42883.978,42927.264500000005
1701907200000,2023-12-07,BTCUSDT,43762.69,44047.33,42821.1,43273.14,47103.26845,2046945851.8836448,1414759,44170.99,-910.6530085278372,43240.128,42919.47900000001
1701820800000,2023-12-06,BTCUSDT,44073.82,44297.21,43335.28,43762.69,51431.10492,2256979505.594805,1876282,43273.14,6239.547781569775,43741.986,42982.167
1701734400000,2023-12-05,BTCUSDT,41991.1,44488.0,41414.0,44073.32,67490.74644,2890205389.490126,2072700,43762.69,342.77678556525484,43798.748,43007.02649999999
1701648000000,2023-12-04,BTCUSDT,39972.26,42420.0,39972.26,41991.1,79272.33059,3285736844.1408806,2112219,44073.32,-866.8096595170178,43454.248,42957.0065
1701561600000,2023-12-03,BTCUSDT,39450.35,40250.0,39274.86,39972.26,26710.65335,1059860641.0494444,1151524,41991.1,-412.0836571852339,42614.502,42770.51150000001
1701475200000,2023-12-02,BTCUSDT,38682.51,39717.14,38641.61,39450.35,26696.92161,1043421976.7660652,1034690,39972.26,-172.42545125332418,41849.944,42544.577000000005
1701388800000,2023-12-01,BTCUSDT,37723.97,38999.0,37615.86,38682.52,43415.66324,1669750777.6239817,1523417,39450.35,-149.66142587897247,40833.909999999996,42285.613
1701302400000,2023-11-30,BTCUSDT,37854.65,38145.85,37500.0,37723.96,24740.29147,934491058.960814,1007791,38682.52,-71.6018345507049,39564.038,41988.3645
1701216000000,2023-11-29,BTCUSDT,37818.88,38450.0,37570.0,37854.64,32994.19107,1252586505.66259,1131353,37723.96,-78.26196207315348,38736.746,41767.297000000006
1701129600000,2023-11-28,BTCUSDT,37242.7,38377.0,36868.41,37818.87,37544.46667,1414360251.6823456,1272779,37854.64,-106.8283281430346,38306.068,41525.3505
1701043200000,2023-11-27,BTCUSDT,37447.42,37569.23,36707.0,37242.7,30001.07376,1112557435.276792,1238017,37818.87,-97.84725858328964,37864.538,41318.753
1700956800000,2023-11-26,BTCUSDT,37780.67,37814.63,37150.0,37447.43,21264.53723,797321193.5893991,848020,37242.7,-25.117627024572418,37617.520000000004,41077.223000000005
1700870400000,2023-11-25,BTCUSDT,37713.57,37888.0,37591.1,37780.67,11396.14464,430165251.7609749,569448,37447.43,-32.4665890209391,37628.862,40869.2415
1700784000000,2023-11-24,BTCUSDT,37294.27,38414.0,37251.51,37713.57,44680.80646,1688715728.079148,1379414,37780.67,-22.746390973484793,37600.648,40603.807
1700697600000,2023-11-23,BTCUSDT,37408.35,37653.44,36870.0,37294.28,23827.92882,888826648.8541473,992284,37713.57,-24.56705793412125,37495.729999999996,40325.0695
1700611200000,2023-11-22,BTCUSDT,35741.65,37861.1,35632.01,37408.34,45051.30697,1657141022.427348,1648374,37294.28,-17.20616585488675,37528.85799999999,40120.867
1700524800000,2023-11-21,BTCUSDT,37448.79,37649.44,35735.0,35741.65,47646.54804,1756747495.981855,1936895,37408.34,-9.3943951212662,37187.702000000005,39845.279500000004
1700438400000,2023-11-20,BTCUSDT,37359.85,37750.0,36677.0,37448.78,36022.70291,1343722642.386475,1485050,35741.65,-54.814279927437866,37121.324,39528.243
1700352000000,2023-11-19,BTCUSDT,36568.11,37500.0,36384.02,37359.86,21246.34648,781531839.4371592,862400,37448.78,-95.30852855611678,37050.582,39210.556
1700265600000,2023-11-18,BTCUSDT,36613.91,36845.49,36178.58,36568.1,17102.24186,624434069.5256634,784498,37359.86,-86.385289270535,36905.346000000005,38830.4115
1700179200000,2023-11-17,BTCUSDT,36163.51,36800.0,35861.1,36613.92,38283.61112,1391225051.1923273,1349322,36568.1,-122.57855554481282,36746.462,38497.4505
1700092800000,2023-11-16,BTCUSDT,37858.2,37929.54,35500.0,36163.51,47490.39566,1744503339.0151725,1542446,36613.92,-162.49543400942048,36830.833999999995,38117.4915
1700006400000,2023-11-15,BTCUSDT,35551.2,37980.0,35360.0,37858.2,53569.13385,1963249656.5094736,1545427,36163.51,115159.26966297848,36912.71800000001,37806.7355
1699920000000,2023-11-14,BTCUSDT,36462.93,36744.0,34800.0,35551.19,45503.68416,1639130785.08681,1404428,37858.2,-180.7869717067659,36550.984,37484.74
1699833600000,2023-11-13,BTCUSDT,37064.13,37417.99,36333.0,36462.93,32798.18252,1208037462.3041444,1217191,35551.19,-642.6779691447491,36529.95,37309.273499999996
1699747200000,2023-11-12,BTCUSDT,37129.99,37222.22,36731.1,37064.13,17687.18874,655570813.1382711,810885,36462.93,-1410.8739890425124,36619.992000000006,37189.9625
1699660800000,2023-11-11,BTCUSDT,37301.63,37408.26,36666.93,37130.0,22984.97235,851924612.7339427,923300,37064.13,-790.0333502389849,36813.29,37112.3365
1699574400000,2023-11-10,BTCUSDT,36701.1,37526.0,36324.71,37301.63,43414.04898,1605069174.524103,1297729,37130.0,-1289.542166334893,36701.975999999995,37091.22
1699488000000,2023-11-09,BTCUSDT,35624.72,37972.24,35534.05,36701.09,82537.88885,3033417922.7826815,2138765,37301.63,-895.5208280652013,36931.956,37033.542499999996
1699401600000,2023-11-08,BTCUSDT,35399.13,36106.0,35100.0,35624.72,33401.34137,1185492160.4927278,1132568,36701.09,-291.43427411668415,36764.314,36923.835
1699315200000,2023-11-07,BTCUSDT,35046.09,35888.0,34523.06,35399.12,38688.73692,1358031361.1978528,1352796,35624.72,-1517.5546667445208,36431.312,36831.656
1699228800000,2023-11-06,BTCUSDT,35011.89,35276.33,34725.9,35046.09,22346.47086,782427702.2653205,988246,35399.12,-145.29340031381437,36014.530000000006,36711.58899999999
1699142400000,2023-11-05,BTCUSDT,35062.06,35380.0,34448.0,35011.88,24528.73376,859350974.0014893,1038468,35046.09,-148.67886438555632,35556.58,36573.1495
1699056000000,2023-11-04,BTCUSDT,34716.78,35255.0,34585.18,35062.07,18377.55545,639958598.4198353,794787,35011.88,-235.13077428736443,35228.776,36440.5745
1698969600000,2023-11-03,BTCUSDT,34941.58,34946.5,34120.0,34716.78,39071.20644,1347962831.5658624,1237373,35062.07,-184.24154253244325,35047.188,36311.6995
1698883200000,2023-11-02,BTCUSDT,35421.43,35984.99,34300.0,34941.59,48015.57732,1686141698.092171,1450837,34716.78,-304.4495547990028,34955.682,36188.362
1698796800000,2023-11-01,BTCUSDT,34639.78,35582.0,34097.39,35421.43,53473.28165,1856348820.479453,1624635,34941.59,-102.81150867747068,35030.75,36172.350999999995
1698710400000,2023-10-31,BTCUSDT,34474.74,34720.49,34025.0,34639.77,32737.89822,1125442444.4884882,1179053,35421.43,-274.8765662372981,34956.328,36031.9005
1698624000000,2023-10-30,BTCUSDT,34525.88,34856.0,34062.84,34474.73,33657.95976,1159771907.642105,1117727,34639.77,-80.14988431747327,34838.86,35887.64399999999
1698537600000,2023-10-29,BTCUSDT,34081.01,34750.11,33930.0,34525.89,20685.52176,711652985.1790963,717480,34474.73,-41.11116364094809,34800.682,35785.5335
1698451200000,2023-10-28,BTCUSDT,33892.01,34493.33,33860.0,34081.0,16880.13144,575936523.347353,607438,34525.89,-32.06395539521145,34628.564,35658.8875
1698364800000,2023-10-27,BTCUSDT,34151.66,34245.0,33390.95,33892.02,32330.40106,1096889423.419842,1112240,34081.0,-23.639067224697243,34322.682,35545.313
1698278400000,2023-10-26,BTCUSDT,34496.05,34824.13,33751.0,34151.66,39744.66255,1363077907.10912,1382785,33892.02,-41.799147260368386,34225.060000000005,35359.986
1698192000000,2023-10-25,BTCUSDT,33922.73,35132.85,33679.05,34496.05,54887.02529,1888210825.6063824,1643976,34151.66,-124.92845561590264,34229.324,35307.229
1698105600000,2023-10-24,BTCUSDT,33069.99,35280.0,32832.34,33922.73,115265.02418,3933194868.1611967,2850160,34496.05,-95.50525267713864,34108.691999999995,35180.219
1698019200000,2023-10-23,BTCUSDT,29992.46,34741.91,29883.6,33069.99,93513.64246,2941620022.8651876,2839938,33922.73,-71.35418248064406,33906.490000000005,34980.512
1697932800000,2023-10-22,BTCUSDT,29909.8,30248.0,29640.0,29992.46,22852.54563,683854827.8969324,1008299,33069.99,-28.091492642576355,33126.578,34623.634999999995
1697846400000,2023-10-21,BTCUSDT,29669.05,30379.99,29464.77,29909.8,27517.51897,821964508.4353629,1152137,29992.46,-26.393026762960854,32278.206,34254.0435
1697760000000,2023-10-20,BTCUSDT,28713.71,30207.55,28578.29,29669.04,59422.0992,1753411192.551091,1915748,29909.8,-26.939580881741207,31312.803999999996,33902.441
1697673600000,2023-10-19,BTCUSDT,28320.0,28916.89,28100.66,28713.71,35895.50179,1023984017.0322788,1330256,29669.04,-18.224981855784108,30271.0,33556.8905
1697587200000,2023-10-18,BTCUSDT,28395.91,28982.36,28142.87,28320.0,32162.47591,914773525.152758,1215235,28713.71,-9.22616994042049,29321.002,33202.9345
1697500800000,2023-10-17,BTCUSDT,28500.77,28613.65,28069.32,28395.91,38428.44532,1090741746.4830873,1345810,28320.0,-11.709103022809645,29001.692000000003,32870.4255
1697414400000,2023-10-16,BTCUSDT,27154.14,30000.0,27112.66,28500.78,78399.22445,2210785548.236096,2289339,28395.91,-13.993588831510138,28719.888,32544.8705
1697328000000,2023-10-15,BTCUSDT,26852.48,27293.33,26808.25,27154.15,15274.6917,412673965.3439348,682942,28500.78,-10.646197505609322,28216.909999999996,32149.4745
1697241600000,2023-10-14,BTCUSDT,26862.0,26989.58,26789.0,26852.48,10417.25576,280059019.0534013,517837,27154.15,-10.857132580389973,27844.664,31756.259499999996
1697155200000,2023-10-13,BTCUSDT,26759.63,27130.0,26685.0,26862.0,24115.76499,647553796.3580662,1035322,26852.48,-11.299114369518236,27553.064000000002,31352.28
1697068800000,2023-10-12,BTCUSDT,26875.52,26947.04,26555.0,26759.63,23428.64112,626909068.3868717,1066082,26862.0,-7.233331033559097,27225.808,30919.190000000002
1696982400000,2023-10-11,BTCUSDT,27390.12,27477.39,26538.66,26875.52,37349.44706,1007065585.9346406,1336479,26759.63,-4.017962005267336,26900.756,30530.9775
1696896000000,2023-10-10,BTCUSDT,27590.12,27735.0,27298.0,27390.12,22776.84383,626258724.2775784,1002272,26875.52,-12.564503314907768,26947.95,30176.747000000003
1696809600000,2023-10-09,BTCUSDT,27917.06,27987.93,27260.0,27590.12,31534.74639,870014634.3621609,1156525,27390.12,-18.627996649555513,27095.477999999996,29829.9585
1696723200000,2023-10-08,BTCUSDT,27956.67,28095.14,27687.5,27917.05,19693.56921,549839951.4800811,822730,27590.12,-64.93753041567678,27306.488,29521.761
1696636800000,2023-10-07,BTCUSDT,27931.1,28029.67,27842.08,27956.67,13348.83825,372820279.52314305,641623,27917.05,-71.03162615903685,27545.895999999997,29224.9935
1696550400000,2023-10-06,BTCUSDT,27410.39,28295.0,27175.94,27931.09,37983.24277,1052864393.8176136,1326700,27956.67,-79.82623205500713,27757.01,28913.964999999997
1696464000000,2023-10-05,BTCUSDT,27778.57,28120.39,27352.0,27410.39,30681.49619,849415594.0472504,1210397,27931.09,-106.4466132645856,27761.064000000002,28559.682
1696377600000,2023-10-04,BTCUSDT,27426.45,27839.72,27202.0,27778.57,29816.142,820421385.2557852,1188381,27410.39,-324.237666919084,27798.753999999997,28252.474
1696291200000,2023-10-03,BTCUSDT,27494.51,27676.52,27160.5,27426.46,28928.96555,794301815.4265021,1202377,27778.57,-173.25390685440152,27700.636,27970.297499999997
1696204800000,2023-10-02,BTCUSDT,27992.58,28580.0,27281.44,27494.51,57071.14241,1600944483.4902065,1464158,27426.46,-163.25538871277058,27608.203999999998,27845.4
1696118400000,2023-10-01,BTCUSDT,26962.57,28065.51,26954.09,27992.57,24602.81468,674657121.9944204,883593,27494.51,255.34338398416105,27620.5,27749.538499999995
1696032000000,2023-09-30,BTCUSDT,26906.96,27094.99,26886.31,26962.56,12804.62307,345406056.6806953,534908,27992.57,1944.812863372064,27530.933999999997,27614.214500000002
1695945600000,2023-09-29,BTCUSDT,27021.39,27244.89,26665.16,26906.96,28478.76219,767827314.931909,878610,26962.56,4740.502669039271,27356.612,27523.877
1695859200000,2023-09-28,BTCUSDT,26373.0,27308.48,26342.4,27021.39,44517.83491,1193420040.1309185,1158974,26906.96,857.9462102689542,27275.597999999998,27458.946500000002
1695772800000,2023-09-27,BTCUSDT,26221.68,26850.0,26112.06,26372.99,34771.57978,918797815.048481,939690,27021.39,-423.8294231190184,27051.294,27357.8005
1695686400000,2023-09-26,BTCUSDT,26304.8,26397.46,26088.34,26221.67,18495.35066,485217905.0421048,697727,26372.99,-138.24040395395605,26697.114,27243.845
1695600000000,2023-09-25,BTCUSDT,26248.39,26446.15,25990.46,26304.81,26266.2039,688252596.3809944,873488,26221.67,-116.57965782573903,26565.564000000002,27201.377999999997
1695513600000,2023-09-24,BTCUSDT,26575.97,26738.54,26122.08,26248.38,15706.65771,416368301.3736848,545045,26304.81,-70.20441429401885,26433.847999999998,27171.173
1695427200000,2023-09-23,BTCUSDT,26580.14,26632.81,26509.0,26575.96,9440.7026,250873957.3886738,421717,26248.38,-105.70213875469892,26344.762,27156.871000000003
1695340800000,2023-09-22,BTCUSDT,26568.08,26743.38,26468.77,26580.14,18198.2292,484331618.9485319,567149,26575.96,-108.34005699692824,26386.192,27147.896499999995
1695254400000,2023-09-21,BTCUSDT,27125.01,27159.6,26377.7,26568.08,34476.82662,920768143.3513128,823416,26580.14,-173.76262896083475,26455.474,27132.5245
1695168000000,2023-09-20,BTCUSDT,27210.25,27388.63,26800.0,27125.0,34207.21867,927206075.9626272,867288,26568.08,-252.82066190308643,26619.512,27119.2685
1695081600000,2023-09-19,BTCUSDT,26762.5,27483.57,26667.79,27210.26,36190.52187,981539255.55962,898076,27125.0,-803.7095282146131,26811.888,27100.2755
1694995200000,2023-09-18,BTCUSDT,26527.5,27409.0,26377.35,26762.51,43000.43256,1158780347.6253047,938705,27210.26,-228.08333333333331,26849.197999999997,27042.548499999997
1694908800000,2023-09-17,BTCUSDT,26559.67,26623.25,26399.0,26527.51,12998.10277,344703727.5601071,476775,26762.51,-79.96327795448633,26838.672,26971.090500000002
1694822400000,2023-09-16,BTCUSDT,26599.99,26777.0,26445.0,26559.67,13960.93351,370889866.4592735,526416,26527.51,-298.7589664672712,26836.99,26902.519500000002
1694736000000,2023-09-15,BTCUSDT,26522.73,26888.0,26224.0,26600.0,26227.29369,695203258.0004445,654094,26559.67,-405.2645295804024,26731.99,26862.0
1694649600000,2023-09-14,BTCUSDT,26222.0,26860.49,26126.77,26522.73,38333.1725,1015267319.7730224,799278,26600.0,-226.52107648497983,26594.483999999997,26799.208000000002
1694563200000,2023-09-13,BTCUSDT,25840.1,26405.22,25764.17,26222.0,31610.82753,825437881.4687591,714880,26522.73,-748.1091463010716,26486.382,26738.984999999997
1694476800000,2023-09-12,BTCUSDT,25162.53,26567.0,25131.48,25840.1,56434.38537,1464393036.9616623,1047056,26222.0,-296.03218282359734,26348.9,26656.2645
1694390400000,2023-09-11,BTCUSDT,25841.6,25900.69,24901.0,25162.52,41682.32,1057371884.6697066,864138,25840.1,-91.6080855124352,26069.47,26514.762
1694304000000,2023-09-10,BTCUSDT,25901.6,26033.66,25570.57,25841.61,18738.26914,483577459.20553446,489773,25162.52,-424.2004080930243,25917.792,26458.714499999995
1694217600000,2023-09-09,BTCUSDT,25910.5,25945.09,25796.64,25901.61,10980.62277,284109473.8075783,359038,25841.61,-216.19930303255023,25793.568000000003,26408.447000000004
1694131200000,2023-09-08,BTCUSDT,26255.0,26445.5,25647.26,25910.5,28999.76471,754184537.1096923,646852,25901.61,-218.42333193954943,25731.268,26352.902500000004
1694044800000,2023-09-07,BTCUSDT,25759.95,26443.14,25615.38,26255.0,27687.49567,718923008.9071183,631929,25910.5,-577.2166858310941,25814.248,26347.003000000004
1693958400000,2023-09-06,BTCUSDT,25792.11,26040.0,25372.51,25759.95,27262.52386,700763180.8011677,636302,26255.0,-91.58858649866306,25933.734,26323.916999999998
1693872000000,2023-09-05,BTCUSDT,25826.03,25915.49,25562.62,25792.1,21323.39337,548893707.6002005,566736,25759.95,-84.41360636317475,25923.832000000002,26298.2815
1693785600000,2023-09-04,BTCUSDT,25971.21,26108.02,25631.21,25826.02,21777.59609,563532890.5699993,596830,25792.1,-131.45255154886905,25908.714,26277.163500000002
1693699200000,2023-09-03,BTCUSDT,25869.52,26135.0,25800.0,25971.21,17474.47667,453100690.1021077,496412,25826.02,-247.38989753730027,25920.856,26246.926
1693612800000,2023-09-02,BTCUSDT,25805.04,25987.5,25752.47,25869.51,16250.77698,419812969.94685984,567728,25971.21,-194.74759476063525,25843.757999999998,26211.394500000002
1693526400000,2023-09-01,BTCUSDT,25940.77,26156.0,25333.75,25805.05,41032.15056,1059444591.7097496,881179,25869.51,-164.0027674696517,25852.778,26173.243
1693440000000,2023-08-31,BTCUSDT,27299.99,27587.51,25655.01,25940.78,51032.80401,1360373186.0116708,944690,25805.05,-247.3528653664398,25882.514000000003,26114.032
1693353600000,2023-08-30,BTCUSDT,27716.34,27768.57,27017.24,27299.99,35448.25848,969086451.1625257,690292,25940.78,259.6202191114942,26177.308,26118.5185
1693267200000,2023-08-29,BTCUSDT,26120.0,28142.85,25922.0,27716.34,74251.99488,2023326050.758479,1137083,27299.99,171.3549439304138,26526.333999999995,26166.21
1693180800000,2023-08-28,BTCUSDT,26101.78,26253.99,25864.5,26120.0,22692.62655,591008939.17657,523057,27716.34,335.7803818356519,26576.432,26145.8345
1693094400000,2023-08-27,BTCUSDT,26017.38,26182.23,25966.11,26101.77,12099.64216,315548363.0193776,349090,26120.0,974.7616851168516,26635.776,26122.9395
1693008000000,2023-08-26,BTCUSDT,26060.0,26125.77,25985.92,26017.37,10022.22322,261041530.4758038,329412,26101.77,2138.8562543193043,26651.094,26093.808
1692921600000,2023-08-25,BTCUSDT,26180.05,26314.05,25777.15,26060.01,27753.33772,722611079.1898074,611438,26017.37,1678.6101264129663,26403.097999999998,26070.672
1692835200000,2023-08-24,BTCUSDT,26432.71,26577.87,25864.0,26180.05,30205.22116,792966965.8982657,575619,26060.01,-3049.006004002635,26095.84,26068.5745
1692748800000,2023-08-23,BTCUSDT,26055.99,26819.27,25812.82,26432.72,44023.69978,1156326251.922411,673711,26180.05,377.231446110855,26158.384,26098.2055
1692662400000,2023-08-22,BTCUSDT,26126.92,26139.42,25300.0,26056.0,34247.06688,886782344.160293,603624,26432.72,949.5073891625576,26149.23,26142.8795
1692576000000,2023-08-21,BTCUSDT,26190.0,26258.42,25812.0,26126.92,30267.24233,788205156.3215923,565987,26056.0,845.0481887670379,26171.14,26157.144999999997
1692489600000,2023-08-20,BTCUSDT,26100.01,26299.0,25971.05,26189.99,19056.91209,497880752.23011583,451543,26126.92,1124.7051832891375,26197.136,26171.564000000002
1692403200000,2023-08-19,BTCUSDT,26054.0,26281.0,25801.09,26100.01,26160.75343,680623880.8247553,615764,26189.99,1067.5184381778768,26181.128,26181.0395
1692316800000,2023-08-18,BTCUSDT,26623.41,26832.6,25619.0,26054.0,69790.65711,1834219523.699404,1293122,26100.01,988.4032938341024,26105.384,26170.9895
1692230400000,2023-08-17,BTCUSDT,28730.51,28783.48,25166.0,26623.41,100271.54033,2755821274.340605,1976577,26054.0,423.99396451957904,26218.865999999998,26214.1625
1692144000000,2023-08-16,BTCUSDT,29200.01,29259.85,28723.08,28730.51,32996.69854,959870747.0063144,768028,26623.41,254.6067164387782,26739.583999999995,26361.083000000002
1692057600000,2023-08-15,BTCUSDT,29430.92,29499.26,29059.6,29200.0,27503.87691,806683957.3100157,591162,28730.51,249.0691937505901,27341.586,26529.782
1691971200000,2023-08-14,BTCUSDT,29303.85,29695.32,29102.45,29430.93,31443.11532,924613476.681799,671592,29200.0,118.58511052785784,28007.77,26702.768
1691884800000,2023-08-13,BTCUSDT,29430.18,29474.65,29272.32,29303.84,11101.70947,326264625.2296824,341726,29430.93,122.61661987401914,28657.738,26874.4845
1691798400000,2023-08-12,BTCUSDT,29426.02,29481.35,29381.56,29430.17,8971.48068,263949405.54340288,310852,29303.84,118.74706985466489,29219.089999999997,27055.740499999996
1691712000000,2023-08-11,BTCUSDT,29455.76,29564.52,29252.45,29426.03,20637.0443,607176051.3015367,437828,29430.17,119.13060528457947,29358.194,27230.003000000004
1691625600000,2023-08-10,BTCUSDT,29581.99,29738.0,29320.2,29455.75,23463.45373,692863472.0877249,513691,29426.03,119.65808834752885,29409.344,27337.791000000005
1691539200000,2023-08-09,BTCUSDT,29770.41,30160.0,29376.67,29581.99,38003.88725,1130396850.0974116,750252,29455.75,120.4472782581361,29439.556,27431.0735
1691452800000,2023-08-08,BTCUSDT,29211.06,30244.0,29146.45,29770.42,45700.53392,1352934531.6659672,877168,29581.99,107.19412452011352,29532.872000000003,27613.5945
1691366400000,2023-08-07,BTCUSDT,29088.43,29276.78,28701.03,29211.06,30966.87746,899492595.6812717,671438,29770.42,126.80098828198452,29489.05,27769.058999999997
1691280000000,2023-08-06,BTCUSDT,29072.13,29205.09,28991.88,29088.42,13178.1972,383209498.87775046,338654,29211.06,132.7494540147598,29421.528,27922.6115
1691193600000,2023-08-05,BTCUSDT,29114.0,29152.23,28978.64,29072.13,11645.52018,338478560.12182474,331924,29088.42,129.4580972504473,29344.803999999996,28073.2175
1691107200000,2023-08-04,BTCUSDT,29193.65,29333.08,28807.54,29113.99,23551.95217,686643453.3930904,544850,29072.13,127.10858532217414,29251.204000000005,28219.914500000003
1691020800000,2023-08-03,BTCUSDT,29186.0,29433.33,28968.0,29193.64,26476.91994,773302705.4947629,651970,29113.99,132.2741544531033,29135.847999999998,28357.960499999997
1690934400000,2023-08-02,BTCUSDT,29705.99,30047.5,28927.5,29186.01,48181.65141,1419729744.649752,945158,29193.64,283.7870472008776,29130.838,28514.461
1690848000000,2023-08-01,BTCUSDT,29232.26,29739.25,28585.7,29705.99,44719.65162,1299160215.077924,900141,29186.01,265.4479337536305,29254.352000000003,28693.414500000003
1690761600000,2023-07-31,BTCUSDT,29281.09,29530.0,29101.8,29232.25,22605.48964,663025204.2072345,563115,29705.99,-559.7996778739665,29286.376,28845.527500000004
1690675200000,2023-07-30,BTCUSDT,29352.9,29449.0,29033.24,29281.09,15706.97441,459830379.6509824,454846,29232.25,-5103.516483516474,29319.796000000002,29004.5815
1690588800000,2023-07-29,BTCUSDT,29314.14,29406.92,29256.18,29352.9,10851.36844,318276733.8766431,339750,29281.09,-1432.0305422544936,29351.647999999997,29169.5265
1690502400000,2023-07-28,BTCUSDT,29222.78,29542.22,29123.12,29314.14,23993.61627,702705076.837866,543177,29352.9,-988.9444990615868,29377.273999999998,29304.063000000002
1690416000000,2023-07-27,BTCUSDT,29351.95,29567.49,29083.85,29222.78,22476.47626,659594157.3443576,583045,29314.14,-462.20972657423545,29280.632,29328.6765
1690329600000,2023-07-26,BTCUSDT,29228.91,29690.0,29096.94,29351.96,33931.63366,995569172.1396836,750401,29222.78,-469.3952962656994,29304.574,29336.2745
1690243200000,2023-07-25,BTCUSDT,29176.5,29376.0,29047.65,29228.91,21565.7478,629531351.1145664,533797,29351.96,-164.59899170837213,29294.138,29326.173500000004
1690156800000,2023-07-24,BTCUSDT,30083.75,30099.58,28861.9,29176.5,39628.99691,1162562413.8190153,869107,29228.91,-2579.0509259258333,29258.857999999997,29319.8065
1690070400000,2023-07-23,BTCUSDT,29793.99,30350.0,29730.0,30083.75,18292.78637,548940321.0915866,519434,29176.5,180.7008730772709,29412.78,29352.485500000003
1689984000000,2023-07-22,BTCUSDT,29901.72,29999.0,29625.1,29794.0,14660.40467,437785700.3396102,423988,30083.75,249.1542798564847,29527.023999999998,29370.884000000002
1689897600000,2023-07-21,BTCUSDT,29800.0,30061.7,29726.34,29901.72,23881.40865,713123417.7612139,555611,29794.0,236.68388914983623,29636.976000000002,29393.182500000003
1689811200000,2023-07-20,BTCUSDT,29909.21,30417.46,29570.96,29800.0,37540.68193,1125950643.7116497,749723,29901.72,294.3432944125609,29751.194,29404.083000000002
1689724800000,2023-07-19,BTCUSDT,29859.14,30189.09,29761.96,29909.21,25657.36137,769254865.285115,617415,29800.0,261.8902101769917,29897.735999999997,29411.0225
1689638400000,2023-07-18,BTCUSDT,30138.01,30239.78,29512.0,29859.13,30003.8601,897157095.477411,754775,29909.21,897.2247616560055,29852.811999999998,29443.426
1689552000000,2023-07-17,BTCUSDT,30232.0,30336.96,29659.2,30138.0,30882.76839,929647644.243343,816466,29859.13,182.48744134695016,29921.612,29495.905
1689465600000,2023-07-16,BTCUSDT,30289.52,30441.46,30064.29,30231.99,15760.1281,477189328.0072937,494225,30138.0,178.57082763697548,29987.666000000005,29553.897999999997
1689379200000,2023-07-15,BTCUSDT,30312.0,30390.9,30200.0,30289.52,14118.55329,427921094.3021783,488354,30231.99,179.76874292669405,30085.57,29612.6745
1689292800000,2023-07-14,BTCUSDT,31454.23,31630.0,29900.0,30312.01,60749.48424,1869443273.7476244,1274387,30289.52,170.9882048763867,30166.130000000005,29668.593
1689206400000,2023-07-13,BTCUSDT,30380.0,31804.2,30251.0,31454.23,70772.51836,2194927210.224416,1301632,30312.01,127.65063075578652,30485.15,29782.003999999997
1689120000000,2023-07-12,BTCUSDT,30622.1,30983.25,30210.0,30380.0,38108.99669,1166497472.4331727,784195,31454.23,264.511108517178,30533.55,29815.7045
1689033600000,2023-07-11,BTCUSDT,30411.57,30813.63,30300.0,30622.1,28476.83311,868966244.2412691,691213,30380.0,212.5611007830949,30611.571999999996,29885.196999999996
1688947200000,2023-07-10,BTCUSDT,30160.71,31045.78,29950.0,30411.57,41262.87652,1254289037.7420728,896853,30622.1,239.77426380690957,30635.982,29941.721
1688860800000,2023-07-09,BTCUSDT,30284.63,30445.52,30061.12,30160.71,15388.50196,465781514.2589476,473168,30411.57,2669.087837837862,30605.721999999998,29982.1115
1688774400000,2023-07-08,BTCUSDT,30344.7,30386.81,30044.47,30284.63,13094.59042,395759717.57242787,480214,30160.71,443.92923384220177,30371.802000000003,30030.636
1688688000000,2023-07-07,BTCUSDT,29895.42,30449.0,29701.02,30344.7,34070.53895,1027461795.2332093,912948,30284.63,480.92464671091267,30364.742,30086.731999999996
1688601600000,2023-07-06,BTCUSDT,30504.8,31500.0,29850.45,29895.43,71319.6261,2181763648.99527,1397042,30344.7,2232.4216703342654,30219.408000000003,30113.9055
1688515200000,2023-07-05,BTCUSDT,30766.52,30878.07,30200.0,30504.81,33215.67122,1013694790.31705,827926,29895.43,441.6672263263918,30238.056,30177.7005
1688428800000,2023-07-04,BTCUSDT,31156.2,31350.69,30620.0,30766.51,33206.11943,1028794008.5245212,779472,30504.81,318.7495867222118,30359.215999999997,30257.200999999994
1688342400000,2023-07-03,BTCUSDT,30617.02,31380.0,30570.27,31156.2,43761.64311,1352635339.5043936,781855,30766.51,294.94107248084833,30533.53,30310.8235
1688256000000,2023-07-02,BTCUSDT,30585.9,30791.0,30155.0,30617.03,23286.41019,711031423.4334425,591533,31156.2,755.531892790365,30587.995999999996,30351.975
1688169600000,2023-07-01,BTCUSDT,30471.99,30661.6,30320.57,30585.9,17501.75075,533859338.1325383,567975,30617.03,962.1330724070416,30726.090000000004,30386.183999999997
1688083200000,2023-06-30,BTCUSDT,30447.31,31282.0,29500.0,30472.0,89419.07618,2726355505.5063505,1559366,30585.9,1768.2855178448508,30719.528000000002,30419.783999999996
1687996800000,2023-06-29,BTCUSDT,30077.4,30843.98,30049.98,30447.31,36330.62903,1107940389.9242406,758428,30472.0,-167.52671513129178,30655.688000000002,30446.689000000002
1687910400000,2023-06-28,BTCUSDT,30692.44,30709.74,29858.8,30077.41,40463.51937,1224103637.6132562,895470,30447.31,-557.4738094451237,30439.93,30457.603000000003
1687824000000,2023-06-27,BTCUSDT,30267.99,30994.97,30226.17,30692.44,42699.64157,1306206257.0193572,824373,30077.41,2928.333807222065,30455.012,30485.325
1687737600000,2023-06-26,BTCUSDT,30462.67,30666.0,29930.0,30267.99,45180.41489,1367837657.5451825,954783,30692.44,-1434.5939545897984,30391.430000000004,30487.125
1687651200000,2023-06-25,BTCUSDT,30527.44,31046.01,30277.49,30462.66,30223.44801,926316644.4167664,789910,30267.99,746.6335486007602,30389.561999999998,30495.782
1687564800000,2023-06-24,BTCUSDT,30688.51,30800.0,30250.0,30527.43,30513.30135,933244397.704002,776343,30462.66,904.1639209225708,30405.586,30506.553000000004
1687478400000,2023-06-23,BTCUSDT,29884.92,31431.94,29800.0,30688.5,73931.89635,2265077496.195469,1338533,30527.43,667.9203025014551,30527.803999999996,30468.266500000005
1687392000000,2023-06-22,BTCUSDT,29993.89,30500.0,29525.61,29884.92,59054.5646,1775822103.7632556,1146092,30688.5,-21848.81065651291,30366.3,30443.5125
1687305600000,2023-06-21,BTCUSDT,28308.0,30800.0,28257.99,29993.89,108926.40412,3210301129.3662906,1872873,29884.92,-351.5031707508006,30311.48,30412.102000000003
1687219200000,2023-06-20,BTCUSDT,26844.35,28402.74,26652.0,28307.99,69666.95525,1912797983.5310051,1189024,29993.89,-62.40339716577466,29880.545999999995,30306.923
1687132800000,2023-06-19,BTCUSDT,26339.98,27068.09,26256.61,26844.35,35872.65974,954193987.2948112,732735,28307.99,-26.543363057620223,29143.93,30141.105
1687046400000,2023-06-18,BTCUSDT,26516.99,26700.0,26255.85,26339.97,21538.31022,571013013.8553362,555956,26844.35,-26.759269217640124,28274.224,29943.872000000003
1686960000000,2023-06-17,BTCUSDT,26345.01,26839.99,26181.0,26516.99,27842.2195,738491809.8811625,666967,26339.97,-32.478722802912785,27600.638,29752.486500000006
1686873600000,2023-06-16,BTCUSDT,25598.49,26518.0,25175.56,26345.0,51596.91662,1335158158.639614,926194,26516.99,-32.02156530167187,26870.860000000004,29574.965000000004
1686787200000,2023-06-15,BTCUSDT,25128.6,25759.01,24800.0,25598.49,48664.86063,1224436974.8502872,943268,26345.0,-27.254672270779253,26328.96,29329.648999999998
1686700800000,2023-06-14,BTCUSDT,25934.24,26098.0,24820.56,25128.6,45077.31608,1152808416.919793,957418,25598.49,-26.703995505990292,25985.809999999998,29047.753500000003
1686614400000,2023-06-13,BTCUSDT,25905.2,26433.21,25712.57,25934.25,41065.60853,1068985236.5126554,1007138,25128.6,-31.779941532389444,25904.665999999997,28786.656
1686528000000,2023-06-12,BTCUSDT,25925.54,26106.48,25602.11,25905.19,29900.50893,773303698.8633221,858037,25934.25,-34.66008068213077,25782.306,28551.063999999995
1686441600000,2023-06-11,BTCUSDT,25841.22,26206.88,25634.7,25925.55,30014.29595,776111471.8669971,833902,25905.19,-29.486611521431115,25698.416,28318.046500000004
1686355200000,2023-06-10,BTCUSDT,26477.8,26533.87,25358.0,25841.21,64944.60108,1673795235.4008925,1713871,25925.55,-27.16624486259721,25746.96,28086.507
1686268800000,2023-06-09,BTCUSDT,26498.62,26783.33,26269.91,26477.81,27934.7097,741158215.0539023,746911,25841.21,-41.5276356131657,26016.802,27888.032
1686182400000,2023-06-08,BTCUSDT,26339.34,26810.0,26210.0,26498.61,31075.51083,823023638.236875,848252,26477.81,-52.25156586372793,26129.674000000003,27709.091999999997
1686096000000,2023-06-07,BTCUSDT,27230.07,27391.77,26125.01,26339.34,59619.44364,1589291467.5372326,1311928,26498.61,-45.434595230603065,26216.504000000004,27491.436999999998
1686009600000,2023-06-06,BTCUSDT,25728.2,27355.33,25351.02,27230.08,68392.60438,1797636024.0812123,1345725,26339.34,-236.67745915707297,26477.409999999996,27339.541500000003
1685923200000,2023-06-05,BTCUSDT,27115.2,27129.33,25388.0,25728.2,65805.60305,1722665798.09203,1420829,27230.08,-228.5687407606512,26454.808,27102.8185
1685836800000,2023-06-04,BTCUSDT,27069.22,27455.02,26951.0,27115.21,19258.41049,523747237.4389696,504474,25728.2,507.9949435013687,26582.288,26932.2075
1685750400000,2023-06-03,BTCUSDT,27242.59,27333.29,26914.93,27069.22,16595.34117,450588672.4704081,466520,27115.21,681.085779475944,26696.409999999996,26751.2435
1685664000000,2023-06-02,BTCUSDT,26817.93,27300.0,26505.0,27242.59,36380.90269,983857061.640842,811087,27069.22,438.34378725253185,26877.059999999998,26619.127
1685577600000,2023-06-01,BTCUSDT,27210.36,27350.0,26605.05,26817.93,39217.8088,1055132509.8658342,814389,27242.59,322.65056091320656,26794.629999999997,26460.328999999998
1685491200000,2023-05-31,BTCUSDT,27694.39,27835.51,26839.01,27210.35,46588.80573,1265952178.7798684,908537,26817.93,207.85156719106527,27091.059999999998,26405.447000000004
1685404800000,2023-05-30,BTCUSDT,27736.39,28038.59,27554.0,27694.4,32686.75371,908653906.0072744,745633,27210.35,227.55731045649512,27206.897999999997,26447.9495
1685318400000,2023-05-29,BTCUSDT,28065.01,28447.14,27524.6,27736.4,42385.41945,1182678581.634669,805579,27694.4,221.02052741083747,27340.333999999995,26517.771
1685232000000,2023-05-28,BTCUSDT,26854.28,28261.32,26764.36,28065.0,43916.00855,1205762341.9704952,843861,27736.4,203.58456612680823,27504.816000000003,26595.171500000004
1685145600000,2023-05-27,BTCUSDT,26705.93,26895.0,26551.0,26854.27,15095.6867,403337263.0344908,415694,28065.0,429.9439322448814,27512.084000000003,26620.635000000002
1685059200000,2023-05-26,BTCUSDT,26473.8,26932.16,26327.24,26705.92,35061.18713,932817724.59401,655755,26854.27,1630.3493928368118,27411.197999999997,26676.0065
1684972800000,2023-05-25,BTCUSDT,26329.0,26631.98,25871.89,26473.79,37435.44895,984117789.7017612,753125,26705.92,-14900.040290088977,27167.076,26743.265999999996
1684886400000,2023-05-24,BTCUSDT,27219.61,27219.61,26080.5,26329.01,54393.0657,1442636235.4543552,1012767,26473.79,-35800.484027100414,26885.597999999998,26763.003999999997
1684800000000,2023-05-23,BTCUSDT,26849.28,27495.83,26798.11,27219.61,38700.83858,1054565781.6023751,816399,26329.01,-35320.439350523535,26716.52,26828.725
1684713600000,2023-05-22,BTCUSDT,26747.78,27099.89,26538.21,26849.27,26458.83828,709594996.7242744,717111,27219.61,329.86789406549093,26715.52,26874.911
1684627200000,2023-05-21,BTCUSDT,27102.42,27277.55,26666.03,26747.78,21347.87279,575213570.2794422,568937,26849.27,-628.9742263832563,26723.892,26920.239500000003
1684540800000,2023-05-20,BTCUSDT,26880.26,27150.0,26825.11,27102.43,14434.54718,389225653.7451669,481382,26747.78,8026.769045468505,26849.620000000003,26951.470500000003
1684454400000,2023-05-19,BTCUSDT,26821.28,27183.6,26630.0,26880.26,28754.13544,772864757.1633048,756295,27102.43,-687.8591339386728,26959.869999999995,26970.553000000004
1684368000000,2023-05-18,BTCUSDT,27405.62,27485.33,26361.2,26821.28,49198.65143,1330745572.694637,1057318,26880.26,74397.61194032959,26880.204000000005,26994.65
1684281600000,2023-05-17,BTCUSDT,27033.85,27500.0,26544.71,27405.61,42958.97785,1159714527.6352637,1016823,26821.28,1374.6952780907386,26991.471999999998,27003.4265
1684195200000,2023-05-16,BTCUSDT,27162.15,27296.89,26852.11,27033.84,33270.45451,900273404.6010331,815642,27405.61,-333.0779944289693,27048.684,27068.7085
1684108800000,2023-05-15,BTCUSDT,26917.61,27663.59,26726.0,27162.14,40430.08333,1104633264.1315742,935914,27033.84,-398.1611116915672,27060.626,27071.055
1684022400000,2023-05-14,BTCUSDT,26775.27,27200.0,26560.53,26917.62,21594.8036,580801698.0002693,629537,27162.14,-170.63919538426703,27068.097999999998,27063.475
1683936000000,2023-05-13,BTCUSDT,26795.01,27045.45,26692.03,26775.28,22814.90421,612062852.0866882,605049,26917.62,-2478.6428661855502,27058.897999999997,27040.1095
1683849600000,2023-05-12,BTCUSDT,26968.61,27091.12,25811.46,26795.01,67207.93494,1777052127.7310932,1351633,26775.28,2219.7889774385485,26936.778,27038.9635
1683763200000,2023-05-11,BTCUSDT,27598.74,27630.14,26702.05,26968.62,47635.31365,1295799109.011004,1257000,26795.01,434.73920336277376,26923.733999999997,27026.877
1683676800000,2023-05-10,BTCUSDT,27628.28,28331.42,26777.0,27598.75,71155.11355,1971173412.435502,1534579,26968.62,219.04878164033596,27011.056,27022.0945
1683590400000,2023-05-09,BTCUSDT,27668.8,27818.0,27353.0,27628.27,40113.31069,1106923908.3058467,1003698,27598.75,469.8942886507131,27153.185999999998,27016.688000000002
1683504000000,2023-05-08,BTCUSDT,28430.09,28631.01,27262.0,27668.79,68244.36179,1903052694.6684127,1600637,27628.27,239.26078680203088,27331.888,26996.877499999995
1683417600000,2023-05-07,BTCUSDT,28848.19,29138.29,28395.23,28430.1,30003.41028,865838535.326382,855425,27668.79,161.8063150886872,27658.906,27075.669
1683331200000,2023-05-06,BTCUSDT,29505.6,29820.0,28300.0,28848.2,49249.28459,1429517892.7805023,1221021,28430.1,159.5599649438358,28034.821999999996,27182.783000000003
1683244800000,2023-05-05,BTCUSDT,28838.16,29677.0,28800.0,29505.61,58415.83048,1709786814.901134,1288027,28848.2,131.14289523301653,28416.194,27334.374
1683158400000,2023-05-04,BTCUSDT,29026.16,29379.83,28663.64,28838.16,42575.47501,1233816136.1606576,961542,29505.61,170.70723097060812,28658.172,27459.8315
1683072000000,2023-05-03,BTCUSDT,28669.85,29266.66,28113.69,29026.16,64615.79213,1845961218.843244,1502909,28838.16,187.99975317022012,28929.646,27550.158999999996
1682985600000,2023-05-02,BTCUSDT,28068.26,28879.88,27872.0,28669.86,50824.5224,1441733922.0116444,1174697,29026.16,186.22205107517027,28977.597999999998,27641.1885
1682899200000,2023-05-01,BTCUSDT,29233.2,29337.34,27666.95,28068.26,64433.65958,1828221138.95444,1362793,28669.86,322.0688209067238,28821.609999999997,27707.212499999994
1682812800000,2023-04-30,BTCUSDT,29230.45,29969.39,29079.59,29233.21,39752.5372,1172155267.8761897,949458,28068.26,176.33864371499283,28767.129999999997,27813.751500000002
1682726400000,2023-04-29,BTCUSDT,29311.69,29448.88,29031.0,29230.45,20466.83058,599466910.0466621,619319,29233.21,166.31353429701403,28845.588,27931.261
1682640000000,2023-04-28,BTCUSDT,29472.77,29599.54,28891.0,29311.7,54298.16578,1590683771.668198,1129240,29230.45,164.69251278464964,28902.695999999996,28055.782
1682553600000,2023-04-27,BTCUSDT,28415.29,29890.0,28378.86,29472.77,95430.82431,2784859692.36462,1990148,29311.7,165.01647265539205,29063.278000000002,28159.139999999996
1682467200000,2023-04-26,BTCUSDT,28300.8,30036.0,27235.0,28415.29,129228.40403,3719701461.909163,2261942,29472.77,428.8987679721748,29132.683999999997,28228.2125
1682380800000,2023-04-25,BTCUSDT,27510.93,28399.99,27192.0,28300.79,52325.14637,1446329375.242731,1087067,28415.29,516.3578778326294,28946.2,28285.145
1682294400000,2023-04-24,BTCUSDT,27590.59,28000.0,26942.82,27510.93,53111.56874,1458406515.6404212,1211080,28300.79,-2174.1353097681404,28602.295999999995,28314.8105
1682208000000,2023-04-23,BTCUSDT,27816.85,27816.85,27311.25,27590.6,34812.09581,959389698.7572552,873485,27510.93,-327.62954139368685,28258.076,28355.576500000003
1682121600000,2023-04-22,BTCUSDT,27262.84,27882.72,27140.35,27816.85,36023.69686,989379475.3218232,859500,27590.6,-248.08261017113415,27926.892000000003,28406.6685
1682035200000,2023-04-21,BTCUSDT,28243.65,28374.02,27125.0,27262.84,77684.7679,2164667611.9354606,1463628,27816.85,-84.76972672186614,27696.402000000002,28421.3795
1681948800000,2023-04-20,BTCUSDT,28797.1,29088.3,28010.0,28243.65,76879.09372,2198854031.424746,1434642,27262.84,-484.76896940337554,27684.974,28453.624499999998
1681862400000,2023-04-19,BTCUSDT,30380.01,30413.53,28520.0,28797.1,86575.48656,2541283888.3034472,1699891,28243.65,-1417.728979306724,27942.208000000002,28512.066
1681776000000,2023-04-18,BTCUSDT,29430.27,30485.0,29096.78,30380.01,62004.89434,1861001491.9786973,1141562,28797.1,282.4524164546972,28500.089999999997,28647.627
1681689600000,2023-04-17,BTCUSDT,30304.66,30316.06,29240.65,29430.27,56441.81127,1675287761.4330356,1137294,30380.01,354.6493784920808,28822.773999999998,28697.635500000004
1681603200000,2023-04-16,BTCUSDT,30295.1,30549.99,30120.0,30304.65,26431.99322,801322926.1525651,708233,29430.27,423.70921376838544,29431.136,28770.458000000002
1681516800000,2023-04-15,BTCUSDT,30466.93,30595.6,30202.0,30295.09,25429.81247,772211097.614016,732418,30304.65,426.41550195371224,29841.424,28809.932
1681430400000,2023-04-14,BTCUSDT,30373.84,31000.0,29966.0,30466.93,75984.19452,2323267494.38023,1504180,30295.09,400.8188845511283,30175.390000000003,28891.370499999997
1681344000000,2023-04-13,BTCUSDT,29888.07,30595.0,29854.59,30373.84,51934.11731,1571091101.1299677,1054144,30466.93,496.0003107416738,30174.156,28958.754500000003
1681257600000,2023-04-12,BTCUSDT,30200.43,30486.0,29637.4,29888.07,62049.48451,1863497606.1415305,1246556,30373.84,303.46080202066855,30265.716000000004,29019.664999999997
1681171200000,2023-04-11,BTCUSDT,29637.35,30550.0,29590.0,30200.42,67990.07621,2046078278.0821176,1340458,29888.07,251.71533403873397,30244.870000000003,29126.273000000005
1681084800000,2023-04-10,BTCUSDT,28323.76,29770.0,28170.0,29637.34,67754.0622,1955300943.1708305,1285695,30200.42,224.870086201626,30113.32,29146.479499999998
1680998400000,2023-04-09,BTCUSDT,27938.38,28530.0,27800.0,28323.76,32531.16101,913915923.6951956,777589,29637.34,641.3320421190465,29684.685999999998,29101.145
1680912000000,2023-04-08,BTCUSDT,27906.34,28154.99,27859.02,27938.38,19479.96735,545324518.6860753,624159,28323.76,3682.8272854438537,29197.594,29032.479
1680825600000,2023-04-07,BTCUSDT,28033.83,28100.0,27766.94,27906.33,24762.09387,691323748.9286413,655634,27938.38,695.5415002564124,28801.246000000003,28954.157
1680739200000,2023-04-06,BTCUSDT,28170.01,28182.05,27711.0,28033.82,40118.94963,1122713087.5561826,934548,27906.33,-1726.359433827369,28367.926,28935.0835
1680652800000,2023-04-05,BTCUSDT,28165.47,28775.0,27805.1,28170.01,60737.64732,1721098539.066057,1262730,28033.82,-511.1164266692175,28074.460000000003,28928.5445
1680566400000,2023-04-04,BTCUSDT,27800.0,28444.44,27662.79,28165.47,49722.55691,1397141464.875036,1102007,28170.01,-73.25449077460775,28042.802000000003,28961.271500000003
1680480000000,2023-04-03,BTCUSDT,28171.87,28500.99,27200.24,27800.0,79180.01405,2214361048.7823668,1651062,28165.47,-99.50805694762197,28015.126,28971.741499999996
1680393600000,2023-04-02,BTCUSDT,28452.74,28530.0,27856.43,28171.87,37365.65692,1053600933.0676804,938464,27800.0,-52.50143005842108,28068.234000000004,28989.4925
1680307200000,2023-04-01,BTCUSDT,28465.36,28819.71,28220.27,28452.73,30238.44753,860804237.452269,822781,28171.87,-76.02205866388732,28152.015999999996,29048.987
1680220800000,2023-03-31,BTCUSDT,28028.53,28656.69,27511.71,28465.36,78198.12139,2203253311.777351,1537349,28452.73,-62.020813661275696,28211.086,29060.0725
1680134400000,2023-03-30,BTCUSDT,28348.6,29184.68,27686.0,28028.53,98865.43256,2808471938.6424427,1843652,28465.36,-52.9307426310379,28183.697999999997,29021.644
1680048000000,2023-03-29,BTCUSDT,27261.06,28650.0,27240.1,28348.6,89486.16008,2519887866.2111588,1704217,28028.53,-101.4284136748358,28293.417999999998,28920.0735
1679961600000,2023-03-28,BTCUSDT,27124.9,27520.0,26631.78,27261.07,78602.44341,2124533606.765556,1521981,28348.6,-42.49613009679001,28111.258,28811.6135
1679875200000,2023-03-27,BTCUSDT,27968.05,28023.86,26508.14,27124.91,88039.46898,2407130888.034605,1575264,27261.07,-49.717206051511766,27845.694,28652.626499999995
1679788800000,2023-03-26,BTCUSDT,27462.96,28194.4,27417.76,27968.05,49671.70353,1380973402.9961202,1068196,27124.91,-588.1898175480023,27746.232,28536.2745
1679702400000,2023-03-25,BTCUSDT,27454.46,27787.33,27156.09,27462.95,50844.08102,1397227639.2141378,1088721,27968.05,-440.075300254505,27633.115999999998,28386.0755
1679616000000,2023-03-24,BTCUSDT,28295.42,28374.3,27000.0,27454.47,86242.06544,2403443392.0273013,1511137,27462.95,-463.0305846943726,27454.29,28240.107
1679529600000,2023-03-23,BTCUSDT,27250.97,28750.0,27105.0,28295.41,128649.60818,3591123573.1149583,2159091,27454.47,1072.5562903780717,27661.158000000003,28160.474
1679443200000,2023-03-22,BTCUSDT,28107.81,28868.05,26601.8,27250.97,224113.41296,6272099822.449624,3589327,28295.41,-290.46722667130985,27686.370000000003,28013.001500000002
1679356800000,2023-03-21,BTCUSDT,27717.01,28438.55,27303.1,28105.47,420929.7422,11760492716.33759,11530870,27250.97,-5873.349999999959,27713.854000000003,27936.408000000003
1679270400000,2023-03-20,BTCUSDT,27972.87,28472.0,27124.47,27717.01,477378.23373,13300424536.51492,11775950,28105.47,-4246.30678394978,27764.665999999997,27906.0705
1679184000000,2023-03-19,BTCUSDT,26907.49,28390.1,26827.22,27972.87,372066.99054,10264707987.594164,9578297,27717.01,-1712.562814070346,27868.345999999998,27907.795000000002
1679097600000,2023-03-18,BTCUSDT,27395.13,27724.85,26578.0,26907.49,371238.97174,10135945069.642626,9948603,27972.87,-202.3724469985247,27590.762,27857.853000000003
1679011200000,2023-03-17,BTCUSDT,24998.78,27756.84,24890.0,27395.13,624460.68091,16476681071.24338,13113359,26907.49,-336.57718434355206,27619.594,27825.9185
1678924800000,2023-03-16,BTCUSDT,24285.66,25167.4,24123.0,24998.78,439421.32998,10847330151.941006,10418081,27395.13,-118.89264790824316,26998.256,27667.357
1678838400000,2023-03-15,BTCUSDT,24670.41,25196.97,23896.95,24285.66,581450.72984,14291005743.897854,12613034,24998.78,-80.78091234426299,26311.985999999997,27473.366499999996
1678752000000,2023-03-14,BTCUSDT,24112.27,26386.87,23976.42,24670.41,699360.93423,17465307097.88407,15223589,24285.66,-141.5403796715893,25651.494,27316.887
1678665600000,2023-03-13,BTCUSDT,21998.05,24500.0,21813.88,24113.48,687889.31259,15824996078.60564,14820760,24670.41,-121.76374679139136,25092.692000000003,27113.9675
1678579200000,2023-03-12,BTCUSDT,20455.73,22150.0,20270.6,21997.11,430944.94288,8982418413.80114,9721933,24113.48,-47.29054386746475,24013.088,26791.1865
1678492800000,2023-03-11,BTCUSDT,20150.69,20686.51,19765.03,20455.73,427831.82133,8651590672.468525,10412300,21997.11,-40.296865233287946,23104.478,26390.704999999998
1678406400000,2023-03-10,BTCUSDT,20362.21,20367.78,19549.09,20150.69,618456.4671,12344992788.912497,12106261,20455.73,-38.66066612083054,22277.484,25996.813000000002
1678320000000,2023-03-09,BTCUSDT,21704.37,21834.99,20042.72,20362.22,443658.28584,9403028764.707771,10076702,20150.69,-27.659491326944178,21415.845999999998,25597.494
1678233600000,2023-03-08,BTCUSDT,22198.56,22287.0,21580.0,21705.44,301460.57272,6641171704.24242,8018963,20362.22,-63.79011564268876,20934.238,25319.7125
1678147200000,2023-03-07,BTCUSDT,22409.41,22557.91,21927.0,22197.96,292519.80912,6517594938.246053,7813394,21705.44,-53.75395047998225,20974.408,25073.364999999998
1678060800000,2023-03-06,BTCUSDT,22430.24,22602.19,22258.0,22410.0,203751.82957,4569102169.18569,6471278,22197.96,-63.831799827021314,21365.262,24795.4625
1677974400000,2023-03-05,BTCUSDT,22346.57,22662.09,22189.22,22430.24,154841.75786,3473011455.187952,4835978,22410.0,-56.867227291015325,21821.172,24543.826999999997
1677888000000,2023-03-04,BTCUSDT,22354.34,22410.0,22157.08,22346.57,121257.38132,2706422995.680256,4169260,22430.24,-69.10754847706167,22218.041999999998,24288.432
1677801600000,2023-03-03,BTCUSDT,23465.32,23476.95,21971.13,22354.34,319954.19785,7167184765.7436495,8214639,22346.57,-53.0089529617382,22347.822,23991.3785
1677715200000,2023-03-02,BTCUSDT,23629.76,23796.93,23195.9,23465.32,239315.45219,5603770010.239548,7435815,22354.34,-246.70027258617785,22601.294,23802.095999999998
1677628800000,2023-03-01,BTCUSDT,23141.57,24000.0,23020.03,23628.97,315287.41737,7441571085.495409,9390487,23465.32,-600.9989492759161,22845.088,23578.271
1677542400000,2023-02-28,BTCUSDT,23492.09,23600.0,23020.97,23141.57,264140.99894,6172930936.037335,9568743,23628.97,-232.9838308783133,22987.354,23349.499000000003
1677456000000,2023-02-27,BTCUSDT,23554.85,23897.99,23106.77,23492.09,283706.0859,6659785788.329373,11754195,23141.57,-629.6319541672711,23216.458000000002,23125.46
1677369600000,2023-02-26,BTCUSDT,23157.07,23689.99,23059.18,23554.85,202323.73623,4716158181.22559,9506015,23492.09,255.19213732715392,23456.559999999998,22957.828
1677283200000,2023-02-25,BTCUSDT,23184.04,23219.13,22722.0,23157.07,191311.8101,4406286300.272117,9124568,23554.85,147.15770691582708,23394.91,22745.925
1677196800000,2023-02-24,BTCUSDT,23940.2,24132.35,22841.19,23185.29,343582.57453,8087524100.39044,11531424,23157.07,131.92677782903849,23306.174,22655.250500000002
1677110400000,2023-02-23,BTCUSDT,24182.21,24599.59,23608.0,23940.2,398400.45437,9596083721.512953,11396877,23185.29,127.07812788221294,23465.9,22637.9775
1677024000000,2023-02-22,BTCUSDT,24450.67,24476.05,23574.69,24182.21,379425.75365,9101745945.990707,11395957,23940.2,139.11747962063504,23603.924,22613.567499999997
1676937600000,2023-02-21,BTCUSDT,24843.89,25250.0,24148.34,24452.16,376000.82868,9280992344.428871,10712371,24182.21,142.97977109395802,23783.386,22630.501500000002
1676851200000,2023-02-20,BTCUSDT,24272.51,25121.23,23840.83,24842.2,346938.56997,8561226688.07291,9808728,24452.16,139.83430638927726,24120.412,22772.756
1676764800000,2023-02-19,BTCUSDT,24632.05,25192.0,24192.57,24271.76,300395.99542,7408745406.624343,7660484,24842.2,183.58801424909896,24337.706,22963.5575
1676678400000,2023-02-18,BTCUSDT,24568.24,24877.0,24430.0,24631.95,216917.25213,5339920389.516133,6296097,24271.76,163.6926900559208,24476.056,23187.620499999997
1676592000000,2023-02-17,BTCUSDT,23517.72,25021.11,23339.37,24569.97,496813.21376,11968532252.05733,10895009,24631.95,168.49519098405426,24553.608,23398.008
1676505600000,2023-02-16,BTCUSDT,24322.87,25250.0,23505.25,23517.72,450080.68366,11074988148.779009,11006793,24569.97,5004.293893129666,24366.72,23488.622
1676419200000,2023-02-15,BTCUSDT,22199.84,24380.0,22047.28,24324.05,375669.16111,8604133693.66317,8335550,23517.72,469.72003222650784,24263.090000000004,23594.926499999998
1676332800000,2023-02-14,BTCUSDT,21774.63,22319.08,21532.77,22199.84,361958.40109,7938385476.792083,7695927,24324.05,-346.6949125545539,23848.706,23584.4185
1676246400000,2023-02-13,BTCUSDT,21782.37,21894.99,21351.07,21773.97,295730.76791,6404813758.2696295,6503611,22199.84,-169.62784904430436,23277.11,23551.605
1676160000000,2023-02-12,BTCUSDT,21862.02,22090.0,21630.0,21783.54,204435.65163,4469822441.4372015,4561903,21773.97,-161.5312960464292,22719.824,23523.4535
1676073600000,2023-02-11,BTCUSDT,21625.19,21906.32,21599.78,21862.55,177021.58433,3842000897.79758,4207940,21783.54,-227.12897444612668,22388.79,23498.864
1675987200000,2023-02-10,BTCUSDT,21797.83,21938.16,21451.0,21625.19,338591.94247,7369456394.906654,6993675,21862.55,-186.6553426062428,21849.018,23406.857500000002
1675900800000,2023-02-09,BTCUSDT,22961.85,23011.39,21688.0,21796.35,402894.6955,9052973327.19716,9784291,21625.19,-108.60181449261825,21768.32,23315.226499999997
1675814400000,2023-02-08,BTCUSDT,23242.42,23452.0,22665.85,22963.0,280056.30717,6457585647.820654,7896433,21796.35,-266.80391400989197,22006.125999999997,23306.298
1675728000000,2023-02-07,BTCUSDT,22762.52,23350.25,22745.78,23240.46,308006.72482,7085929136.45685,8293878,22963.0,-269.0773293719566,22297.510000000002,23293.716500000002
1675641600000,2023-02-06,BTCUSDT,22932.91,23158.25,22628.13,22762.52,265371.6069,6076050768.117038,6956395,23240.46,-138.01979150638553,22477.503999999997,23254.1
1675555200000,2023-02-05,BTCUSDT,23327.66,23433.33,22743.0,22932.91,209251.33917,4842463016.833934,5903916,22762.52,-227.1173021623036,22739.048,23242.892
1675468800000,2023-02-04,BTCUSDT,23431.9,23587.78,23253.96,23326.84,166126.47295,3886777607.7960505,4852404,22932.91,-235.574012918451,23045.146,23249.9695
1675382400000,2023-02-03,BTCUSDT,23489.33,23715.7,23204.62,23431.9,332571.02904,7806490899.914181,8007846,23326.84,-279.38176034866024,23138.926,23224.5545
1675296000000,2023-02-02,BTCUSDT,23731.41,24255.0,23363.27,23488.94,364177.20751,8673696845.805109,9102300,23431.9,-11246.004169561193,23188.622,23189.891
1675209600000,2023-02-01,BTCUSDT,23125.13,23812.66,22760.23,23732.66,310790.42271,7212542002.3251,7863213,23488.94,-452.15340130878144,23382.65,23153.916
1675123200000,2023-01-31,BTCUSDT,22827.38,23320.0,22714.77,23125.13,264649.34909,6083858924.538485,6798411,23732.66,288.9893979184899,23421.094,23068.0625
1675036800000,2023-01-30,BTCUSDT,23743.37,23800.51,22500.0,22826.15,302405.90121,7020727239.059653,7790224,23125.13,254.13807523427525,23320.956000000002,22995.782
1674950400000,2023-01-29,BTCUSDT,23021.4,23960.54,22967.76,23742.3,295688.79204,6941922954.136407,7030837,22826.15,182.797790438849,23383.036,22951.2995
1674864000000,2023-01-28,BTCUSDT,23074.16,23189.0,22878.46,23022.6,148115.71085,3408985411.316586,4181816,23742.3,301.84561010301275,23289.768,22873.931
1674777600000,2023-01-27,BTCUSDT,23009.65,23500.0,22534.88,23074.16,280833.86315,6461707755.053915,7079096,23022.6,245.21694721077705,23158.068,22851.753
1674691200000,2023-01-26,BTCUSDT,23060.42,23282.47,22850.01,23009.65,288924.43581,6664592468.337928,7181086,23074.16,278.7406247424372,23134.972,22786.033000000003
1674604800000,2023-01-25,BTCUSDT,22631.94,23816.73,22300.0,23060.94,346042.83223,7875590359.115837,8060446,23009.65,2314.2740453339,23181.93,22829.088
1674518400000,2023-01-24,BTCUSDT,22917.81,23162.2,22462.93,22632.89,293158.78254,6721432962.573842,7395584,23060.94,-327.3927284098944,22960.048000000003,22872.034000000003
1674432000000,2023-01-23,BTCUSDT,22706.02,23180.0,22500.0,22916.45,293588.37938,6704191295.975681,7258655,22632.89,1476.4503345676526,22938.818,22928.6795
1674345600000,2023-01-22,BTCUSDT,22783.35,23078.71,22292.37,22707.88,253577.75286,5775552321.544121,6603827,22916.45,-934.2354352752992,22865.561999999998,22970.946
1674259200000,2023-01-21,BTCUSDT,22666.0,23371.8,22422.0,22783.55,346445.48432,7938935168.532013,7796520,22707.88,-328.37895046844096,22820.342,23028.863999999998
1674172800000,2023-01-20,BTCUSDT,21071.59,22755.93,20861.28,22667.21,338079.13659,7256172889.71053,7382435,22783.55,-219.56479096104164,22741.595999999998,23072.407
1674086400000,2023-01-19,BTCUSDT,20677.47,21192.0,20659.19,21071.59,251385.84925,5243024330.011201,5819932,22667.21,-67.09620038471871,22429.336,22977.8365
1674000000000,2023-01-18,BTCUSDT,21132.29,21650.0,20407.15,20677.47,350916.01949,7399719195.246726,7617173,21071.59,-45.11110601959277,21981.54,22849.686999999998
1673913600000,2023-01-17,BTCUSDT,21185.65,21647.45,20841.31,21134.81,275407.74409,5840585769.490093,6440138,20677.47,-92.22486836287617,21666.926,22768.301499999998
1673827200000,2023-01-16,BTCUSDT,20872.99,21474.05,20611.48,21185.65,293078.08262,6168654053.042638,6856434,21134.81,-114.98994209082574,21347.345999999998,22680.9385
1673740800000,2023-01-15,BTCUSDT,20952.76,21050.74,20551.01,20871.5,178542.22549,3710526606.1389647,5194354,21185.65,-33.797547721889316,20988.204,22558.1715
1673654400000,2023-01-14,BTCUSDT,19930.01,21258.0,19888.05,20954.92,393913.74951,8183071567.046188,8659545,20871.5,-50.959529521008875,20964.87,22434.322500000002
1673568000000,2023-01-13,BTCUSDT,18846.62,20000.0,18714.12,19930.01,368615.87823,7061633461.444735,8021774,20954.92,-31.872525165783912,20815.378000000004,22256.376
1673481600000,2023-01-12,BTCUSDT,17943.26,19117.04,17892.05,18846.62,454568.32178,8348431207.846009,8911373,19930.01,-24.071889945544346,20357.739999999998,22012.074
1673395200000,2023-01-11,BTCUSDT,17440.64,18000.0,17315.6,17943.26,262221.60653,4586965947.26355,5627464,18846.62,-18.57931719060197,19709.262,21752.980499999998
1673308800000,2023-01-10,BTCUSDT,17179.04,17499.0,17146.34,17440.66,221382.42581,3829247653.731105,5448751,17943.26,-18.31255549157102,19023.094,21483.706
1673222400000,2023-01-09,BTCUSDT,17127.83,17398.8,17104.66,17178.26,266211.52723,4590284350.546169,6327667,17440.66,-11.628579743786744,18267.762,21155.504
1673136000000,2023-01-08,BTCUSDT,16943.83,17176.99,16911.0,17127.83,135155.89695,2291925699.958545,4036092,17178.26,-11.958136575837088,17707.325999999997,20860.7655
1673049600000,2023-01-07,BTCUSDT,16950.31,16981.91,16908.0,16943.57,104526.5688,1770201710.2089734,3227161,17127.83,-10.13017167867011,17326.715999999997,20554.236
1672963200000,2023-01-06,BTCUSDT,16831.85,17041.0,16679.0,16950.65,207401.28415,3490305009.6881223,5388661,16943.57,-10.472731852722632,17128.194,20251.286
1672876800000,2023-01-05,BTCUSDT,16850.36,16879.82,16753.0,16831.85,163473.56641,2751080253.8177333,4842014,16950.65,-14.120677211338432,17006.432,19939.8315
1672790400000,2023-01-04,BTCUSDT,16675.65,16991.87,16652.66,16850.36,220362.18862,3709833209.8453646,6310703,16831.85,-16.126790188941584,16940.852000000003,19650.704999999998
1672704000000,2023-01-03,BTCUSDT,16672.78,16778.4,16605.28,16675.18,159541.53733,2662765916.3256683,5097596,16850.36,-3.584378076208168,16850.322,19338.6415
1672617600000,2023-01-02,BTCUSDT,16617.17,16799.23,16548.7,16672.87,121888.57191,2034683215.2678783,4036118,16675.18,-2.415584185358071,16796.182,19036.891
1672531200000,2023-01-01,BTCUSDT,16541.77,16628.0,16499.01,16616.75,96925.41374,1604793789.6772125,3218355,16672.87,-2.5620776778894765,16729.402,18728.551
1672444800000,2022-12-31,BTCUSDT,16607.48,16644.09,16470.0,16542.4,114490.42864,1897047504.9188976,3344374,16616.75,-0.5799407141498278,16671.512000000002,18422.3105
1672358400000,2022-12-30,BTCUSDT,16633.47,16677.35,16333.0,16607.48,164916.31174,2726831056.725026,4310415,16542.4,-2.728944509154232,16622.936,18199.105
1672272000000,2022-12-29,BTCUSDT,16547.32,16664.41,16488.91,16633.47,160998.47158,2671665748.0816226,4553877,16607.48,-5.271219754648513,16614.594,17996.905
1672185600000,2022-12-28,BTCUSDT,16706.06,16785.19,16465.33,16547.31,193037.56577,3210894236.8123903,5465468,16633.47,-8.357032845016207,16589.482,17767.530000000002
1672099200000,2022-12-27,BTCUSDT,16919.39,16972.83,16592.37,16706.36,173749.58616,2918379509.5314097,5047628,16547.31,-37.547323982024125,16607.404000000002,17543.5655
1672012800000,2022-12-26,BTCUSDT,16832.11,16944.52,16791.0,16919.39,124564.00656,2099037538.631794,3915571,16706.36,-188.79746590953124,16682.802,17345.96
1671926400000,2022-12-25,BTCUSDT,16835.73,16857.96,16721.0,16832.11,125441.07202,2108857873.1916704,3570157,16919.39,-165.2712024888407,16727.728,17139.8195
1671840000000,2022-12-24,BTCUSDT,16778.52,16869.99,16776.62,16836.12,100224.29096,1686757294.9926343,3076985,16832.11,-458.5853885528119,16768.258,16985.125
1671753600000,2022-12-23,BTCUSDT,16821.9,16955.14,16731.13,16778.5,161612.00947,2720021933.978926,4561020,16836.12,-282.1202439732757,16814.496000000003,16881.719
1671667200000,2022-12-22,BTCUSDT,16824.68,16868.52,16559.85,16821.43,176044.27235,2949612072.049303,4678640,16778.5,-5072.936660269563,16837.510000000002,16825.6275
1671580800000,2022-12-21,BTCUSDT,16896.15,16925.0,16723.0,16824.67,156810.96362,2638528723.736041,4375570,16821.43,-1998.1704943555776,16818.566,16794.828
1671494400000,2022-12-20,BTCUSDT,16438.88,17061.27,16397.2,16895.56,248808.92324,4176995653.545711,5945803,16824.67,265.096651238767,16831.256,16780.693
1671408000000,2022-12-19,BTCUSDT,16739.0,16815.99,16256.3,16438.88,179094.28305,2981094033.0138125,4681887,16895.56,-249.6773366383191,16751.808,16746.245499999997
1671321600000,2022-12-18,BTCUSDT,16777.54,16863.26,16663.07,16738.21,112619.31646,1884666030.0992384,3369193,16438.88,727.4411328832558,16743.75,16735.9775
1671235200000,2022-12-17,BTCUSDT,16631.5,16796.82,16579.85,16776.52,144825.66684,2417851422.2131248,3905843,16738.21,393.7553391423206,16734.768,16727.271
1671148800000,2022-12-16,BTCUSDT,17356.96,17531.73,16527.32,16632.12,253379.04116,4308933187.65654,5703001,16776.52,3477.191558441629,16696.258,16717.2845
1671062400000,2022-12-15,BTCUSDT,17804.01,17854.82,17275.51,17356.34,223701.96882,3923378677.833748,4789226,16632.12,215.11613429800664,16788.414,16742.5835
1670976000000,2022-12-14,BTCUSDT,17775.82,18387.95,17660.94,17803.15,266681.22209,4779915721.484458,5743730,17356.34,159.40087909287803,17061.268,16798.982
1670889600000,2022-12-13,BTCUSDT,17208.93,18000.0,17080.14,17774.7,284462.9139,4983896040.378995,6242080,17803.15,172.48909523185506,17268.566000000003,16854.073500000002
1670803200000,2022-12-12,BTCUSDT,17085.05,17241.89,16871.85,17209.83,226227.49694,3844787581.481925,4463916,17774.7,561.1279438093891,17355.228000000003,16883.7275
1670716800000,2022-12-11,BTCUSDT,17127.49,17270.99,17071.0,17085.05,155286.47871,2663686104.0825615,3260722,17209.83,644.3188107851706,17445.814000000002,16910.86
1670630400000,2022-12-10,BTCUSDT,17128.56,17227.72,17092.0,17127.49,140573.97937,2411933258.8486,3032257,17085.05,572.5263410783509,17400.044,16936.860500000003
1670544000000,2022-12-09,BTCUSDT,17224.1,17360.0,17058.21,17128.56,238422.06465,4097973425.6973534,4282003,17127.49,476.8439696052103,17265.126,16961.614999999998
1670457600000,2022-12-08,BTCUSDT,16836.64,17299.0,16733.49,17224.1,236417.97804,4009427525.030412,4520282,17128.56,427.60821516378417,17155.006,16995.4545
1670371200000,2022-12-07,BTCUSDT,17088.96,17142.21,16678.83,16836.64,220657.41334,3723206794.305466,4284989,17224.1,14357.644110274146,17080.368000000002,17001.9685
1670284800000,2022-12-06,BTCUSDT,16966.35,17107.01,16906.37,17088.96,218730.76883,3717926010.340586,4416864,16836.64,982.4405377456164,17081.15,17010.447
1670198400000,2022-12-05,BTCUSDT,17106.65,17424.25,16867.0,16966.35,233703.29225,4015334796.603721,5138207,17088.96,360.2176427095398,17048.922,17017.159
1670112000000,2022-12-04,BTCUSDT,16885.2,17202.84,16878.25,17105.7,178619.13387,3040020095.0511775,3948990,16966.35,473.4985986013219,17044.35,17030.638
1670025600000,2022-12-03,BTCUSDT,17092.13,17188.98,16858.74,16885.2,154542.57306,2622504252.8664527,3308694,17105.7,1565.835480309163,16976.57,17035.973
1669939200000,2022-12-02,BTCUSDT,16978.0,17105.73,16787.85,17092.74,202372.2062,3432385161.660257,4305515,16885.2,414.5043636837293,17027.79,17049.538500000002
1669852800000,2022-12-01,BTCUSDT,17165.53,17324.0,16855.01,16977.37,232818.18218,3972607179.868572,5097720,17092.74,-312.7081299311291,17005.472,17057.1735
1669766400000,2022-11-30,BTCUSDT,16442.91,17249.0,16428.3,17163.64,303019.80719,5123595199.505286,6519330,16977.37,-144.56849775609444,17044.93,17070.577500000003
1669680000000,2022-11-29,BTCUSDT,16212.18,16548.71,16100.0,16442.53,248106.25009,4072651066.999406,5206638,17163.64,-69.40030176328855,16912.296,17070.760000000002
1669593600000,2022-11-28,BTCUSDT,16428.77,16487.04,15995.27,16212.91,252695.40367,4096398587.357313,5570407,16442.53,-92.73863499578712,16777.838,17044.495000000003
1669507200000,2022-11-27,BTCUSDT,16457.61,16600.0,16401.0,16428.78,162025.47607,2679048565.5213013,3362221,16212.91,-173.7699422493792,16645.046,17027.108
1669420800000,2022-11-26,BTCUSDT,16521.35,16701.99,16385.0,16458.57,181804.81666,3011990387.647429,3817130,16428.78,-168.5926568199481,16541.286,17018.4305
1669334400000,2022-11-25,BTCUSDT,16599.55,16666.0,16342.81,16522.14,182089.49533,3003553172.229472,4396465,16458.57,-196.27485900860728,16412.985999999997,16976.720500000003
1669248000000,2022-11-24,BTCUSDT,16603.11,16812.63,16458.05,16598.95,206565.92346,3431724405.654768,5031851,16522.14,-187.39822442613905,16444.27,16916.510499999997
1669161600000,2022-11-23,BTCUSDT,16227.96,16706.0,16160.2,16603.11,264927.70408,4368042618.500261,6260616,16598.95,-503.4385303815397,16522.31,16857.931
1669075200000,2022-11-22,BTCUSDT,15781.29,16315.0,15616.63,16226.94,239548.06623,3823612603.8030014,6276097,16603.11,-107.1158441799501,16481.942000000003,16808.786500000002
1668988800000,2022-11-21,BTCUSDT,16279.5,16319.0,15476.0,15781.29,324096.997753,5188798317.004153,7440871,16226.94,-77.91672995460195,16346.486,16743.5985
1668902400000,2022-11-20,BTCUSDT,16700.68,16753.33,16180.0,16280.23,154842.13478,2561165772.4957075,4557344,15781.29,-155.4205482936992,16298.104000000001,16701.2355
1668816000000,2022-11-19,BTCUSDT,16699.43,16822.41,16553.53,16700.68,104963.15558,1747627888.1295476,3142123,16280.23,-923.151961846954,16318.45,16679.8415
1668729600000,2022-11-18,BTCUSDT,16692.56,17011.0,16546.04,16700.45,214224.18184,3588467560.373121,5114799,16700.68,-381.3148436105935,16337.918000000001,16653.659
1668643200000,2022-11-17,BTCUSDT,16661.61,16751.0,16410.74,16692.56,228038.97873,3785204632.0142207,5352083,16700.45,-525.2133000948045,16431.042,16646.454999999998
1668556800000,2022-11-16,BTCUSDT,16900.57,17015.92,16378.61,16662.76,261493.40809,4362538338.565324,6297404,16692.56,-261.4578342117867,16607.336,16625.144999999997
1668470400000,2022-11-15,BTCUSDT,16617.72,17134.69,16527.72,16900.57,282461.84391,4758545355.786832,7200265,16662.76,337.83075713911404,16731.404000000002,16621.856
1668384000000,2022-11-14,BTCUSDT,16331.78,17190.0,15815.21,16619.46,380210.7775,6273920325.336827,9215128,16900.57,380.61739023490446,16715.159999999996,16597.544
1668297600000,2022-11-13,BTCUSDT,16813.16,16954.28,16229.0,16329.85,184960.78846,3074280132.053524,5382834,16619.46,-1345.931466693646,16641.04,16569.7765
1668211200000,2022-11-12,BTCUSDT,17069.98,17119.1,16631.39,16812.08,167819.96035,2827930561.0063796,5046837,16329.85,504.6448473876246,16664.944,16555.7435
1668124800000,2022-11-11,BTCUSDT,17602.45,17695.0,16361.6,17070.31,393552.86492,6725273822.837806,9900073,16812.08,360.9518944852867,16746.454,16560.3905
1668038400000,2022-11-10,BTCUSDT,15922.68,18199.0,15754.26,17601.15,608448.36432,10323294543.880356,12719887,17070.31,242.73198962282973,16886.57,16582.266
1667952000000,2022-11-09,BTCUSDT,18545.38,18587.76,15588.0,15922.81,731926.929729,12737719697.394009,13605474,17601.15,-356.9748640305742,16747.24,16556.280000000002
1667865600000,2022-11-08,BTCUSDT,20590.67,20700.88,17166.83,18547.23,760705.362783,14758384309.854223,14530601,15922.81,217.77105448025912,17190.716,16672.996000000003
1667779200000,2022-11-07,BTCUSDT,20905.58,21069.77,20384.89,20591.13,386977.60337,8035052131.593452,8344242,18547.23,147.54794338273214,17946.526,16881.1135
1667692800000,2022-11-06,BTCUSDT,21299.37,21365.27,20886.13,20905.58,230036.97217,4877535058.4127035,5268210,20591.13,149.44447447220216,18713.58,17103.464
1667606400000,2022-11-05,BTCUSDT,21148.52,21480.65,21080.65,21299.37,245621.98525,5240395528.908201,5570832,20905.58,149.73111907956405,19453.224,17342.3255
1667520000000,2022-11-04,BTCUSDT,20207.12,21302.05,20180.96,21148.52,453694.39165,9409862204.986904,9249613,21299.37,154.8012958429162,20498.366,17569.804
1667433600000,2022-11-03,BTCUSDT,20151.84,20393.32,20031.24,20207.82,319185.1544,6461673165.239643,6948227,21148.52,195.87939441179327,20830.484,17750.0395
1667347200000,2022-11-02,BTCUSDT,20482.81,20800.0,20048.04,20151.84,373716.27299,7633404092.430692,7431698,20207.82,197.34915794421448,20742.626,17946.2845
1667260800000,2022-11-01,BTCUSDT,20490.74,20700.0,20330.74,20483.62,279932.43771,5740102554.920829,5971938,20151.84,194.79605364145073,20658.234,18181.401
1667174400000,2022-10-31,BTCUSDT,20627.48,20845.92,20237.95,20490.74,303567.61628,6226304300.443864,6571526,20483.62,180.4767415428488,20496.508,18391.9265
1667088000000,2022-10-30,BTCUSDT,20809.68,20931.21,20515.0,20627.48,192795.60886,3994389493.325891,4920007,20490.74,165.75414821657523,20392.3,18588.266499999998
1667001600000,2022-10-29,BTCUSDT,20591.84,21085.0,20554.01,20809.67,254881.77755,5303038321.457483,6255599,20627.48,170.68934032754743,20512.670000000002,18793.7275
1666915200000,2022-10-28,BTCUSDT,20295.11,20750.0,20000.09,20591.84,287039.94569,5849603405.682575,6638096,20809.67,186.43118190104872,20600.670000000002,18988.6915
1666828800000,2022-10-27,BTCUSDT,20771.61,20872.21,20200.0,20295.11,328643.57791,6771209922.011917,7748080,20591.84,223.9970155458878,20562.968,19170.309
1666742400000,2022-10-26,BTCUSDT,20079.02,21020.0,20050.41,20771.59,380492.69576,7833551674.485678,8512349,20295.11,134.2785195451226,20619.138,19363.86
1666656000000,2022-10-25,BTCUSDT,19330.6,20415.87,19237.0,20080.07,326370.67061,6454151276.520069,7214687,20771.59,253.54570600975944,20509.656,19536.8905
1666569600000,2022-10-24,BTCUSDT,19570.4,19601.15,19157.0,19329.72,256168.14467,4957159176.816838,5676899,20080.07,-146.07066695206123,20213.666,19686.884
1666483200000,2022-10-23,BTCUSDT,19204.29,19695.0,19070.11,19570.4,167057.20184,3233393909.200977,3939703,19329.72,-132.4750220943988,20009.378,19824.8
1666396800000,2022-10-22,BTCUSDT,19164.37,19257.0,19112.72,19204.35,110403.90837,2117395641.1269212,2887106,19570.4,-65.63135435461226,19791.226000000002,19931.502
1666310400000,2022-10-21,BTCUSDT,19041.92,19250.0,18650.0,19164.37,269310.75769,5126619487.86902,5679281,19204.35,-69.29869213517108,19469.782,20009.662999999997
1666224000000,2022-10-20,BTCUSDT,19123.35,19347.82,18900.0,19041.92,223530.13068,4276025723.994783,5391090,19164.37,-117.9337850587526,19262.152,20165.6185
1666137600000,2022-10-19,BTCUSDT,19327.44,19360.16,19065.97,19123.97,186137.29538,3575041318.4497843,4545820,19041.92,-141.75333456565542,19221.002,20194.4555
1666051200000,2022-10-18,BTCUSDT,19548.48,19706.66,19091.0,19327.44,260313.07848,5065944973.464348,5588482,19123.97,-114.9241467591551,19172.41,20131.271
1665964800000,2022-10-17,BTCUSDT,19262.98,19676.96,19152.03,19549.86,222813.87634,4331666395.604673,5162979,19327.44,-164.104880537369,19241.512,20063.484999999997
1665878400000,2022-10-16,BTCUSDT,19068.4,19425.84,19063.74,19262.98,131894.61885,2531545363.3077006,3438605,19549.86,-103.1359472334189,19261.234,19961.6655
1665792000000,2022-10-15,BTCUSDT,19176.93,19227.68,18975.18,19069.39,113847.64232,2178316065.622199,3052219,19262.98,-70.39671776955453,19266.728,19857.709
1665705600000,2022-10-14,BTCUSDT,19375.58,19951.87,19070.37,19176.93,351634.32601,6877621835.225796,6688310,19069.39,-94.18549589726578,19277.32,19806.164500000003
1665619200000,2022-10-13,BTCUSDT,19155.1,19513.79,18190.0,19375.13,399756.68337,7554309475.307986,7470896,19176.93,-166.3992695493385,19286.858,19767.328999999998
1665532800000,2022-10-12,BTCUSDT,19060.0,19238.31,18965.88,19155.53,213826.26731,4086903621.9265537,4556597,19375.13,-65.24262713018103,19207.992,19700.9245
1665446400000,2022-10-11,BTCUSDT,19131.87,19268.09,18860.0,19060.0,243473.84286,4642843395.600282,4792106,19155.53,-103.36153401237216,19167.396,19629.3875
1665360000000,2022-10-10,BTCUSDT,19439.96,19525.0,19020.25,19131.87,212509.09849,4101745483.129524,4432688,19060.0,-569.2342683851358,19179.892,19554.607
1665273600000,2022-10-09,BTCUSDT,19416.52,19558.0,19316.04,19439.02,113900.82681,2215007204.237991,2833704,19131.87,-907.8246308418278,19232.31,19486.0745
1665187200000,2022-10-08,BTCUSDT,19530.09,19627.38,19237.14,19417.96,102480.09842,1995917001.7395988,2637385,19439.02,558.3540096437441,19240.876,19427.3805
1665100800000,2022-10-07,BTCUSDT,19960.67,20068.82,19320.0,19530.09,220874.83913,4353681483.987034,4324772,19417.96,356.7838783769007,19315.788,19389.129500000003
1665014400000,2022-10-06,BTCUSDT,20158.26,20456.6,19853.0,19960.67,320122.1702,6452892402.32427,5085004,19530.09,188.8881632653065,19495.922,19348.5835
1664928000000,2022-10-05,BTCUSDT,20337.82,20365.6,19730.0,20158.26,312239.75224,6275437160.958073,4540004,19960.67,178.95851260284888,19701.199999999997,19352.493
1664841600000,2022-10-04,BTCUSDT,19629.08,20475.0,19490.6,20337.82,327012.00127,6533428229.851051,4871932,20158.26,180.8270155782975,19880.96,19402.898
1664755200000,2022-10-03,BTCUSDT,19057.74,19719.1,18959.68,19629.08,293585.75212,5672105805.772144,4471910,20337.82,2025.5238576116817,19923.184,19405.832000000002
1664668800000,2022-10-02,BTCUSDT,19312.24,19395.91,18920.35,19056.8,206812.47032,3970724799.9558167,3320217,19629.08,-778.2617130662525,19828.526,19398.4545
1664582400000,2022-10-01,BTCUSDT,19422.61,19484.0,19159.42,19310.95,165625.13959,3200350294.52687,2470590,19056.8,769.4858420268229,19698.582000000002,19405.7835
1664496000000,2022-09-30,BTCUSDT,19590.54,20185.0,19155.36,19422.61,444322.9534,8694127253.576593,6254203,19310.95,758.2587105177477,19551.452,19424.818
1664409600000,2022-09-29,BTCUSDT,19412.82,19645.52,18843.01,19591.51,406424.93256,7868786414.856212,5631615,19422.61,847.3934744431186,19402.19,19448.195
1664323200000,2022-09-28,BTCUSDT,19078.1,19790.0,18471.28,19412.82,521385.45547,9964460007.304356,7357437,19591.51,712.6549807610064,19358.938000000002,19452.464
1664236800000,2022-09-27,BTCUSDT,19226.68,20385.86,18816.32,19079.13,593260.74161,11705770260.67216,8152473,19412.82,9584.892838473055,19363.404000000002,19428.927499999998
1664150400000,2022-09-26,BTCUSDT,18809.13,19318.96,18680.72,19227.82,439239.21943,8356951609.998723,5837041,19079.13,1991.0474205315145,19346.778,19427.169499999996
1664064000000,2022-09-25,BTCUSDT,18921.99,19180.21,18629.2,18807.38,191191.4492,3625136713.924704,3714450,19227.82,-253.82496358685324,19223.732,19414.069
1663977600000,2022-09-24,BTCUSDT,19288.57,19316.14,18805.34,18920.5,239496.56746,4568927983.6507845,3907636,18807.38,-345.0287460298317,19089.53,19401.247499999998
1663891200000,2022-09-23,BTCUSDT,19401.63,19500.0,18531.42,19289.91,385886.91829,7330336009.190999,5906265,18920.5,-821.7420268132208,19064.947999999997,19396.986500000003
1663804800000,2022-09-22,BTCUSDT,18461.36,19550.17,18356.39,19401.63,379321.72111,7203741481.483637,6251862,19289.91,-296.007441327992,19129.448,19409.2915
1663718400000,2022-09-21,BTCUSDT,18874.31,19956.0,18125.98,18461.36,385034.10021,7338667639.751955,6907777,19401.63,-85.87483057339861,18976.156,19379.3595
1663632000000,2022-09-20,BTCUSDT,19537.02,19634.62,18711.87,18875.0,324098.3286,6206043205.412278,5900070,18461.36,-115.61846296878612,18989.68,19366.516
1663545600000,2022-09-19,BTCUSDT,19417.45,19686.2,18232.56,19537.02,380512.40306,7215196795.656052,6820580,18875.0,-2556.278514012556,19112.984,19371.416
1663459200000,2022-09-18,BTCUSDT,20112.61,20117.26,19335.62,19416.18,254217.46904,5033968947.530573,4634096,19537.02,654.8249763481524,19138.238,19371.327
1663372800000,2022-09-17,BTCUSDT,19803.3,20189.0,19748.08,20113.62,179350.24338,3578667842.6952825,3862666,19416.18,348.4121743680468,19280.636,19400.5035
1663286400000,2022-09-16,BTCUSDT,19701.88,19890.0,19320.01,19803.3,283791.07064,5584012914.113888,5120935,20113.62,705.2825133310586,19549.023999999998,19392.635000000002
1663200000000,2022-09-15,BTCUSDT,20227.17,20330.24,19497.0,19701.88,333069.76076,6655264974.21376,6690974,19803.3,2279.641206849635,19714.4,19369.816
1663113600000,2022-09-14,BTCUSDT,20173.62,20541.48,19617.62,20226.71,340826.40151,6886235196.646197,6313052,19701.88,373.6217424959143,19852.338,19364.260499999997
1663027200000,2022-09-13,BTCUSDT,22395.44,22799.0,19860.0,20173.57,431915.03333,9302239274.39612,8126869,20226.71,277.8471181608859,20003.816,19391.484999999997
1662940800000,2022-09-12,BTCUSDT,21826.87,22488.0,21538.51,22395.74,395395.61828,8743762682.841719,6979539,20173.57,161.44189247203198,20460.239999999998,19558.432
1662854400000,2022-09-11,BTCUSDT,21647.21,21860.0,21350.0,21826.87,280702.55149,6064643642.716231,4801844,22395.74,169.37794130796925,20864.954,19684.228
1662768000000,2022-09-10,BTCUSDT,21361.62,21810.8,21111.13,21648.34,307997.33504,6589753118.84113,5615783,21826.87,183.34029855123464,21254.246,19795.514499999997
1662681600000,2022-09-09,BTCUSDT,19320.54,21597.22,19291.75,21360.11,428919.74652,8929831332.708796,7777214,21648.34,223.73780311081043,21480.926,19883.944499999998
1662595200000,2022-09-08,BTCUSDT,19292.85,19458.25,19012.0,19319.77,262813.28273,5057217166.675081,6013826,21360.11,-5521.744441729742,21310.166,19879.291999999998
1662508800000,2022-09-07,BTCUSDT,18790.61,19464.06,18510.77,19292.84,287394.7788,5436827909.201311,5597127,19319.77,543.6210131332089,20689.586,19889.9775
1662422400000,2022-09-06,BTCUSDT,19795.34,20180.0,18649.51,18790.61,356315.05718,6976809188.41019,7124384,19292.84,-4866.0504799147075,20082.334,19868.117000000002
1662336000000,2022-09-05,BTCUSDT,20000.3,20057.27,19633.83,19796.84,222543.01057,4404971191.907026,4657233,18790.61,1712.982064506202,19712.034000000003,19917.590000000004
1662249600000,2022-09-04,BTCUSDT,19832.45,20029.23,19583.1,20000.3,145588.77893,2883227667.1961927,3838915,19796.84,796.7763473258929,19440.072,19971.58
1662163200000,2022-09-03,BTCUSDT,19950.98,20055.93,19652.72,19831.9,146639.03204,2908816275.010286,3739909,20000.3,-1404.4760755360069,19542.498,19998.6795
1662076800000,2022-09-02,BTCUSDT,20132.64,20441.26,19755.29,19951.86,245986.6033,4946889819.514836,5740705,19831.9,2744.110123855652,19674.302000000003,20026.191
1661990400000,2022-09-01,BTCUSDT,20048.44,20208.37,19565.66,20131.46,245289.97263,4893158531.781241,5937975,19951.86,990.7933330229556,19942.472,20109.696
1661904000000,2022-08-31,BTCUSDT,19813.03,20490.0,19797.94,20050.02,276946.60765,5595829094.391042,6389133,20131.46,-2111.8456052974284,19993.108,20168.447
1661817600000,2022-08-30,BTCUSDT,20287.2,20576.25,19540.0,19811.66,256634.35529,5157974826.609323,6593178,20050.02,-1031.0353402779697,19955.38,20182.178999999996
1661731200000,2022-08-29,BTCUSDT,19555.61,20433.62,19550.79,20285.73,210509.49545,4211334408.9865937,5840323,19811.66,-93.99576305325542,20046.146,20225.6565
1661644800000,2022-08-28,BTCUSDT,20037.6,20171.18,19520.0,19555.61,139307.95976,2781133881.0518456,4678693,20285.73,-87.32245537719143,19966.896,20197.756
1661558400000,2022-08-27,BTCUSDT,20239.14,20402.93,19800.0,20037.6,162582.46032,3269764074.3564396,5263328,19555.61,-153.0544966909614,19948.124,20209.470999999998
1661472000000,2022-08-26,BTCUSDT,21559.04,21886.77,20107.9,20241.05,273811.61955,5785149465.09769,7587244,20037.6,-238.4822976426636,19986.329999999998,20236.4295
1661385600000,2022-08-25,BTCUSDT,21368.05,21819.88,21310.15,21559.04,169915.78301,3672148286.6013737,5618785,20241.05,178.03793200462633,20335.806,20303.046000000002
1661299200000,2022-08-24,BTCUSDT,21529.11,21900.0,21145.0,21368.08,174383.22046,3744196823.5648546,5561412,21559.04,192.1103101328036,20552.276,20362.771500000003
1661212800000,2022-08-23,BTCUSDT,21400.75,21684.87,20890.14,21529.12,200967.77164,4299812533.944709,6333442,21368.08,151.46156121394466,20946.978,20319.4405
1661126400000,2022-08-22,BTCUSDT,21516.7,21548.71,20890.18,21399.83,222222.04526,4721412016.903412,6443370,21529.12,195.98126002033644,21219.424000000003,20298.088499999998
1661040000000,2022-08-21,BTCUSDT,21140.07,21800.0,21069.11,21515.61,159200.6841,3405034922.807078,5034461,21399.83,201.5349994390581,21474.336000000003,20291.452
1660953600000,2022-08-20,BTCUSDT,20834.39,21382.85,20761.9,21140.07,183041.68363,3871242921.224679,5723362,21515.61,233.4467232851998,21390.541999999998,20280.45
1660867200000,2022-08-19,BTCUSDT,23191.45,23208.67,20783.57,20834.39,283995.87747,6181759252.730265,8860928,21140.07,332.44422285927936,21283.803999999996,20356.181
1660780800000,2022-08-18,BTCUSDT,23342.66,23600.0,23111.04,23191.2,144185.97011,3375338942.2617884,6029662,20834.39,167.04458548765564,21616.22,20551.099
1660694400000,2022-08-17,BTCUSDT,23856.15,24446.71,23180.4,23342.66,210668.68766,4993659434.236888,6901586,23191.2,159.82889110258023,22004.786,20778.701500000003
1660608000000,2022-08-16,BTCUSDT,24093.04,24247.49,23671.22,23854.74,179324.94821,4294907691.650949,5978567,23342.66,142.82848719293202,22472.612,20981.596500000003
1660521600000,2022-08-15,BTCUSDT,24305.25,25211.32,23773.22,24094.82,242539.54758,5894066098.523285,7488466,23854.74,145.45941419079088,23063.561999999998,21186.322500000002
1660435200000,2022-08-14,BTCUSDT,24443.06,25047.56,24144.0,24305.24,151206.14473,3708565144.898009,5473905,24094.82,121.08522137513864,23757.732,21409.989500000003
1660348800000,2022-08-13,BTCUSDT,24401.7,24888.0,24291.22,24441.38,152852.25435,3751417148.252107,5617859,24305.24,122.74114510715788,24007.768,21634.4655
1660262400000,2022-08-12,BTCUSDT,23933.09,24456.5,23583.0,24403.68,174207.5704,4175834601.8605466,6134163,24441.38,124.9642653803004,24219.972,21848.076500000003
1660176000000,2022-08-11,BTCUSDT,23954.05,24918.54,23852.13,23934.39,249759.79557,6097813762.895935,8269994,24403.68,163.5047466689119,24235.902000000002,22042.295000000002
1660089600000,2022-08-10,BTCUSDT,23151.32,24226.0,22664.69,23954.05,208916.54953,4918825599.489632,6818207,23934.39,150.948000170149,24207.748,22249.414500000003
1660003200000,2022-08-09,BTCUSDT,23810.98,23933.25,22865.0,23149.95,143182.50858,3347110918.907211,5105613,23954.05,230.89589901470208,23976.690000000002,22392.625500000002
1659916800000,2022-08-08,BTCUSDT,23174.39,24245.0,23154.25,23810.0,170958.44152,4078052110.543129,5892045,23149.95,182.6626337561252,23850.414,22605.345
1659830400000,2022-08-07,BTCUSDT,22954.21,23402.0,22844.62,23174.39,88890.00877,2051763044.5523689,3646643,23810.0,258.42486646812745,23604.556,22762.1845
1659744000000,2022-08-06,BTCUSDT,23313.56,23354.36,22909.52,22954.21,83911.80307,1944693656.706568,3360228,23174.39,236.2937810753306,23408.519999999997,22897.842500000002
1659657600000,2022-08-05,BTCUSDT,22622.41,23472.86,22586.95,23312.42,175251.69749,4046435951.354509,5340569,22954.21,187.44365483872275,23280.193999999996,22985.5115
1659571200000,2022-08-04,BTCUSDT,22816.91,23223.32,22400.0,22622.98,154854.67016,3537434334.434649,4966138,23312.42,-402.67854000211054,23174.8,23048.2565
1659484800000,2022-08-03,BTCUSDT,22985.93,23647.68,22681.22,22818.37,145948.80995,3385430753.8050184,4887642,22622.98,-444.7977264491016,22976.474,23112.719
1659398400000,2022-08-02,BTCUSDT,23266.9,23459.89,22654.37,22987.79,158073.28225,3631020649.22638,5066511,22818.37,-229.46767402964375,22939.154,23192.117000000002
1659312000000,2022-08-01,BTCUSDT,23296.36,23509.68,22850.0,23268.01,144210.16219,3346371889.6521215,4775213,22987.79,-245.4626818737068,23001.914,23279.737
1659225600000,2022-07-31,BTCUSDT,23644.64,24194.82,23227.31,23293.32,127743.32483,3028386330.644831,4463721,23268.01,-182.2673729148544,22998.094,23387.399500000003
1659139200000,2022-07-30,BTCUSDT,23777.28,24668.0,23502.25,23643.51,151060.13211,3634601094.96542,4801528,23293.32,-257.9931567799253,23202.199999999997,23527.855499999998
1659052800000,2022-07-29,BTCUSDT,23845.25,24442.66,23414.03,23773.75,198298.50623,4733780641.305037,6221401,23643.51,-347.4497166351813,23393.275999999998,23556.983
1658966400000,2022-07-28,BTCUSDT,22954.31,24199.72,22582.13,23842.93,236029.0741,5511388547.615389,6500034,23773.75,-2468.696698010083,23564.304,23581.9965
1658880000000,2022-07-27,BTCUSDT,21254.67,23112.63,21042.53,22952.45,210971.19796,4614909656.6957855,5475738,23842.93,-223.46345846645391,23501.192000000003,23536.881999999998
1658793600000,2022-07-26,BTCUSDT,21310.9,21347.82,20706.5,21254.67,177817.24326,3738774849.3577113,4545385,22952.45,-118.09389641636044,23093.462,23394.874499999998
1658707200000,2022-07-25,BTCUSDT,22577.13,22666.0,21250.0,21310.9,180344.76643,3954002948.5472584,4807238,21254.67,-65.3991436917292,22626.940000000002,23245.157499999998
1658620800000,2022-07-24,BTCUSDT,22448.58,23014.64,22257.15,22579.68,115189.67277,2610817967.163939,3671238,21310.9,-488.1656605740625,22388.126,23152.0725
1658534400000,2022-07-23,BTCUSDT,22684.83,23000.77,21934.57,22451.07,122137.77375,2745262660.6777816,3762227,22579.68,-577.010374845968,22109.753999999997,23054.442
1658448000000,2022-07-22,BTCUSDT,23152.19,23756.49,22500.0,22684.83,171598.43966,3981394766.2280574,4745582,22451.07,-442.7604008986789,22056.23,22991.964
1658361600000,2022-07-21,BTCUSDT,23223.3,23442.77,22341.46,23152.19,184817.68191,4232411759.395025,4808194,22684.83,613.3822112204994,22435.734,22951.871
1658275200000,2022-07-20,BTCUSDT,23398.48,24276.74,22906.19,23223.3,238762.17094,5631801151.220376,6364038,23152.19,770.9480650976709,22818.214,22955.5385
1658188800000,2022-07-19,BTCUSDT,22432.58,23800.0,21579.54,23396.62,263770.76574,5954419902.221928,6488375,23223.3,764.5476114766562,22981.602,22934.869499999997
1658102400000,2022-07-18,BTCUSDT,20799.58,22777.63,20762.45,22432.58,239942.73132,5263396811.539256,6564387,23396.62,-340.60064876770224,22977.904000000002,22897.779000000002
1658016000000,2022-07-17,BTCUSDT,21195.6,21684.54,20750.01,20798.16,118229.4525,2511251392.576525,4261057,22432.58,-113.0256175956653,22600.57,22789.976499999997
1657929600000,2022-07-16,BTCUSDT,20830.04,21588.94,20478.61,21195.6,121011.67393,2539616922.7986083,3723401,20798.16,-117.13747645951044,22209.252,22684.1355
1657843200000,2022-07-15,BTCUSDT,20588.84,21200.0,20382.29,20830.04,143343.3049,2984339734.3532705,4411375,21195.6,-92.98402356210364,21730.6,22594.4885
1657756800000,2022-07-14,BTCUSDT,20234.87,20900.0,19616.07,20588.84,174809.21696,3526210098.2850437,4576355,20830.04,-81.98912752874077,21169.044,22483.012
1657670400000,2022-07-13,BTCUSDT,19331.28,20366.61,18910.94,20234.87,209250.24888,4096306063.801935,4789109,20588.84,-98.17558268753808,20729.502,22345.366
1657584000000,2022-07-12,BTCUSDT,19963.61,20059.42,19240.0,19328.75,139506.45862,2754215439.3324776,3626399,20234.87,-138.5311954806016,20435.620000000003,22148.403
1657497600000,2022-07-11,BTCUSDT,20861.11,20868.48,19875.23,19963.61,137535.40724,2813718031.1093426,3232941,19328.75,-240.97484580157163,20189.221999999998,21981.9175
1657411200000,2022-07-10,BTCUSDT,21592.15,21607.65,20655.0,20862.47,192188.21556,4062794310.272033,3434401,19963.61,-167.52231817890652,20195.708000000002,21842.865500000004
1657324800000,2022-07-09,BTCUSDT,21594.75,21980.0,21322.12,21591.83,178417.84468,3857190523.494272,3524386,20862.47,-419.6813463060388,20396.306,21733.769500000002
1657238400000,2022-07-08,BTCUSDT,21624.99,22527.37,21189.26,21594.75,403081.57349,8781330156.61243,4358216,21591.83,-309.6314031997641,20668.282,21621.3605
1657152000000,2022-07-07,BTCUSDT,20564.51,21838.1,20251.68,21624.98,85014.58261,1783224085.72368,1653722,21594.75,-192.3834967031384,21127.528000000002,21554.987
1657065600000,2022-07-06,BTCUSDT,20175.84,20675.22,19761.25,20564.51,82439.5808,1665481948.0096316,1472221,21624.98,-107.83062972254284,21247.708,21520.479
1656979200000,2022-07-05,BTCUSDT,20236.71,20750.0,19304.4,20175.83,96041.13756,1919950110.1674304,1612273,20564.51,-83.63382896742726,21110.38,21463.7255
1656892800000,2022-07-04,BTCUSDT,19315.83,20354.01,19055.31,20236.71,74814.04601,1470987695.521582,1282843,20175.83,-125.4423076047303,20839.356,21346.577
1656806400000,2022-07-03,BTCUSDT,19252.82,19647.63,18781.0,19315.83,51087.46631,980255891.3952552,880786,20236.71,-185.8256933341428,20383.572000000004,21189.815000000002
1656720000000,2022-07-02,BTCUSDT,19279.8,19467.39,18977.01,19252.81,46180.3021,888415536.8730664,833508,19315.83,-121.32603112019316,19909.138,21018.214
1656633600000,2022-07-01,BTCUSDT,19942.21,20918.35,18975.0,19279.8,111844.59494,2197016369.969529,1668363,19252.81,-153.78909072143622,19652.196000000004,20824.5945
1656547200000,2022-06-30,BTCUSDT,20123.0,20179.08,18626.0,19942.21,93846.64806,1808994369.031444,1438163,19279.8,-471.1365077401281,19605.472,20660.54
1656460800000,2022-06-29,BTCUSDT,20281.28,20432.31,19854.92,20123.01,77309.04379,1556549790.0089242,1210636,19942.21,-2885.1332022170377,19582.731999999996,20496.8595
1656374400000,2022-06-28,BTCUSDT,20742.57,21212.1,20202.01,20281.29,63801.0832,1321862977.9315486,1064497,20123.01,355.4275935918694,19775.824,20389.295000000002
1656288000000,2022-06-27,BTCUSDT,21038.08,21539.85,20510.0,20742.56,64475.0013,1354369225.8404648,1002214,20281.29,412.3499582771672,20073.773999999998,20386.515000000003
1656201600000,2022-06-26,BTCUSDT,21491.18,21888.0,20964.73,21038.07,53278.10464,1139258367.162915,885306,20742.56,1485.5637813211938,20425.428000000004,20378.6385
1656115200000,2022-06-25,BTCUSDT,21237.68,21614.5,20906.62,21491.19,51431.67794,1093873137.974752,874540,21038.07,-2317.577503974491,20735.224,20411.696
1656028800000,2022-06-24,BTCUSDT,21110.12,21558.41,20736.72,21237.69,77430.36622,1635129191.170251,1309709,21491.19,-652.4085587856342,20958.16,20444.138499999997
1655942400000,2022-06-23,BTCUSDT,19988.0,21233.0,19890.07,21110.13,83127.08716,1710694866.4572449,1207858,21237.69,-446.5883266970967,21123.928,20487.9015
1655856000000,2022-06-22,BTCUSDT,20723.51,20900.0,19770.51,19987.99,92133.97938,1872204589.2375815,1394981,21110.13,-398.81704017206823,20973.014000000003,20520.8635
1655769600000,2022-06-21,BTCUSDT,20573.9,21723.0,20348.4,20723.52,104371.0749,2198596137.3432837,1515321,19987.99,554.1072504518979,20910.104,20558.859
1655683200000,2022-06-20,BTCUSDT,20574.0,21090.0,19637.03,20573.89,109028.94154,2220396381.7426524,1639448,20723.52,881.9947802360736,20726.644,20544.43
1655596800000,2022-06-19,BTCUSDT,18970.79,20815.95,17960.41,20574.0,128320.87595,2487561781.535987,1950660,20573.89,236.37664226614856,20593.906,20493.538500000002
1655510400000,2022-06-18,BTCUSDT,20468.81,20792.06,17622.0,18970.79,196441.655524,3726639821.6961513,2467372,20574.0,-1054.542231047441,20166.038,20362.3405
1655424000000,2022-06-17,BTCUSDT,20400.6,21365.43,20246.66,20468.81,86694.33663,1796575392.5507207,1352992,18970.79,373.844627042665,20262.202,20304.532
1655337600000,2022-06-16,BTCUSDT,22583.72,22995.73,20232.0,20401.31,99673.59429,2130037160.0626109,1690477,20468.81,823.9250707906739,20197.760000000002,20296.372
1655251200000,2022-06-15,BTCUSDT,22136.42,22800.0,20111.62,22583.72,200774.493467,4249276481.256697,2847831,20401.31,235.06427006839465,20599.726000000002,20416.7665
1655164800000,2022-06-14,BTCUSDT,22485.27,23362.88,20846.0,22136.41,187201.64671,4136108699.025428,2583151,22583.72,303.2671740911639,20912.208000000002,20511.7515
1655078400000,2022-06-13,BTCUSDT,26574.53,26895.84,21925.77,22487.41,254611.034966,6192246037.404873,3261484,22136.41,316.1131329340632,21615.532,20670.3305
1654992000000,2022-06-12,BTCUSDT,28424.71,28544.96,26560.0,26574.53,92474.598809,2551767136.3295846,1451271,22487.41,168.10940564909706,22836.676,21036.4165
1654905600000,2022-06-11,BTCUSDT,29091.87,29440.41,28099.99,28424.7,65901.39895,1892007188.0756,1084163,26574.53,154.38587382148432,24441.354,21493.6615
1654819200000,2022-06-10,BTCUSDT,30109.93,30382.8,28850.0,29091.88,76204.2498,2255866294.494887,1258608,28424.7,144.78310303163022,25742.986,21951.145
1654732800000,2022-06-09,BTCUSDT,30204.77,30700.0,29944.1,30109.93,46291.1865,1399839073.774508,841562,29091.88,137.6651703371186,27337.690000000002,22450.491
1654646400000,2022-06-08,BTCUSDT,31125.32,31327.22,29843.88,30204.77,68542.61276,2087270428.3470397,1236327,30109.93,122.19534921961716,28881.162,22946.665
1654560000000,2022-06-07,BTCUSDT,31373.1,31589.6,29218.96,31125.33,110674.51658,3347397952.730591,1743957,30204.77,121.80053279188913,29791.321999999996,23465.8035
1654473600000,2022-06-06,BTCUSDT,29919.2,31765.64,29890.23,31373.1,68836.92456,2149499896.9349375,1124745,31125.33,119.61273093124404,30381.002,23982.555
1654387200000,2022-06-05,BTCUSDT,29864.03,30189.0,29531.42,29919.21,23139.9281,691201528.1600257,604680,31373.1,138.221827010843,30546.468,24403.956000000002
1654300800000,2022-06-04,BTCUSDT,29700.21,29988.88,29485.0,29864.04,25617.90113,760874329.4663155,618037,29919.21,118.57912009730796,30497.29,24835.273500000003
1654214400000,2022-06-03,BTCUSDT,30452.63,30699.0,29282.36,29700.21,54067.44727,1615616950.7143807,993769,29864.04,123.69846393829756,30396.378000000004,25264.777500000004
1654128000000,2022-06-02,BTCUSDT,29805.84,30689.0,29594.55,30452.62,56961.42928,1711652906.191896,1086183,29700.21,121.093767877023,30261.836,25788.009000000002
1654041600000,2022-06-01,BTCUSDT,31801.05,31982.97,29301.0,29805.83,103395.63382,3171191028.249736,1404611,30452.62,138.31276455218762,29948.382,26242.124499999998
1653955200000,2022-05-31,BTCUSDT,31734.23,32399.0,31200.01,31801.04,62433.11632,1981259117.011546,1161340,29805.83,124.00174657488178,30324.748,26803.482
1653868800000,2022-05-30,BTCUSDT,29468.1,32222.0,29299.62,31734.22,96785.9476,2980527582.467496,1380410,31801.04,125.80890058301183,30698.783999999996,27361.493
1653782400000,2022-05-29,BTCUSDT,29031.33,29587.78,28839.21,29468.1,27567.34764,804777532.6497605,635311,31734.22,260.7916863943156,30652.362,27886.358499999995
1653696000000,2022-05-28,BTCUSDT,28629.81,29266.0,28450.0,29031.33,34479.35127,994674257.5679232,684423,29468.1,938.9611460033263,30368.104000000003,28314.484500000002
1653609600000,2022-05-27,BTCUSDT,29201.35,29397.66,28282.9,28629.8,90998.5201,2626515958.5034895,1321406,29031.33,-1088.3050554016568,30132.897999999997,28725.908999999996
1653523200000,2022-05-26,BTCUSDT,29542.14,29886.64,28019.56,29201.35,94581.65463,2759055410.397752,1431112,28629.8,-504.3408395518269,29612.96,29056.790500000003
1653436800000,2022-05-25,BTCUSDT,29654.58,30223.74,29294.21,29542.15,59537.38659,1771708175.0718915,985440,29201.35,-728.6680148501416,29174.545999999995,29427.077499999996
1653350400000,2022-05-24,BTCUSDT,29109.14,29845.86,28669.0,29654.58,59442.96036,1740257602.3067698,946421,29542.15,-273.3414924358318,29211.842000000004,29785.436000000005
1653264000000,2022-05-23,BTCUSDT,30293.93,30670.51,28866.35,29109.15,63901.49932,1914305818.074519,1328317,29654.58,-166.62912166788163,29227.406,29912.167000000005
1653177600000,2022-05-22,BTCUSDT,29445.07,30487.99,29255.11,30293.94,36158.98748,1082530816.0162497,862880,29109.15,1322.869799589037,29560.234000000004,30005.628999999997
1653091200000,2022-05-21,BTCUSDT,29201.01,29656.18,28947.28,29445.06,20987.13124,616194663.9792111,643486,30293.94,-1183.156713924294,29608.976000000002,30023.288
1653004800000,2022-05-20,BTCUSDT,30319.22,30777.33,28730.0,29201.01,60517.25325,1800589029.270878,1694004,29445.06,-993.0268429487164,29540.748,29977.841999999997
1652918400000,2022-05-19,BTCUSDT,28715.33,30545.18,28691.38,30319.23,67877.36415,2014360135.785272,1860780,29201.01,-3990.5540145438417,29673.678000000004,29983.565000000002
1652832000000,2022-05-18,BTCUSDT,30444.93,30709.99,28654.47,28715.32,59749.15799,1762843836.126938,1379212,30319.23,-488.1202373201518,29594.912,29863.0645
1652745600000,2022-05-17,BTCUSDT,29874.01,30788.37,29450.38,30444.93,56724.13307,1715109131.0802064,1175382,28715.32,-372.93434898348943,29625.109999999997,29816.656
1652659200000,2022-05-16,BTCUSDT,31328.89,31328.9,29087.04,29874.01,73082.19658,2185567735.6820626,1561954,30444.93,-271.8725305207474,29710.9,29814.395999999997
1652572800000,2022-05-15,BTCUSDT,30086.74,31460.0,29480.0,31328.89,46275.66912,1401499926.2304175,1016769,29874.01,349.9739358014605,30136.476000000002,29887.638499999994
1652486400000,2022-05-14,BTCUSDT,29287.05,30343.27,28630.0,30086.74,51095.87863,1501483453.5008905,1204626,31328.89,617.03792838802,30089.978000000003,29906.964999999997
1652400000000,2022-05-13,BTCUSDT,29029.74,31083.37,28751.67,29287.05,97872.36957,2956855804.856112,2051900,30086.74,990.8375808292126,30204.324,29848.6865
1652313600000,2022-05-12,BTCUSDT,29103.94,30243.0,26700.0,29029.75,204507.263138,5795451310.945577,3951233,29287.05,-3461.963869463905,29921.288,29809.8825
1652227200000,2022-05-11,BTCUSDT,31017.11,32162.59,27785.0,29103.94,207063.739278,6300295994.553138,3559270,29029.75,-1294.8403733369748,29767.273999999998,29675.027500000004
1652140800000,2022-05-10,BTCUSDT,30074.23,32658.99,29730.4,31017.1,165532.00311,5179856929.47993,2470325,29103.94,548.6047911223332,29704.916000000005,29639.171500000004
1652054400000,2022-05-09,BTCUSDT,34038.39,34243.15,30033.33,30076.31,191876.926428,6166367111.275724,2564538,31017.1,772.8659167045777,29702.829999999998,29669.582000000002
1651968000000,2022-05-08,BTCUSDT,35472.4,35514.22,33713.95,34038.4,72445.64344,2498365159.9945807,1301451,30076.31,273.79515337324995,30653.1,29919.9355
1651881600000,2022-05-07,BTCUSDT,36013.77,36146.3,34785.0,35472.39,34281.70682,1222539413.6400983,746488,34038.4,193.885849953462,31941.628000000004,30262.065000000002
1651795200000,2022-05-06,BTCUSDT,36552.97,36675.63,35258.0,36013.77,68437.80187,2466507512.182029,1214518,35472.39,179.47968224331987,33323.594,30602.685999999998
1651708800000,2022-05-05,BTCUSDT,39690.0,39845.51,35571.9,36552.97,88722.43355,3329684235.963952,1979692,36013.77,186.8621405448414,34430.768,30953.227000000003
1651622400000,2022-05-04,BTCUSDT,37728.95,40023.77,37670.0,39690.0,62574.61736,2438553987.4535437,1238847,36552.97,134.7240192880339,36353.506,31454.998
1651536000000,2022-05-03,BTCUSDT,38525.16,38651.51,37517.8,37728.95,40316.45358,1539320434.2647235,1005131,39690.0,179.24058418291003,37091.615999999995,31885.988
1651449600000,2022-05-02,BTCUSDT,38468.35,39167.34,38052.0,38525.16,53200.92628,2058450718.2963235,1053893,37728.95,160.1189437242447,37702.17,32297.549
1651363200000,2022-05-01,BTCUSDT,37630.8,38675.0,37386.38,38468.35,38812.24104,1478259271.913873,1021157,38525.16,173.6440851268864,38193.085999999996,32748.713499999994
1651276800000,2022-04-30,BTCUSDT,38596.11,38795.38,37578.2,37630.8,35321.18989,1354900532.1335113,1017369,38468.35,164.331275201947,38408.652,33170.203
1651190400000,2022-04-29,BTCUSDT,39742.06,39925.25,38175.0,38596.11,51453.65715,2006135662.8559997,1101140,37630.8,143.5436016096147,38189.873999999996,33584.047
1651104000000,2022-04-28,BTCUSDT,39235.72,40372.63,38881.43,39742.07,56086.6715,2223808385.806376,1135242,38596.11,135.4377016369937,38592.49800000001,34135.3845
1651017600000,2022-04-27,BTCUSDT,38112.64,39474.72,37881.31,39235.72,57083.12272,2218523642.4263873,1232083,39742.07,142.46588457309574,38734.61,34574.924
1650931200000,2022-04-26,BTCUSDT,40426.08,40797.31,37702.26,38112.65,66650.258,2615206861.8349133,1381618,39235.72,176.46510841301938,38663.47,34986.85600000001
1650844800000,2022-04-25,BTCUSDT,39450.12,40616.0,38200.0,40426.08,63037.12784,2470071005.2401423,1280351,38112.65,143.3326537691176,39222.526,35441.715500000006
1650758400000,2022-04-24,BTCUSDT,39441.61,39940.0,38929.62,39450.13,26703.61186,1056336243.0198607,868183,40426.08,200.9063645082074,39393.33,35909.885
1650672000000,2022-04-23,BTCUSDT,39709.19,39980.0,39285.0,39441.6,20291.42375,804677022.9078971,724132,39450.13,237.793414810504,39333.236,36417.6125
1650585600000,2022-04-22,BTCUSDT,40480.01,40795.06,39177.0,39709.18,46664.0196,1870172362.4022496,1043471,39441.6,248.0027926535892,39427.928,36951.584
1650499200000,2022-04-21,BTCUSDT,41358.19,42976.0,39751.0,40480.01,59316.27657,2476061417.8872576,1515456,39709.18,239.27309118318132,39901.4,37520.3875
1650412800000,2022-04-20,BTCUSDT,41493.19,42199.0,40820.0,41358.19,40877.35041,1697039284.0853004,1063843,40480.01,427.85893693164434,40087.822,38037.441999999995
1650326400000,2022-04-19,BTCUSDT,40801.13,41760.0,40571.0,41493.18,35788.85843,1472363265.362188,934526,41358.19,193.1999373045749,40496.432,38608.285500000005
1650240000000,2022-04-18,BTCUSDT,39678.11,41116.73,38536.51,40801.13,54243.49575,2153574975.9131336,1157741,41493.18,284.5503235982907,40768.338,38946.422
1650153600000,2022-04-17,BTCUSDT,40378.7,40595.67,39546.17,39678.12,19988.49259,803414248.9836986,590241,40801.13,535.3315092951536,40762.126000000004,39156.7085
1650067200000,2022-04-16,BTCUSDT,40551.9,40709.35,39991.55,40378.71,15805.44718,638275503.9141085,423446,39678.12,261.1755843531995,40741.866,39374.9555
1649980800000,2022-04-15,BTCUSDT,39942.37,40870.36,39766.4,40551.9,24026.35739,966888436.8162508,616536,40378.71,326.45376037304595,40580.608,39574.902
1649894400000,2022-04-14,BTCUSDT,41147.78,41500.0,39551.94,39942.38,36807.01401,1494726286.01801,803756,40551.9,2615.3412211073023,40270.448,39587.521
1649808000000,2022-04-13,BTCUSDT,40074.95,41561.31,39588.54,41147.79,41342.27254,1677171454.091079,948061,39942.38,337.0274100843591,40339.78,39758.463
1649721600000,2022-04-12,BTCUSDT,39530.45,40699.0,39254.63,40074.94,57751.01778,2309514071.5938725,1153667,41147.79,328.40202008877395,40419.144,39835.952000000005
1649635200000,2022-04-11,BTCUSDT,42158.85,42414.71,39200.0,39530.45,63560.44721,2602039073.0150447,1385924,40074.94,-461.21389413038673,40249.492000000006,39889.057
1649548800000,2022-04-10,BTCUSDT,42753.96,43410.3,41868.0,42158.85,22771.09403,971459737.5009404,678983,39530.45,249.533728107741,40570.882,40115.4595
1649462400000,2022-04-09,BTCUSDT,42252.02,42800.0,42125.48,42753.97,17891.66047,759274586.6137776,640230,42158.85,222.02501532135608,41133.2,40323.3525
1649376000000,2022-04-08,BTCUSDT,43444.2,43970.62,42107.14,42252.01,42375.04203,1830699971.611312,1108136,42753.97,278.6938175182769,41354.044,40448.849500000004
1649289600000,2022-04-07,BTCUSDT,43170.47,43900.99,42727.35,43444.19,37396.54156,1623879486.6600313,999816,42252.01,253.29298490644985,42027.894,40659.273
1649203200000,2022-04-06,BTCUSDT,45497.54,45507.14,43121.0,43170.47,60849.32936,2700644700.890392,1471912,43444.19,365.8308870593954,42755.898,40912.164000000004
1649116800000,2022-04-05,BTCUSDT,46580.5,47200.0,45353.81,45497.55,42192.74852,1951668192.92951,1046080,43170.47,220.30856289503723,43423.638000000006,41165.7375
1649030400000,2022-04-04,BTCUSDT,46407.36,46890.71,45118.0,46580.51,44641.87514,2053434523.8685389,1171998,45497.55,171.3839546802598,44188.94600000001,41522.2565
1648944000000,2022-04-03,BTCUSDT,45810.99,47444.11,45530.92,46407.35,33394.67794,1550999693.0508049,966563,46580.51,147.1926208496368,45020.014,41870.544
1648857600000,2022-04-02,BTCUSDT,46283.49,47213.0,45620.0,45811.0,37073.53582,1721690754.4393935,1056716,46407.35,169.43756684565824,45493.376000000004,42175.634999999995
1648771200000,2022-04-01,BTCUSDT,45510.35,46720.09,44200.0,46283.49,56271.06474,2556532890.870311,1372216,45811.0,165.81158107959595,46115.98,42465.808999999994
1648684800000,2022-03-31,BTCUSDT,47067.99,47600.0,45200.0,45510.34,48645.12667,2262485160.568584,1290541,46283.49,170.6844158363208,46118.538,42673.4165
1648598400000,2022-03-30,BTCUSDT,47434.79,47700.22,46445.42,47067.99,40947.2085,1932152559.8831124,1081607,45510.34,166.4788351744875,46216.034,42952.15699999999
1648512000000,2022-03-29,BTCUSDT,47122.21,48096.47,46950.85,47434.8,36772.28457,1748600385.4502351,1095678,47067.99,138.89788664458302,46421.524,43283.840500000006
1648425600000,2022-03-28,BTCUSDT,46827.76,48189.84,46663.56,47122.21,58949.2614,2789898402.616576,1498975,47434.8,134.6550733953656,46683.766,43656.045
1648339200000,2022-03-27,BTCUSDT,44511.27,46999.0,44421.46,46827.76,41874.91071,1907019662.3441496,1135096,47122.21,162.65659436570854,46792.62,43978.4975
1648252800000,2022-03-26,BTCUSDT,44313.16,44792.99,44071.97,44511.27,23041.61741,1022802857.60941,693647,46827.76,398.2911284356697,46592.806000000004,44176.466
1648166400000,2022-03-25,BTCUSDT,43991.46,45094.14,43579.0,44313.16,54614.43648,2421153187.6604123,1141588,44511.27,339.57596487397814,46041.840000000004,44395.005
1648080000000,2022-03-24,BTCUSDT,42882.76,44220.89,42560.46,43991.46,56195.12374,2436258223.622338,1202541,44313.16,1061.0831947667584,45353.172000000006,44537.188500000004
1647993600000,2022-03-23,BTCUSDT,42364.13,43025.96,41751.47,42882.76,40828.87039,1725787170.5823965,916671,43991.46,-2018.348336866996,44505.28200000001,44677.5795
1647907200000,2022-03-22,BTCUSDT,41002.26,43361.0,40875.51,42364.13,59454.94294,2525975507.8012,1367343,42882.76,-111.0578856329505,43612.556,44819.2635
1647820800000,2022-03-21,BTCUSDT,41262.11,41544.22,40467.94,41002.25,39426.24877,1618789548.0684211,947206,42364.13,-42.96949227895445,42910.752,44761.4335
1647734400000,2022-03-20,BTCUSDT,42201.13,42296.26,40911.0,41262.11,30653.33468,1273880705.2502496,799695,41002.25,-51.6362696395116,42300.542,44686.8405
1647648000000,2022-03-19,BTCUSDT,41757.51,42400.0,41499.29,42201.13,29067.18108,1216709156.4428055,801197,41262.11,-99.61106632648824,41942.476,44684.2965
1647561600000,2022-03-18,BTCUSDT,40917.89,42325.02,40135.04,41757.51,45408.00969,1862337033.4847207,1065054,42201.13,-69.00914277128945,41717.42599999999,44599.9625
1647475200000,2022-03-17,BTCUSDT,41114.01,41478.82,40500.0,40917.9,37189.38087,1521083189.7108624,935784,41757.51,-68.01046938011183,41428.18000000001,44487.334
1647388800000,2022-03-16,BTCUSDT,39280.33,41718.0,38828.48,41114.0,88120.76167,3552563766.3655386,2051837,40917.9,-29.590073211409504,41450.530000000006,44268.1565
1647302400000,2022-03-15,BTCUSDT,39671.37,39887.61,38098.33,39280.33,46015.54926,1796571984.458497,1060517,41114.0,-17.106936440994886,41054.174,43903.1475
1647216000000,2022-03-14,BTCUSDT,37777.35,39947.12,37555.0,39671.37,46945.45375,1821922588.4472065,1114899,39280.33,-23.970720079883577,40548.221999999994,43566.3485
1647129600000,2022-03-13,BTCUSDT,38807.35,39310.0,37578.51,37777.34,32791.82359,1268441605.1866877,841844,39671.37,-19.73411178707724,39752.188,43164.6655
1647043200000,2022-03-12,BTCUSDT,38729.57,39486.71,38660.52,38807.36,24034.36432,939663387.3149892,671733,37777.34,-49.37034420248571,39330.08,42790.859000000004
1646956800000,2022-03-11,BTCUSDT,39422.01,40236.26,38223.6,38729.57,59018.7642,2305825015.6010857,1252571,38807.36,-50.43421884486503,38853.194,42451.8205
1646870400000,2022-03-10,BTCUSDT,41941.7,42039.63,38539.73,39422.0,71962.93154,2854310740.8076735,1512655,38729.57,-76.78084500137876,38881.528000000006,42069.521
1646784000000,2022-03-09,BTCUSDT,38730.63,42594.06,38656.45,41941.71,67392.58799,2797240840.960747,1570230,39422.0,-640.5802029647712,39335.596000000005,41794.8665
1646697600000,2022-03-08,BTCUSDT,37988.01,39362.08,37867.65,38730.63,55583.06638,2149652714.804345,1271128,41941.71,-165.90560066052018,39526.254,41375.2875
1646611200000,2022-03-07,BTCUSDT,38420.8,39547.57,37155.0,37988.0,63994.11559,2449362161.7015386,1456041,38730.63,-199.98938376047113,39362.382,40933.2995
1646524800000,2022-03-06,BTCUSDT,39397.97,39693.87,38088.57,38420.81,39677.26158,1542258009.6292188,986352,37988.0,-218.24974483511045,39300.62999999999,40628.7765
1646438400000,2022-03-05,BTCUSDT,39148.65,39613.24,38407.59,39397.96,30363.13341,1187689935.0879936,879727,38420.81,-222.57872337389475,39295.822,40383.0165
1646352000000,2022-03-04,BTCUSDT,42454.0,42527.3,38550.0,39148.66,61964.68498,2527001270.7194686,1465066,39397.96,-239.15748318224513,38737.212,40140.8765
1646265600000,2022-03-03,BTCUSDT,43892.99,44101.12,41832.28,42454.0,50940.61021,2192152097.925188,1289320,39148.66,621.3527765119469,39481.886,40119.438500000004
1646179200000,2022-03-02,BTCUSDT,44421.2,45400.0,43334.09,43892.98,57782.65081,2550792948.288624,1653131,42454.0,388.1812751441173,40662.882,40195.881
1646092800000,2022-03-01,BTCUSDT,43160.0,44949.0,42809.98,44421.2,61743.09873,2701611023.69432,1866871,43892.98,220.11254904325548,41862.96,40366.8285
1646006400000,2022-02-28,BTCUSDT,37699.08,44225.84,37450.17,43160.0,73945.63858,2975160226.168985,1931087,44421.2,313.150434411216,42615.368,40461.723
1645920000000,2022-02-27,BTCUSDT,39116.73,39855.7,37000.0,37699.07,46229.44719,1780512702.886402,1265753,43160.0,-13957.659384183533,42325.45,40236.62
1645833600000,2022-02-26,BTCUSDT,39219.16,40348.45,38573.18,39116.72,29361.2568,1152621719.69438,924257,37699.07,3656.67507111456,41657.994,40104.5805
1645747200000,2022-02-25,BTCUSDT,38328.68,39683.53,38014.37,39219.17,56574.57125,2197889580.2826686,1408558,39116.72,2331.4419934640637,40723.231999999996,40019.644
1645660800000,2022-02-24,BTCUSDT,37250.02,39843.0,34322.28,38327.21,120476.29458,4335107392.009488,2622780,39219.17,-979.3942217228852,39504.433999999994,39880.3045
1645574400000,2022-02-23,BTCUSDT,38230.33,39249.93,37036.79,37250.01,43560.732,1665486687.2399373,1030872,38327.21,-174.83215039324762,38322.436,39778.7885
1645488000000,2022-02-22,BTCUSDT,37008.16,38429.0,36350.0,38230.33,53785.94589,2010628230.754918,1212527,37250.01,-1835.4827103737923,38428.688,39706.7365
1645401600000,2022-02-21,BTCUSDT,38386.89,39494.35,36800.0,37008.16,62347.68496,2382027320.8617606,1352290,38230.33,-937.1856629653848,38006.976,39668.2775
1645315200000,2022-02-20,BTCUSDT,40079.17,40125.44,38000.0,38386.89,33439.29011,1293216601.4518795,811235,37008.16,-29860.96698113466,37840.520000000004,39647.254
1645228800000,2022-02-19,BTCUSDT,39974.45,40444.32,39639.03,40079.17,18042.0551,721960636.0646691,586653,38386.89,1591.8688803746293,38190.912000000004,39714.734000000004
1645142400000,2022-02-18,BTCUSDT,40515.71,40959.88,39450.0,39974.44,43845.92241,1765622365.952756,1025882,40079.17,1313.1790549541026,38735.798,39742.356
1645056000000,2022-02-17,BTCUSDT,43873.56,44164.71,40073.21,40515.7,47245.99494,1993400162.948067,1067658,39974.44,-416.85446009389534,39192.871999999996,39671.0555
1644969600000,2022-02-16,BTCUSDT,44544.85,44549.97,43307.0,43873.56,28471.8727,1250973502.301845,823745,40515.7,-51486.97219360214,40565.952,39928.202000000005
1644883200000,2022-02-15,BTCUSDT,42535.94,44751.4,42427.03,44544.86,38095.19576,1672855933.625659,990694,43873.56,8201.398997250359,41797.546,40256.045
1644796800000,2022-02-14,BTCUSDT,42053.65,42842.4,41550.56,42535.94,34010.1306,1436927831.4445865,867622,44544.86,-1625.140210877165,42288.9,40461.8015
1644710400000,2022-02-13,BTCUSDT,42217.87,42760.0,41870.0,42053.66,17732.08113,750533311.6529565,624898,42535.94,232.90022711667424,42704.744,40594.5865
1644624000000,2022-02-12,BTCUSDT,42373.73,43079.49,41688.88,42217.87,26556.85681,1123136004.7237244,830322,42053.66,286.61657772116746,43045.178,40748.047
1644537600000,2022-02-11,BTCUSDT,43495.44,43920.0,41938.51,42373.73,44975.1687,1937866768.5059533,1169354,42217.87,283.45696388719756,42745.21200000001,40744.033500000005
1644451200000,2022-02-10,BTCUSDT,44372.71,45821.0,43174.01,43495.44,62357.29091,2772188373.2227836,1541483,42373.73,194.7190817746111,42535.328,40724.1565
1644364800000,2022-02-09,BTCUSDT,44043.0,44799.0,43117.92,44372.72,34428.16729,1512500139.1430995,1066395,43495.44,153.60459712665534,42902.684,40721.7325
1644278400000,2022-02-08,BTCUSDT,43839.99,45492.0,42666.0,44042.99,64880.29387,2847485971.4977336,1653350,44372.72,171.35855185061567,43300.55,40765.882
1644192000000,2022-02-07,BTCUSDT,42380.87,44500.5,41645.85,43839.99,51060.62006,2204523609.9033957,1473274,44042.99,145.79534326820192,43624.974,41072.928
1644105600000,2022-02-06,BTCUSDT,41382.6,42656.0,41116.56,42380.87,22405.16704,934168802.8801152,788291,43839.99,214.86737539997665,43626.402,41236.135500000004
1644019200000,2022-02-05,BTCUSDT,41571.7,41913.69,40843.01,41382.59,32532.34372,1349805515.9300363,1006352,42380.87,528.5694557395166,43203.831999999995,41344.3065
1643932800000,2022-02-04,BTCUSDT,37311.98,41772.33,37026.73,41574.25,64703.95874,2526572562.0582848,1380724,41382.59,442.62381157762536,42644.138,41506.658500000005
1643846400000,2022-02-03,BTCUSDT,36896.37,37387.0,36250.0,37311.61,32081.10999,1179502838.6566265,848961,41574.25,-204.1103714315144,41297.862,41509.7385
1643760000000,2022-02-02,BTCUSDT,38694.59,38855.92,36586.95,36896.36,35794.6813,1353093948.9776013,907905,37311.61,-45.60597374304888,39909.136,41443.04
1643673600000,2022-02-01,BTCUSDT,38466.9,39265.2,38000.0,38694.59,34574.44663,1334266166.7099986,917617,36896.36,-73.65386554808575,39171.880000000005,41527.3615
1643587200000,2022-01-31,BTCUSDT,37881.75,38744.0,36632.61,38466.9,36855.2458,1386754529.0295446,936014,38694.59,-105.89598529382845,38588.742,41531.362
1643500800000,2022-01-30,BTCUSDT,38166.83,38359.26,37351.63,37881.76,21430.66527,812750216.6010319,698593,38466.9,-103.28507394712231,37850.244000000006,41421.4915
1643414400000,2022-01-29,BTCUSDT,37716.57,38720.74,37268.44,38166.84,26129.49682,989652386.9966494,816601,37881.76,-109.35046148757198,38021.29,41331.1115
1643328000000,2022-01-28,BTCUSDT,37160.11,38000.0,36155.01,37716.56,42154.26956,1560203931.220128,1061101,38166.84,-91.77161237403804,38185.33,41191.1545
1643241600000,2022-01-27,BTCUSDT,36807.24,37234.47,35507.01,37160.1,53020.87934,1925920128.3436608,1308408,37716.56,-49.75660343406969,37878.43199999999,40855.4815
1643155200000,2022-01-26,BTCUSDT,36958.32,38919.98,36234.63,36809.34,69830.16036,2627491976.6908574,1584468,37160.1,-30.078747861405787,37546.92,40468.7055
1643068800000,2022-01-25,BTCUSDT,36660.35,37545.14,35701.0,36958.32,49232.40183,1799224214.4997392,1248246,36809.34,-34.214014202496344,37362.231999999996,40189.8245
1642982400000,2022-01-24,BTCUSDT,36244.55,37550.0,32917.17,36660.35,91904.753211,3192041586.10319,1999352,36958.32,-33.761442077875756,37060.934,39920.159
1642896000000,2022-01-23,BTCUSDT,35071.42,36499.0,34601.01,36244.55,44279.52354,1572414639.0428774,1142407,36660.35,-39.50168830830199,36766.53199999999,39621.493
1642809600000,2022-01-22,BTCUSDT,36445.31,36835.22,34008.0,35071.42,90471.338961,3207531048.0306516,2099978,36244.55,-38.40730007272819,36348.796,39256.377499999995
1642723200000,2022-01-21,BTCUSDT,40680.92,41100.0,35440.45,36445.31,88860.891999,3405501703.2219367,2092561,35071.42,-70.31043451473391,36275.990000000005,38903.871
1642636800000,2022-01-20,BTCUSDT,41660.0,43505.0,40553.31,40680.91,42330.33953,1784801200.4044871,1098761,36445.31,232.74211260499192,37020.508,38719.2805
1642550400000,2022-01-19,BTCUSDT,42352.12,42559.13,41138.56,41660.01,31685.72159,1327478459.1602297,924528,40680.91,185.1706149696135,38020.44,38600.131499999996
1642464000000,2022-01-18,BTCUSDT,42201.63,42691.0,41250.0,42352.12,29324.08257,1228459687.3994458,905061,41660.01,210.92814002892635,39241.954000000005,38525.738
1642377600000,2022-01-17,BTCUSDT,43071.66,43176.18,41540.42,42201.62,27562.08613,1169381684.4668436,918029,42352.12,206.56863165110104,40667.994,38516.7755
1642291200000,2022-01-16,BTCUSDT,43084.29,43475.0,42581.79,43071.66,20602.35271,887203134.0531468,732171,42201.62,165.4135917840421,41993.264,38601.229
1642204800000,2022-01-15,BTCUSDT,43059.96,43800.0,42555.0,43084.29,21936.05616,946488263.548448,752688,43071.66,169.03781431432955,42473.94,38676.731
1642118400000,2022-01-14,BTCUSDT,42558.35,43448.78,41725.95,43059.96,32640.88292,1392000443.3501673,946938,43084.29,155.5629374555527,42753.93,38964.148499999996
1642032000000,2022-01-13,BTCUSDT,43902.65,44500.0,42311.22,42560.11,34910.87762,1515944525.4954946,1036234,43059.96,153.93212234792162,42795.528000000006,39247.335999999996
1641945600000,2022-01-12,BTCUSDT,42729.29,44322.0,42450.0,43902.66,33943.2928,1470906437.7120714,1023902,42560.11,136.11256788076668,43135.736,39507.7395
1641859200000,2022-01-11,BTCUSDT,41822.49,43100.0,41268.93,42729.29,37296.43729,1574803608.9600787,1015526,43902.66,164.71962252446303,43067.262,39720.859000000004
1641772800000,2022-01-10,BTCUSDT,41864.62,42248.5,39650.0,41822.49,50729.17019,2088111339.5055964,1250983,42729.29,184.1468848190868,42814.902,39917.8955
1641686400000,2022-01-09,BTCUSDT,41679.74,42786.7,41200.02,41864.62,22724.39426,952830064.5125848,752733,41822.49,169.89201202120276,42575.834,40102.7845
1641600000000,2022-01-08,BTCUSDT,41566.48,42300.0,40501.0,41679.74,32952.73111,1367233494.827767,1021908,41864.62,144.48528521621245,42399.759999999995,40300.9435
1641513600000,2022-01-07,BTCUSDT,43082.3,43145.83,40610.0,41566.48,54836.50818,2293851015.4652367,1406635,41679.74,159.6150879584158,41932.524000000005,40521.2625
1641427200000,2022-01-06,BTCUSDT,43451.14,43816.0,42430.58,43082.31,38880.37305,1674466154.4383326,1150707,41566.48,227.1337553094034,42003.128000000004,40834.91100000001
1641340800000,2022-01-05,BTCUSDT,45832.01,47070.0,42500.0,43451.13,51784.11857,2334288544.645448,1478532,43082.31,270.45144937246044,42328.85600000001,41159.5515
1641254400000,2022-01-04,BTCUSDT,46446.1,47557.54,45500.0,45832.01,35491.4136,1649170424.1276135,1021815,43451.13,187.7323708508029,43122.333999999995,41618.1345
1641168000000,2022-01-03,BTCUSDT,47286.18,47570.0,45696.0,46446.1,27662.0771,1292203508.3256547,885624,45832.01,168.3826994119423,44075.606,42128.212
1641081600000,2022-01-02,BTCUSDT,47722.66,47990.0,46654.0,47286.18,18340.4604,866610995.5633582,709624,46446.1,168.86881542856617,45219.545999999995,42738.95
1640995200000,2022-01-01,BTCUSDT,46216.93,47954.63,46208.37,47722.65,19604.46325,924155159.5834864,714899,47286.18,162.57578109504232,46147.614,43302.816999999995
1640908800000,2021-12-31,BTCUSDT,47120.88,48548.26,45678.0,46216.93,34937.99796,1650715977.918517,1059783,47722.65,238.86353053719233,46700.774,43579.618
1640822400000,2021-12-30,BTCUSDT,46464.66,47900.0,45900.0,47120.87,30352.29569,1428755720.453203,910157,46216.93,185.1619028407547,46958.546,43852.66100000001
1640736000000,2021-12-29,BTCUSDT,47543.74,48139.08,46096.99,46464.66,39498.87,1873785571.2732968,1114074,47120.87,277.2146760343484,46962.258,44058.288
1640649600000,2021-12-28,BTCUSDT,50701.44,50704.05,47313.01,47543.74,45853.33924,2242102220.9310036,1345774,46464.66,169.93259873921227,47013.770000000004,44325.394
1640563200000,2021-12-27,BTCUSDT,50775.48,52088.0,50449.0,50701.44,28779.58212,1471423612.091862,1009238,47543.74,127.70676712899608,47609.528000000006,44706.883
1640476800000,2021-12-26,BTCUSDT,50399.67,51280.0,49412.0,50775.49,22569.88914,1132200241.5624182,797133,50701.44,127.6075175600138,48521.240000000005,45091.443
1640390400000,2021-12-25,BTCUSDT,50819.99,51156.23,50142.32,50399.66,19135.51613,971491029.130824,766979,50775.49,130.40188442095786,49176.998,45458.428
1640304000000,2021-12-24,BTCUSDT,50838.82,51810.0,50384.43,50820.0,31661.94946,1616919305.7036664,1074410,50399.66,127.4248069923661,50048.066000000006,45871.4225
1640217600000,2021-12-23,BTCUSDT,48588.17,51375.0,47920.42,50838.81,35192.54046,1738129830.7814522,1176050,50820.0,132.71784954554238,50707.08,46218.229999999996
1640131200000,2021-12-22,BTCUSDT,48887.59,49576.13,48421.87,48588.16,27004.2022,1322418595.3337295,949480,50838.81,193.21358839640772,50284.424,46511.1735
1640044800000,2021-12-21,BTCUSDT,46914.17,49328.96,46630.0,48889.88,37713.92924,1827234149.05988,1119412,48588.16,256.5929879295064,49907.302,46864.543
1639958400000,2021-12-20,BTCUSDT,46681.24,47537.57,45558.85,46914.16,35848.50609,1663363117.8304534,1076488,48889.88,1545.1416485065838,49210.202,47117.020000000004
1639872000000,2021-12-19,BTCUSDT,46834.47,48300.01,46406.91,46681.23,29305.70665,1384958598.3627698,874827,46914.16,-1056.6344325977382,48382.448000000004,47367.0945
1639785600000,2021-12-18,BTCUSDT,46133.83,47392.37,45500.0,46834.48,25020.05271,1165205135.7008429,862066,46681.23,-687.8063884166316,47581.582,47630.4945
1639699200000,2021-12-17,BTCUSDT,47632.38,47995.96,45456.0,46131.2,43104.4887,2015966349.5161328,1261780,46834.48,-7125.731949142338,47090.189999999995,47782.939
1639612800000,2021-12-16,BTCUSDT,48864.98,49436.43,47511.0,47632.38,31949.86739,1551200654.0527449,1023983,46131.2,1311.0457273562686,46838.69,47992.0015
1639526400000,2021-12-15,BTCUSDT,48336.95,49500.0,46547.0,48864.98,51629.181,2487012309.091549,1438176,47632.38,330.73631849086746,47228.85400000001,48143.65
1639440000000,2021-12-14,BTCUSDT,46702.76,48700.41,46290.0,48343.28,39955.98445,1887427362.4740963,1194992,48864.98,857.9495710033246,47561.264,48238.509
1639353600000,2021-12-13,BTCUSDT,50053.9,50189.97,45672.75,46702.75,50869.52093,2423888500.7903047,1399599,48343.28,-92.57906964530852,47534.918,48209.3375
1639267200000,2021-12-12,BTCUSDT,49389.99,50777.0,48638.0,50053.9,26017.93421,1292315883.6245537,863605,46702.75,-967.1766515611384,48319.458,48325.9
1639180800000,2021-12-11,BTCUSDT,47140.54,49485.71,46751.0,49389.99,28889.19358,1397524635.5814018,957390,50053.9,-691.2208939554461,48670.979999999996,48484.553
1639094400000,2021-12-10,BTCUSDT,47535.9,50125.0,46852.0,47140.54,44233.57391,2135023722.853152,1215231,49389.99,-178.25197175672525,48326.092,48485.5365
1639008000000,2021-12-09,BTCUSDT,50471.19,50797.76,47320.0,47545.59,37692.68665,1841474998.89511,1130599,47140.54,-210.88630580404572,48166.554,48539.583
1638921600000,2021-12-08,BTCUSDT,50588.95,51200.0,48600.0,50471.19,38425.92466,1925458787.114752,1118225,47545.59,524.1844261642145,48920.242,48685.9555
1638835200000,2021-12-07,BTCUSDT,50441.91,51936.33,50039.74,50588.95,38253.46877,1950573500.2086656,1212350,50471.19,570.1112961796753,49027.252,48680.331
1638748800000,2021-12-06,BTCUSDT,49396.32,50891.11,47100.0,50441.92,58571.21575,2851528919.1795363,1741956,50588.95,274.58188765675726,49237.638,48663.652500000004
1638662400000,2021-12-05,BTCUSDT,49152.46,49699.05,47727.21,49396.33,45580.82012,2231486105.843912,1371839,50441.92,356.76733821958715,49688.795999999995,48613.486
1638576000000,2021-12-04,BTCUSDT,53601.05,53859.1,42000.3,49152.47,114203.373748,5495712061.978532,3362771,49396.33,411.2761487323075,50010.172,48530.1095
1638489600000,2021-12-03,BTCUSDT,56484.26,57600.0,51680.0,53601.05,58927.69027,3246198505.9468513,1865063,49152.47,187.1780557842526,50636.144,48668.2215
1638403200000,2021-12-02,BTCUSDT,57184.07,57375.47,55777.77,56480.34,37574.05976,2127110102.107309,1307890,53601.05,173.59967721373062,51814.422000000006,49062.8305
1638316800000,2021-12-01,BTCUSDT,56950.56,59053.55,56458.01,57184.07,44956.63656,2584928714.0757422,1442301,56480.34,178.278633840961,53162.852,49477.54
1638230400000,2021-11-30,BTCUSDT,57776.25,59176.99,55875.55,56950.56,49161.05194,2823644073.0219045,1587472,57184.07,172.30948685298955,54673.698,49979.36
1638144000000,2021-11-29,BTCUSDT,57274.89,58865.97,56666.67,57776.25,40125.28009,2313371348.113543,1349625,56950.56,141.39025601661623,56398.454000000005,50534.111
1638057600000,2021-11-28,BTCUSDT,54716.47,57445.05,53256.64,57274.88,36163.7137,1982198373.5328348,1253408,57776.25,170.41592692404635,57133.219999999994,51056.131
1637971200000,2021-11-27,BTCUSDT,53723.72,55280.0,53610.0,54721.03,29716.99957,1623173123.4917314,1110145,57274.88,230.83113238692627,56781.35799999999,51485.6225
1637884800000,2021-11-26,BTCUSDT,58960.37,59150.0,53500.0,53726.53,65927.87066,3649353860.4295673,2138184,54721.03,186.846624425485,56089.85,51790.33
1637798400000,2021-11-25,BTCUSDT,57138.29,59398.9,57000.0,58960.36,42153.51522,2455658857.7005925,1604266,53726.53,150.10797414227352,56491.81,52295.099
1637712000000,2021-11-24,BTCUSDT,57541.26,57735.0,55837.0,57138.29,39612.04964,2246374244.330568,1432991,58960.36,213.11934724242923,56364.21799999999,52734.8495
1637625600000,2021-11-23,BTCUSDT,56243.83,58009.99,55317.0,57541.27,49917.85017,2837210673.4885187,1570845,57138.29,208.47860857958204,56417.496,53276.7755
1637539200000,2021-11-22,BTCUSDT,58617.7,59444.0,55610.0,56247.18,51724.32047,2968622334.137657,1624768,57541.27,249.67184932285537,56722.726,53586.4395
1637452800000,2021-11-21,BTCUSDT,59707.52,60029.76,58486.65,58622.02,31902.22785,1886578154.5167084,1249219,56247.18,182.84746181586425,57701.824,54048.041000000005
1637366400000,2021-11-20,BTCUSDT,58057.1,59845.0,57353.0,59707.51,33811.5901,1982718831.1570768,1200190,58622.02,170.10290818414708,57851.254,54676.389500000005
1637280000000,2021-11-19,BTCUSDT,56891.62,58320.0,55600.0,58052.24,50715.88726,2896189975.910774,1560459,59707.51,303.4211076139193,58034.043999999994,55201.721999999994
1637193600000,2021-11-18,BTCUSDT,60344.86,60976.0,56474.26,56891.62,62146.99931,3644824179.1448526,1960419,58052.24,2583.7774751993443,57904.114,55522.743500000004
1637107200000,2021-11-17,BTCUSDT,60058.87,60840.23,58373.0,60344.87,46289.38491,2767802055.200423,1471305,56891.62,423.1865350544164,58723.652,56010.53949999999
1637020800000,2021-11-16,BTCUSDT,63606.73,63617.31,58574.07,60058.87,77455.15609,4705744041.299647,2353681,60344.87,430.3328818554129,59011.022,56491.387
1636934400000,2021-11-15,BTCUSDT,65519.11,66401.82,63400.0,63606.74,37829.37124,2460915922.876128,1305209,60058.87,276.10475277378055,59790.868,57201.907499999994
1636848000000,2021-11-14,BTCUSDT,64380.01,65550.51,63576.27,65519.1,25705.07347,1658473781.2937696,951393,63606.74,218.4636023783935,61284.240000000005,58020.239
1636761600000,2021-11-13,BTCUSDT,64122.22,65000.0,63360.22,64380.0,22504.97383,1442441613.5983922,904149,65519.1,186.46522351762135,62781.916000000005,58559.186499999996
1636675200000,2021-11-12,BTCUSDT,64774.25,65450.7,62278.0,64122.23,44490.10816,2844286547.504041,1479149,64380.0,173.25067095048905,63537.388,58941.281
1636588800000,2021-11-11,BTCUSDT,64882.42,65600.07,64100.0,64774.26,37237.98058,2415537333.57771,1327827,64122.23,230.9778289960266,64480.466,59320.7905
1636502400000,2021-11-10,BTCUSDT,66947.67,69000.0,62822.9,64882.43,65171.504046,4335575752.805223,2347934,64774.26,174.80301234223543,64735.60400000001,59717.384
1636416000000,2021-11-09,BTCUSDT,67525.82,68524.25,66222.4,66947.66,44661.378068,3014326962.087268,1847655,64882.43,161.58419967702793,65021.316000000006,60175.95449999999
1636329600000,2021-11-08,BTCUSDT,63273.58,67789.0,63273.58,67525.83,54442.094554,3575716171.0442996,2349581,66947.66,139.88739787119908,65650.482,60688.502
1636243200000,2021-11-07,BTCUSDT,61470.62,63286.35,61322.78,63273.59,25515.6883,1585744720.199772,1068629,67525.83,288.13002921594216,65480.754,61116.130000000005
1636156800000,2021-11-06,BTCUSDT,60940.18,61560.49,60050.0,61470.61,25590.57408,1556774943.5537283,965309,63273.59,698.6035959389719,64820.024,61503.333999999995
1636070400000,2021-11-05,BTCUSDT,61395.01,62595.72,60721.0,60937.12,31604.48749,1943346371.470386,1243074,61470.61,426.9529408502251,64030.962,61602.172000000006
1635984000000,2021-11-04,BTCUSDT,62896.49,63086.31,60677.01,61395.01,35930.93314,2218138026.7045407,1346081,60937.12,283.67452074992383,62920.43200000001,61815.00800000001
1635897600000,2021-11-03,BTCUSDT,63220.57,63500.0,60382.76,62896.48,43336.09049,2713389500.4663587,1601925,61395.01,424.1710135953375,61994.562,62082.768500000006
1635811200000,2021-11-02,BTCUSDT,60911.12,64270.0,60624.68,63219.99,46368.2841,2909221038.40065,1858362,62896.48,352.618692109126,61983.842000000004,62431.40900000001
1635724800000,2021-11-01,BTCUSDT,61299.81,62437.74,59405.0,60911.11,44687.66672,2737282804.738131,1472636,63219.99,-281.89439945393093,61871.942,62545.8635
1635638400000,2021-10-31,BTCUSDT,61859.19,62405.3,59945.36,61299.8,39267.63794,2396556477.343494,1563417,60911.11,-143.98502121204945,61944.478,62625.478
1635552000000,2021-10-30,BTCUSDT,62253.7,62359.25,60673.0,61859.19,31478.12566,1937860260.4380624,1197748,61299.8,-263.1911964804964,62037.314,62815.8255
1635465600000,2021-10-29,BTCUSDT,60575.9,62980.0,60174.81,62253.71,43973.90414,2706090987.3096256,1417344,61859.19,-376.1838246312578,61908.759999999995,63083.93000000001
1635379200000,2021-10-28,BTCUSDT,58413.44,62499.0,57820.0,60575.89,61056.35301,3677629851.059607,1878275,62253.71,-151.89323475539294,61379.94,63095.48100000001
1635292800000,2021-10-27,BTCUSDT,60328.81,61496.0,58000.0,58413.44,62124.49016,3688306192.972418,1913083,60575.89,-96.90647226228512,60880.406,63013.2095
1635206400000,2021-10-26,BTCUSDT,63078.78,63293.48,59817.55,60328.81,40217.50083,2492606133.3189454,1334460,58413.44,-92.44823496528826,60686.208,62849.313
1635120000000,2021-10-25,BTCUSDT,60852.22,63710.63,60650.0,63078.78,36853.83806,2309339650.10938,1270453,60328.81,-186.43392810964536,60930.126000000004,62727.297
1635033600000,2021-10-24,BTCUSDT,61286.75,61500.0,59510.63,60852.22,31226.57676,1889694558.9504948,1052085,63078.78,-342.40161561430125,60649.828,62550.907999999996
1634947200000,2021-10-23,BTCUSDT,60688.23,61747.64,59562.15,61286.75,27626.93678,1686121722.2187824,982103,60852.22,-4745.643424344624,60792.0,62409.134
1634860800000,2021-10-22,BTCUSDT,62193.15,63732.39,60000.0,60688.22,52119.35886,3229377744.311425,1555280,61286.75,-3505.560466050604,61246.95599999999,62204.831999999995
1634774400000,2021-10-21,BTCUSDT,66001.4,66639.74,62000.0,62193.15,68538.64537,4407757970.879756,2181665,60688.22,1224.394216553485,61619.824,62070.367999999995
1634688000000,2021-10-20,BTCUSDT,64280.59,67000.0,63481.4,66001.41,51428.934856,3362878816.4045925,1823286,62193.15,389.0319588525341,62204.35,62023.0555
1634601600000,2021-10-19,BTCUSDT,62005.6,64486.0,61322.22,64280.59,53628.107744,3370863940.269437,1755708,66001.41,1108.3971336979075,62890.024,61860.79350000001
1634515200000,2021-10-18,BTCUSDT,61528.32,62695.78,59844.45,62009.84,51798.44844,3195091233.4205527,1629184,64280.59,1069.931648357653,63034.64199999999,61797.60599999999
1634428800000,2021-10-17,BTCUSDT,60875.57,61718.39,58963.0,61528.33,39099.24124,2371696294.797305,1331655,62009.84,4973.950903601288,63202.664000000004,61800.492000000006
1634342400000,2021-10-16,BTCUSDT,61672.42,62378.42,60150.0,60875.57,35467.88096,2173374058.808911,1360379,61528.33,-1098.7556170065643,62939.148,61797.4145
1634256000000,2021-10-15,BTCUSDT,57347.94,62933.0,56850.0,61672.42,82512.908022,4959389368.726733,2649137,60875.57,-1928.453955856797,62073.35,61811.284999999996
1634169600000,2021-10-14,BTCUSDT,57370.83,58532.54,56818.05,57347.94,43053.336781,2481915791.591235,1372048,61672.42,-347.27644480242884,60686.81999999999,61533.85799999999
1634083200000,2021-10-13,BTCUSDT,55996.91,57777.0,54167.19,57367.0,55808.44492,3123307687.477303,1610489,57347.94,-1073.0639119299692,59758.252,61241.20849999999
1633996800000,2021-10-12,BTCUSDT,57471.35,57680.0,53879.0,55996.93,53471.2855,3017210682.8859496,1554412,57367.0,-215.00133891058857,58651.971999999994,60995.4995
1633910400000,2021-10-11,BTCUSDT,54659.01,57839.04,54415.06,57471.35,52933.165751,2994673617.7236485,1690409,55996.93,-143.34641716436934,57971.128000000004,60804.077000000005
1633824000000,2021-10-10,BTCUSDT,54949.72,56561.31,54080.0,54659.0,89237.836128,4923958325.389875,2427176,57471.35,-129.78789708746007,56568.443999999996,60444.067500000005
1633737600000,2021-10-09,BTCUSDT,53955.67,55489.0,53661.67,54949.72,55177.08013,3024862790.6955924,1609483,54659.0,-124.57318333667344,56088.8,60078.867999999995
1633651200000,2021-10-08,BTCUSDT,53785.22,56100.0,53617.61,53951.43,46160.25785,2522087625.0940795,1548832,54949.72,-117.18103132203908,55405.686,59747.645
1633564800000,2021-10-07,BTCUSDT,55315.0,55332.31,53357.0,53785.22,54917.37766,2983143121.088643,1703147,53951.43,-75.99147471494172,54963.344,59516.23400000001
1633478400000,2021-10-06,BTCUSDT,51471.99,55750.0,50382.41,55315.0,79877.545181,4236927265.3815217,2443126,53785.22,-38.46782970146188,54532.074,59265.54350000001
1633392000000,2021-10-05,BTCUSDT,49224.93,51886.3,49022.4,51471.99,52125.66793,2618101829.017722,1641651,55315.0,-32.094296019861616,53894.672,58685.204000000005
1633305600000,2021-10-04,BTCUSDT,48200.01,49536.12,46891.0,49224.94,46796.49372,2258464361.1263566,1437692,51471.99,-32.15379080008444,52749.716,58103.840000000004
1633219200000,2021-10-03,BTCUSDT,47634.89,49228.08,47088.0,48200.01,30825.05601,1482764462.1905773,1114294,49224.94,-30.84282190103474,51599.432,57449.503000000004
1633132800000,2021-10-02,BTCUSDT,48141.6,48336.59,47430.18,47634.9,30508.98131,1459064880.5324447,996116,48200.01,-31.046993845477573,50369.368,56796.837
1633046400000,2021-10-01,BTCUSDT,43820.01,48495.0,43283.03,48141.61,66244.87492,3076094886.5924745,1771237,47634.9,-28.236964379811667,48934.69,56094.259999999995
1632960000000,2021-09-30,BTCUSDT,41524.29,44141.37,41410.17,43824.1,46381.22781,2005486003.5646772,1197815,48141.61,-28.2515173205243,47405.112,54985.394499999995
1632873600000,2021-09-29,BTCUSDT,41025.01,42590.0,40753.88,41524.28,33511.53487,1399625476.0563762,884909,43824.1,-23.996068856862937,45864.98,53847.579000000005
1632787200000,2021-09-28,BTCUSDT,42147.35,42787.38,40888.0,41026.54,43372.2624,1816305387.838858,1045389,41524.28,-25.394328404270013,44430.286,52798.414000000004
1632700800000,2021-09-27,BTCUSDT,43160.9,44350.0,42098.0,42147.35,39776.84383,1728912299.8034244,1001487,41026.54,-22.50078308535629,43332.776,51829.365
1632614400000,2021-09-26,BTCUSDT,42670.63,43950.0,40750.0,43160.9,49879.99765,2124657079.2797763,1374145,42147.35,-38.80267174576667,42336.634,50943.6315
1632528000000,2021-09-25,BTCUSDT,42810.58,42966.84,41646.28,42670.64,33594.57189,1428238748.2095258,949787,43160.9,-33.967121315277666,42105.942,49993.542499999996
1632441600000,2021-09-24,BTCUSDT,44865.26,45200.0,40675.0,42810.57,84113.426292,3596718231.050549,1819744,42670.64,-38.69342223131787,42363.2,49266.674
1632355200000,2021-09-23,BTCUSDT,43546.37,44978.0,43069.09,44865.26,48699.57655,2147211305.482089,1196106,42810.57,-71.36209130982652,43130.944,48641.587
1632268800000,2021-09-22,BTCUSDT,40734.09,44000.55,40565.39,43543.61,58349.05542,2482639471.907596,1304011,44865.26,-41.080025383578345,43410.196,48018.920999999995
1632182400000,2021-09-21,BTCUSDT,43016.64,43639.0,39600.0,40734.38,84534.080485,3551997786.6903553,1820721,43543.61,-45.03506832526048,42924.89200000001,47182.072499999995
1632096000000,2021-09-20,BTCUSDT,47241.75,47347.25,42500.0,43015.62,78003.524443,3457139274.3000712,1842231,40734.38,-114.61689846875356,42993.888,46599.9035
1632009600000,2021-09-19,BTCUSDT,48292.75,48372.83,46829.18,47241.75,29847.24349,1421642879.4932065,909785,43015.62,-1183.7142320455794,43880.123999999996,46214.505
1631923200000,2021-09-18,BTCUSDT,47299.98,48843.2,47035.56,48292.74,30906.47038,1491461627.9514225,976346,47241.75,1884.0523531557928,44565.62,45931.570499999994
1631836800000,2021-09-17,BTCUSDT,47737.81,48150.0,46699.56,47299.98,34461.92776,1637122049.4128375,1033968,48292.74,-1412.418758837022,45316.894,45607.3085
1631750400000,2021-09-16,BTCUSDT,48121.4,48557.0,47021.1,47737.82,40725.08895,1948447232.9107175,1176129,47299.98,314.922375642611,46717.58200000001,45228.4495
1631664000000,2021-09-15,BTCUSDT,47103.28,48500.0,46682.32,48121.41,43204.71174,2056996398.8439617,1176050,47737.82,192.6408908116105,47738.740000000005,45060.9205
1631577600000,2021-09-14,BTCUSDT,44940.72,47250.0,44594.44,47111.52,44855.85099,2072259519.06192,1210258,48121.41,208.854753836496,47712.694,44955.2495
1631491200000,2021-09-13,BTCUSDT,46025.23,46880.0,43370.0,44940.73,65429.15056,2930668118.2616343,1703512,47111.52,414.83650631135,47042.292,44792.2855
1631404800000,2021-09-12,BTCUSDT,45173.68,46460.0,44742.06,46025.24,32094.28052,1464780920.2199812,1179808,44940.73,407.03687411410687,46787.344,44711.802500000005
1631318400000,2021-09-11,BTCUSDT,44842.2,45987.93,44722.22,45173.69,30440.4081,1380370764.0127168,1060890,46025.24,465.7885379836593,46274.518000000004,44563.4065
1631232000000,2021-09-10,BTCUSDT,46395.14,47033.0,44132.29,44850.91,49048.26618,2243698626.039517,1569941,45173.69,564.562278835879,45620.418,44614.746999999996
1631145600000,2021-09-09,BTCUSDT,46048.31,47399.97,45513.08,46395.14,50651.66002,2351862983.5182405,1567586,44850.91,719.5682014275634,45477.142,44858.29
1631059200000,2021-09-08,BTCUSDT,46868.57,47340.99,44412.02,46048.31,65069.3152,3000605793.938961,1796101,46395.14,439.5149119655049,45698.657999999996,45109.378500000006
1630972800000,2021-09-07,BTCUSDT,52666.2,52920.0,42843.05,46863.73,123048.802719,6004105772.870442,3321711,46048.31,192.90707823831215,45866.356,45345.1975
1630886400000,2021-09-06,BTCUSDT,51756.88,52780.0,50969.33,52663.9,49249.667081,2549290983.0568776,1678015,46863.73,159.02191893270086,47364.398,45820.3475
1630800000000,2021-09-05,BTCUSDT,49917.54,51900.0,49450.0,51756.88,40544.835873,2049212025.844659,1417660,52663.9,246.21107254940608,48745.592,46274.659499999994
1630713600000,2021-09-04,BTCUSDT,49998.0,50535.69,49370.0,49915.64,34664.65959,1733527136.444259,1225830,51756.88,620.2329163842494,49449.692,46629.913
1630627200000,2021-09-03,BTCUSDT,49246.63,51000.0,48316.84,49999.14,59025.644157,2949574478.071738,1645163,49915.64,376.0155011188669,50239.858,46886.607
1630540800000,2021-09-02,BTCUSDT,48810.51,50450.13,48584.06,49246.64,54410.770538,2704192314.674689,1549849,49999.14,643.6433769435719,50716.44,47171.7585
1630454400000,2021-09-01,BTCUSDT,47100.89,49156.0,46512.0,48810.52,49904.65528,2386074445.4158525,1280384,49246.64,1353.6053750489914,49945.764,47575.565500000004
1630368000000,2021-08-31,BTCUSDT,46982.91,48246.11,46700.0,47100.89,48645.52737,2303799571.3822727,1300400,48810.52,-87750.04703670833,49014.566,47779.829000000005
1630281600000,2021-08-30,BTCUSDT,48767.84,48888.61,46853.0,46982.91,40288.35083,1932344430.9239264,1204012,47100.89,456.7584639943585,48428.020000000004,47766.887
1630195200000,2021-08-29,BTCUSDT,48895.35,49632.27,47762.54,48767.83,32652.283473,1588661416.3603797,1193046,46982.91,365.64852930988536,48181.758,47790.6415
1630108800000,2021-08-28,BTCUSDT,49069.9,49299.0,48346.88,48895.35,26681.063786,1303966035.7705495,793012,48767.83,272.8825309136247,48111.5,47870.409999999996
1630022400000,2021-08-27,BTCUSDT,46843.86,49149.93,46348.0,49069.9,42068.104965,2007071230.2199953,1320503,48895.35,244.85267801061397,48163.376000000004,47937.014
1629936000000,2021-08-26,BTCUSDT,48973.32,49352.84,46250.0,46843.87,49371.277774,2333900030.229628,1532753,49069.9,1957.9880997481573,48111.972,47873.137
1629849600000,2021-08-25,BTCUSDT,47674.01,49264.3,47126.28,48973.32,44655.830342,2149442271.5264206,1559186,46843.87,373.1792369940613,48510.054000000004,47966.227
1629763200000,2021-08-24,BTCUSDT,49488.85,49860.0,47600.0,47674.01,51014.594748,2486079315.564424,1692896,48973.32,1246.496272893322,48291.29,48102.890999999996
1629676800000,2021-08-23,BTCUSDT,49239.22,50500.0,49029.0,49488.85,52462.541954,2616721363.6851716,2143309,47674.01,-192.58846317380784,48409.990000000005,48276.071500000005
1629590400000,2021-08-22,BTCUSDT,48821.88,49500.0,48050.0,49239.22,37007.887795,1807169840.1691716,1610192,49488.85,-242.87552727532727,48443.854,48479.348000000005
1629504000000,2021-08-21,BTCUSDT,49322.47,49757.04,48222.0,48821.87,46745.136584,2290966131.3761606,2069725,49239.22,-559.0553772731026,48839.454000000005,48677.896
1629417600000,2021-08-20,BTCUSDT,46760.62,49382.99,46622.99,49322.47,56850.352228,2721131744.277817,1950404,48821.87,-965.2977078930668,48909.284,48824.2625
1629331200000,2021-08-19,BTCUSDT,44699.37,47033.0,43927.7,46760.62,53411.75392,2416320067.133769,1774382,49322.47,-262.7444670597984,48726.606,48859.878
1629244800000,2021-08-18,BTCUSDT,44695.95,46000.0,44203.28,44705.29,54099.415985,2439673265.947117,1656723,46760.62,-159.1111825646796,47769.89400000001,48751.956
1629158400000,2021-08-17,BTCUSDT,45901.3,47160.0,44376.0,44695.95,57039.341629,2616339597.9157424,1781303,44705.29,-271.6026179447298,46861.240000000005,48353.5585
1629072000000,2021-08-16,BTCUSDT,46973.82,48053.83,45660.0,45901.29,52480.574014,2462127629.6090236,1655378,44695.95,-715.336254876942,46277.124,48060.779
1628985600000,2021-08-15,BTCUSDT,47068.5,47372.27,45500.0,46973.82,42110.711334,1950753713.2121248,1580122,45901.29,-391.5713959230987,45807.39400000001,47913.688
1628899200000,2021-08-14,BTCUSDT,47799.99,48144.0,45971.03,47068.51,46114.359022,2166461458.668249,1849556,46973.82,-382.73740447986773,45868.971999999994,47767.1565
1628812800000,2021-08-13,BTCUSDT,44400.06,47886.0,44217.39,47800.0,48239.370431,2239435701.1177917,1804716,47068.51,-594.451531616662,46487.914000000004,47694.8245
1628726400000,2021-08-12,BTCUSDT,45510.67,46218.12,43770.0,44399.0,55266.108781,2478758524.864176,1623329,47800.0,-308.7665192832333,46428.524,47474.2485
1628640000000,2021-08-11,BTCUSDT,45585.0,46743.47,45341.14,45511.0,52734.901977,2432788769.8326964,1862925,44399.0,-188.64489706324076,46350.466,47394.754
1628553600000,2021-08-10,BTCUSDT,46248.87,46700.0,44589.46,45584.99,53814.643421,2452485823.9336543,1951330,45511.0,-316.19994064202257,46072.7,47324.85799999999
1628467200000,2021-08-09,BTCUSDT,43794.36,46454.15,42779.0,46253.4,74587.884845,3362870286.2581177,2130595,45584.99,-168.72614319491896,45909.678,47199.1365
1628380800000,2021-08-08,BTCUSDT,44572.54,45310.0,43261.0,43794.37,69329.092698,3074924734.87934,1857112,46253.4,-100.26079689982284,45108.552,46944.0875
1628294400000,2021-08-07,BTCUSDT,42836.87,44700.0,42446.41,44572.54,73396.740808,3197407326.0367928,2258213,43794.37,-146.78125728055952,45143.26,46719.2195
1628208000000,2021-08-06,BTCUSDT,40862.46,43392.43,39853.86,42836.87,75753.941347,3148022459.9161587,2223356,44572.54,-88.45164672505251,44608.434,46518.8695
1628121600000,2021-08-05,BTCUSDT,39723.17,41350.0,37332.7,40862.46,84343.755621,3314527738.3397326,1913281,42836.87,-97.26117975775487,43663.928,46113.3265
1628035200000,2021-08-04,BTCUSDT,38207.04,39969.66,37508.56,39723.18,52329.35243,2028792778.184805,1220555,40862.46,-115.1443866153096,42357.884,45715.785
1627948800000,2021-08-03,BTCUSDT,39146.86,39780.0,37642.03,38207.05,57117.435853,2195360658.5673285,1379871,39723.18,-88.4066636872198,41240.42,45151.69499999999
1627862400000,2021-08-02,BTCUSDT,39850.27,40480.01,38690.0,39147.82,50837.351954,2010928003.594409,1162878,38207.05,-81.02575416785734,40155.476,44647.125
1627776000000,2021-08-01,BTCUSDT,41461.84,42599.0,39422.01,39845.44,53953.186326,2227567271.4878654,1603964,39147.82,-71.5048861031539,39557.19,44198.303499999995
1627689600000,2021-07-31,BTCUSDT,42206.36,42448.0,41000.15,41461.83,44849.791012,1868285510.8846784,1565380,39845.44,-118.05275136087658,39677.064,43805.2715
1627603200000,2021-07-30,BTCUSDT,40018.49,42316.71,38313.23,42206.37,73602.784805,2939833541.3815365,1797012,41461.83,-118.5614708159103,40173.702000000005,43577.559
1627516800000,2021-07-29,BTCUSDT,40019.57,40640.0,39200.0,40016.48,53998.439283,2154190697.3453183,1428738,42206.37,-151.32594945373904,40535.588,43343.1185
1627430400000,2021-07-28,BTCUSDT,39456.61,40900.0,38772.0,40019.56,101344.528441,4040889461.661528,2631048,40016.48,-100.57416633888364,40709.936,43109.299000000006
1627344000000,2021-07-27,BTCUSDT,37241.33,39542.61,36383.0,39457.87,88397.267015,3335658261.9955463,1938478,40019.56,-88.93215735941197,40632.422,42787.128000000004
1627257600000,2021-07-26,BTCUSDT,35381.02,40550.0,35205.78,37237.6,152452.512724,5832475057.065676,3330102,39457.87,-53.02435723951277,39787.576,42300.317
1627171200000,2021-07-25,BTCUSDT,34261.51,35398.0,33851.12,35381.02,47852.928313,1646935552.8055446,1245775,37237.6,-56.82124243018524,38422.50600000001,41715.942500000005
1627084800000,2021-07-24,BTCUSDT,33634.1,34500.0,33401.14,34258.14,47977.550138,1625046258.436552,1196914,35381.02,-38.80400217172101,37270.838,41038.8495
1626998400000,2021-07-23,BTCUSDT,32287.58,33650.0,31924.32,33634.09,50112.863626,1631947003.0730464,1394786,34258.14,-43.49120591821159,35993.744,40500.60400000001
1626912000000,2021-07-22,BTCUSDT,32144.51,32591.35,31708.0,32287.83,46148.092433,1482763544.9505365,1000742,33634.09,-46.6772327202456,34559.736,39839.4455
1626825600000,2021-07-21,BTCUSDT,29790.34,32858.0,29482.61,32144.51,82796.265128,2603140706.0822244,1415058,32287.83,-52.81137719415139,33541.118,39167.421500000004
1626739200000,2021-07-20,BTCUSDT,30839.65,31063.07,29278.0,29790.35,61034.049017,1821230700.020391,1062139,32144.51,-47.55307899770685,32422.984000000004,38344.269
1626652800000,2021-07-19,BTCUSDT,31778.57,31899.0,30407.44,30839.65,47340.468499,1470563281.9365027,846029,29790.35,-49.4805715338035,31739.286,37696.533
1626566400000,2021-07-18,BTCUSDT,31520.07,32435.0,31108.97,31778.56,35923.716186,1140964365.6466017,760979,30839.65,-53.95171367368792,31368.18,37056.834
1626480000000,2021-07-17,BTCUSDT,31383.86,31955.92,31164.31,31520.07,34012.242132,1072815966.3363076,883442,31778.56,-27.518568140852295,31214.628000000004,36490.994
1626393600000,2021-07-16,BTCUSDT,31874.49,32249.18,31020.0,31383.87,48499.864154,1538342711.579657,1067591,31520.07,-18.399537999537984,31062.5,36017.0645
1626307200000,2021-07-15,BTCUSDT,32820.03,33185.25,31133.0,31880.0,51639.576353,1652077965.4365597,1099367,31383.87,-30.57120523862895,31480.43,35624.9055
1626220800000,2021-07-14,BTCUSDT,32729.12,33114.03,31550.0,32820.02,46777.823484,1515692074.9875476,1123129,31880.0,-47.563594340749546,31876.504000000004,35355.554000000004
1626134400000,2021-07-13,BTCUSDT,33086.94,33340.0,32202.25,32729.77,41126.361008,1348583017.0103433,956053,32820.02,-50.896389768285246,32066.746000000003,35034.6515
1626048000000,2021-07-12,BTCUSDT,34259.0,34678.43,32658.34,33086.63,48181.403762,1620646741.334963,1176847,32729.77,-91.092443452976,32380.057999999997,34696.711
1625961600000,2021-07-11,BTCUSDT,33502.87,34666.0,33306.47,34258.99,31572.647448,1070033013.1920449,952891,33086.63,-441.4837392939587,32955.082,34336.569
1625875200000,2021-07-10,BTCUSDT,33815.81,34262.0,33004.78,33502.87,34761.175468,1171790111.0829952,865508,34258.99,-655.868762164527,33279.656,33901.394
1625788800000,2021-07-09,BTCUSDT,32875.71,34100.0,32261.07,33815.81,47153.939899,1562958239.3913765,1236351,33502.87,2898.1510015408053,33478.814,33591.360499999995
1625702400000,2021-07-08,BTCUSDT,33862.11,33929.64,32077.0,32875.71,70136.48032,2304973020.298715,1257892,33815.81,895.8494930938326,33508.00199999999,33234.168
1625616000000,2021-07-07,BTCUSDT,34220.02,35059.09,33777.77,33862.12,53807.521675,1857658028.4808035,1041416,32875.71,364.0482996722179,33663.1,32954.3805
1625529600000,2021-07-06,BTCUSDT,33690.15,35118.88,33532.0,34220.01,58210.596349,1991691100.9482656,1184687,33862.12,149.23989651575948,33655.304,32803.501000000004
1625443200000,2021-07-05,BTCUSDT,35288.13,35293.78,33125.55,33690.14,64123.874245,2183406257.493829,1109367,34220.01,195.10750783198665,33692.758,32718.956999999995
1625356800000,2021-07-04,BTCUSDT,34669.12,35967.85,34357.15,35286.51,43703.475789,1544458212.3926332,1164970,33690.14,177.28245841588378,33986.898,32770.3755
1625270400000,2021-07-03,BTCUSDT,33786.54,34945.61,33316.73,34669.13,43044.578641,1478423023.5034828,1078278,35286.51,197.48686909744495,34345.582,32822.127499999995
1625184000000,2021-07-02,BTCUSDT,33502.33,33977.04,32699.0,33786.55,56172.181378,1870193042.3935368,1176457,34669.13,258.8351341002541,34330.468,32897.063500000004
1625097600000,2021-07-01,BTCUSDT,35045.0,35057.57,32711.0,33504.69,71708.266112,2410809595.390457,1240681,33786.55,352.2425816617316,34187.404,32965.072499999995
1625011200000,2021-06-30,BTCUSDT,35911.72,36100.0,34017.55,35045.0,77152.197634,2688939291.095673,1301036,33504.69,284.1886219201965,34458.376000000004,33227.805
1624924800000,2021-06-29,BTCUSDT,34494.89,36600.0,34225.43,35911.73,90788.79622,3233947791.863388,1673802,35045.0,225.95727161875047,34583.42,33481.409
1624838400000,2021-06-28,BTCUSDT,34702.49,35297.71,33862.72,34494.89,82222.267819,2837122779.5244017,1868627,35911.73,485.20940735375495,34548.572,33617.2255
1624752000000,2021-06-27,BTCUSDT,32283.65,34749.0,31973.45,34700.34,96613.244211,3199980157.750333,1799875,34494.89,1329.1265435595346,34731.33,33776.239
1624665600000,2021-06-26,BTCUSDT,31576.09,32730.0,30151.0,32283.65,107820.375287,3376415451.7931237,1814051,34700.34,-481.1354800610218,34487.121999999996,33821.228
1624579200000,2021-06-25,BTCUSDT,34663.08,35500.0,31275.0,31584.45,116061.130356,3846120542.6572967,2094932,32283.65,-248.86885128352264,33795.012,33806.4505
1624492800000,2021-06-24,BTCUSDT,33675.07,35298.0,32286.57,34663.09,86625.80426,2925373222.105977,1531230,31584.45,482.93032259508385,33545.284,33898.604
1624406400000,2021-06-23,BTCUSDT,32509.56,34881.0,31683.0,33678.07,126966.100563,4282250433.919445,2026228,34663.09,-4153.9744634609615,33381.92,33946.019
1624320000000,2021-06-22,BTCUSDT,31614.12,33298.78,28805.0,32509.56,204208.179762,6406159197.076789,3113977,33678.07,-426.0574702563649,32943.764,33917.165499999996
1624233600000,2021-06-21,BTCUSDT,35600.17,35750.0,31251.23,31608.93,168778.873159,5545926077.788067,2688993,32509.56,-350.15687989198574,32808.82,33784.6625
1624147200000,2021-06-20,BTCUSDT,35483.72,36137.72,33336.0,35600.16,89878.17085,3124634336.840761,1691871,31608.93,3086.9950581858507,33611.962,33889.527
1624060800000,2021-06-19,BTCUSDT,35820.48,36457.0,34803.52,35483.72,68712.449461,2453817534.777169,1212278,35600.16,1188.6175867614315,33776.088,33972.9225
1623974400000,2021-06-18,BTCUSDT,38092.97,38202.84,35129.29,35819.84,95228.042935,3507868126.3062024,1809253,35483.72,492.7226317937935,34204.441999999995,34120.129
1623888000000,2021-06-17,BTCUSDT,38349.0,39559.88,37365.0,38092.97,79541.307119,3065622530.039886,1620210,35819.84,267.8914538781417,35321.123999999996,34331.6715
1623801600000,2021-06-16,BTCUSDT,40143.8,40527.14,38116.01,38349.01,87771.976937,3450556041.6005836,2134897,38092.97,333.1509287199492,36669.14,34538.121499999994
1623715200000,2021-06-15,BTCUSDT,40516.28,41330.0,39506.4,40144.04,80679.622838,3247746713.62741,1931890,38349.01,282.01242347559617,37577.916000000005,34860.8165
1623628800000,2021-06-14,BTCUSDT,39020.56,41064.05,38730.0,40516.29,108522.391949,4320307646.765389,2185089,40144.04,204.40246454312935,38584.43,35122.3055
1623542400000,2021-06-13,BTCUSDT,35546.12,39380.0,34757.0,39020.57,86921.025555,3208991521.63768,1894103,40516.29,280.134159523914,39224.576,35339.8775
1623456000000,2021-06-12,BTCUSDT,37331.98,37463.63,34600.36,35546.11,87717.54999,3132387326.5375137,1719650,39020.57,370.9605635011618,38715.204000000005,35427.8555
1623369600000,2021-06-11,BTCUSDT,36677.83,37680.4,35936.77,37331.98,78466.0053,2903043643.3100724,1727645,35546.11,241.6396260654576,38511.797999999995,35619.22
1623283200000,2021-06-10,BTCUSDT,37388.05,38491.0,35782.0,36675.72,109527.284943,4062957162.3643,2231430,37331.98,537.0917655008611,37818.134000000005,35700.75600000001
1623196800000,2021-06-09,BTCUSDT,33380.8,37534.79,32396.82,37388.05,136607.597517,4794741674.438823,2601479,36675.72,310.5677119553204,37192.486000000004,35774.572
1623110400000,2021-06-08,BTCUSDT,33556.96,34068.01,31000.0,33380.81,123251.189037,4030784324.609684,2074885,37388.05,1322.4677187948394,36064.534,35718.868
1623024000000,2021-06-07,BTCUSDT,35796.31,36900.0,33300.0,33552.79,77574.952573,2755673601.7139134,1532260,33380.81,601.5855051289708,35665.869999999995,35661.4905
1622937600000,2021-06-06,BTCUSDT,35516.07,36480.0,35222.0,35796.31,47650.206637,1711857075.0471697,993430,33552.79,5070.746877389931,35358.736,35837.1235
1622851200000,2021-06-05,BTCUSDT,36829.15,37925.0,34800.0,35513.2,70459.62149,2560547116.8364058,1463754,35796.31,33739.04341927306,35126.232,36033.561
1622764800000,2021-06-04,BTCUSDT,39246.78,39289.07,35555.15,36829.0,91317.799245,3379399754.9305224,1926311,35513.2,1082.6776725197171,35014.422,36141.8565
1622678400000,2021-06-03,BTCUSDT,37568.68,39476.0,37170.0,39246.79,75889.106011,2930945325.709207,1949658,36829.0,959.4746147579368,36187.618,36420.292499999996
1622592000000,2021-06-02,BTCUSDT,36694.85,38225.0,35920.0,37568.68,67587.372495,2523462575.688438,1530915,39246.79,-1385.896992298129,36990.795999999995,36673.2485
1622505600000,2021-06-01,BTCUSDT,37253.82,37894.81,35666.0,36693.09,81234.66377,2973928300.375587,1760417,37568.68,-261.363972239528,37170.151999999995,36927.4565
1622419200000,2021-05-31,BTCUSDT,35641.26,37499.0,34153.84,37253.81,94160.735289,3406047734.831128,1896359,36693.09,-282.23958461048045,37518.274,37010.138999999996
1622332800000,2021-05-30,BTCUSDT,34605.15,36488.0,33379.0,35641.27,73535.386967,2601994948.148242,1559892,37253.81,-272.48276270233487,37280.727999999996,37018.0165
1622246400000,2021-05-29,BTCUSDT,35661.79,37338.58,33632.76,34605.15,112663.092689,3949843335.322595,2169643,35641.27,-978.5761350110564,36352.4,36957.282
1622160000000,2021-05-28,BTCUSDT,38529.99,38877.83,34684.0,35663.49,135377.62972,4926260941.933613,2659178,34605.15,-508.2727496119229,35971.362,36835.808000000005
1622073600000,2021-05-27,BTCUSDT,39241.92,40411.14,37134.27,38529.98,86547.158794,3361413526.0535436,2102182,35663.49,611.9406124275993,36338.740000000005,36844.8565
1621987200000,2021-05-26,BTCUSDT,38324.72,40841.0,37800.44,39241.91,104780.773396,4113717505.2635546,2432319,38529.98,612.0510718177213,36736.36,36799.75
1621900800000,2021-05-25,BTCUSDT,38810.99,39791.77,36419.62,38324.72,111996.228404,4253519579.378729,2508310,39241.91,229.50599828880377,37273.05,36690.1715
1621814400000,2021-05-24,BTCUSDT,34681.44,39920.0,34031.0,38796.29,161630.893971,5996773032.151344,3510578,38324.72,222.10660818155816,38111.278,36678.957500000004
1621728000000,2021-05-23,BTCUSDT,37458.51,38270.64,31111.01,34655.25,217136.046593,7431242463.203841,4082004,38796.29,-824.0267821148786,37909.63,36634.4145
1621641600000,2021-05-22,BTCUSDT,37263.35,38829.0,35200.62,37449.73,126542.243689,4730567647.6744,2716691,34655.25,629.8441025958788,37693.58,36640.302
1621555200000,2021-05-21,BTCUSDT,40525.39,42200.0,33488.0,37252.01,202100.888258,7713346610.274127,3993336,37449.73,2572.355263468938,37295.6,36669.1165
1621468800000,2021-05-20,BTCUSDT,36671.23,42451.67,34850.0,40526.64,203017.596923,8019897067.17622,4269898,37252.01,917.1512286596092,37735.984000000004,36826.046
1621382400000,2021-05-19,BTCUSDT,42849.78,43584.9,30000.0,36690.09,354347.243161,13477694934.871796,6331062,40526.64,-1336.022490581494,37314.744,36991.509999999995
1621296000000,2021-05-18,BTCUSDT,43538.02,45799.29,42250.02,42849.78,116979.860784,5146670282.547901,2561165,36690.09,290.7057201190899,38953.65,37456.359500000006
1621209600000,2021-05-17,BTCUSDT,46426.83,46686.0,42001.0,43538.04,166657.172736,7346755531.933857,3216821,42849.78,286.8353004266234,40171.312,37843.445999999996
1621123200000,2021-05-16,BTCUSDT,46762.99,49795.89,43825.39,46431.5,114269.812775,5367497608.115901,2661295,43538.04,193.86843468582225,42007.21,38389.361
1621036800000,2021-05-15,BTCUSDT,49844.16,50700.0,46555.0,46762.99,89437.449359,4350775846.517358,2286791,46431.5,174.78713324077313,43254.479999999996,38886.06050000001
1620950400000,2021-05-14,BTCUSDT,49671.92,51483.0,48799.75,49841.45,80082.204306,4015904915.407911,2095860,46762.99,164.13122903436044,45884.752,39415.7935
1620864000000,2021-05-13,BTCUSDT,49537.15,51367.19,46000.0,49670.97,147332.002121,7303694688.601401,3570506,49841.45,183.14323951462129,47248.990000000005,40020.907999999996
1620777600000,2021-05-12,BTCUSDT,56670.02,58000.01,48600.0,49631.32,99842.789836,5476115093.110468,2676826,49670.97,189.5395407438922,48467.64599999999,40667.8195
1620691200000,2021-05-11,BTCUSDT,55816.14,56862.43,54370.0,56670.02,64329.54055,3583030654.7630196,1911480,49631.32,145.70892817233846,50515.35,41638.63
1620604800000,2021-05-10,BTCUSDT,58240.83,59500.0,53400.0,55816.14,89586.34925,5131782639.966137,2575419,56670.02,154.28555480806236,52325.979999999996,42647.3735
1620518400000,2021-05-09,BTCUSDT,58866.53,59300.0,56235.66,58240.84,69806.11991,4043552701.506599,2170139,55816.14,121.61607998782308,54005.85799999999,43829.158
1620432000000,2021-05-08,BTCUSDT,57315.49,59500.0,56900.0,58862.05,69709.906028,4079553831.988064,2311378,58240.84,123.81003086073812,55844.074,44989.085999999996
1620345600000,2021-05-07,BTCUSDT,56393.68,58650.0,55241.63,57314.75,74542.747829,4239374487.474772,2361692,58862.05,132.1384815832733,57380.759999999995,45928.3245
1620259200000,2021-05-06,BTCUSDT,57436.11,58360.0,55200.0,56393.68,70181.671908,3992289527.7370977,2459881,57314.75,146.44174338755056,57325.49199999999,46785.913
1620172800000,2021-05-05,BTCUSDT,53205.05,58069.82,52900.0,57436.11,77263.923439,4327994296.151437,2378119,56393.68,117.0267839325326,57649.486,47741.4825
1620086400000,2021-05-04,BTCUSDT,57169.39,57200.0,53046.69,53200.01,85324.625903,4705402064.300976,2492629,57436.11,175.05610986422516,56641.32000000001,48461.6685
1620000000000,2021-05-03,BTCUSDT,56578.21,58981.44,56435.0,57169.39,57649.931286,3337604542.6273804,2102128,53200.01,156.9898065855546,56302.788,49587.3755
1619913600000,2021-05-02,BTCUSDT,57797.35,57911.02,56035.25,56578.21,36812.878863,2089763230.439627,1371638,57169.39,182.38788730534327,56155.48,50543.7995
1619827200000,2021-05-01,BTCUSDT,57697.25,58458.07,56956.14,57800.37,42600.351836,2460342954.842521,1743013,56578.21,175.73953238902703,56436.81800000001,51571.2175
1619740800000,2021-04-30,BTCUSDT,53555.0,57963.0,53013.01,57694.27,68578.910045,3808187372.73938,2267648,57800.37,207.8053489065075,56488.45,52429.599
1619654400000,2021-04-29,BTCUSDT,54846.23,55195.84,52330.94,53555.0,52486.019455,2823220335.476041,1763676,57694.27,420.14557045130965,56559.448,53272.84449999999
1619568000000,2021-04-28,BTCUSDT,55011.97,56428.0,53813.16,54846.22,55130.459015,3020242787.5066776,1830042,53555.0,337.68241001744997,56094.814,53872.66650000001
1619481600000,2021-04-27,BTCUSDT,54001.38,55460.0,53222.0,55011.97,54064.034675,2949719328.3669896,1568666,54846.22,-647.5588794065333,55781.566000000006,54446.363
1619395200000,2021-04-26,BTCUSDT,49066.76,54356.62,48753.44,54001.39,86310.802124,4555688503.3973875,2174544,55011.97,-591.6434770629568,55021.77,54824.8575
1619308800000,2021-04-25,BTCUSDT,50047.84,50567.91,46930.0,49066.77,58255.645004,2867858315.18732,1475479,54001.39,-90.60482424921555,53296.27,54940.0465
1619222400000,2021-04-24,BTCUSDT,51110.56,51166.22,48657.14,50047.84,55361.512573,2762081002.878663,1164985,49066.77,-98.38669602834509,52594.838,54950.366
1619136000000,2021-04-23,BTCUSDT,51690.95,52131.85,47500.0,51125.14,132230.780719,6571097317.467918,2888237,50047.84,-157.51089325498702,51850.622,55023.0745
1619049600000,2021-04-22,BTCUSDT,53787.62,55521.48,50500.0,51690.96,104656.631337,5594983857.318092,2744621,51125.14,-219.34391160860105,51186.42,55126.05649999999
1618963200000,2021-04-21,BTCUSDT,56425.0,56757.91,53536.02,53787.63,66984.756909,3704549578.697303,2134946,51690.96,-311.6193592948295,51143.668,54981.937
1618876800000,2021-04-20,BTCUSDT,55633.14,57076.24,53329.96,56425.0,72744.482151,4037701391.6195264,2148820,53787.63,434.3188661050117,52615.314,55012.380000000005
1618790400000,2021-04-19,BTCUSDT,56150.01,57526.81,54221.58,55633.14,78229.042267,4398619580.647143,2390527,56425.0,-653.3676159479252,53732.373999999996,54881.994999999995
1618704000000,2021-04-18,BTCUSDT,60006.67,60499.0,50931.3,56150.01,124882.131824,6949379727.429153,3444089,55633.14,-2464.789817842152,54737.348,54746.393000000004
1618617600000,2021-04-17,BTCUSDT,61334.81,62506.05,59580.91,60006.66,58912.256128,3605701810.675047,2268816,56150.01,597.7781705940745,56400.488,54880.9885
1618531200000,2021-04-16,BTCUSDT,63158.74,63520.61,60000.0,61334.8,91764.139884,5647292669.615493,2639940,60006.66,398.7567744257012,57909.922,55128.044499999996
1618444800000,2021-04-15,BTCUSDT,62959.53,63800.0,62020.0,63159.98,51649.70034,3248931738.293182,1938028,61334.8,170.14132252227495,59256.918000000005,55414.238
1618358400000,2021-04-14,BTCUSDT,63575.01,64854.0,61301.0,62959.53,82616.343993,5239081228.156977,2645625,63159.98,185.507764401952,60722.19600000001,55902.214
1618272000000,2021-04-13,BTCUSDT,59860.01,63777.77,59805.15,63575.0,82848.688746,5154877375.389618,2703735,62959.53,181.01699982366068,62207.194,56222.49450000001
1618185600000,2021-04-12,BTCUSDT,59998.8,61300.0,59350.59,59860.0,56375.037117,3393042867.871467,1806298,63575.0,264.5770925185326,62177.862,56386.58400000001
1618099200000,2021-04-11,BTCUSDT,59769.13,60699.0,59232.52,60002.43,41156.715391,2462032926.617981,1746102,59860.0,143.04550434084456,61911.388,56496.687
1618012800000,2021-04-10,BTCUSDT,58142.55,61500.0,57900.01,59769.13,69906.424117,4197138552.4690337,2470398,60002.43,150.82257601614606,61233.21800000001,56600.43000000001
1617926400000,2021-04-09,BTCUSDT,58077.52,58894.9,57654.0,58142.54,40831.884911,2378340697.289584,1615962,59769.13,193.5845184826289,60269.81999999999,56829.80699999999
1617840000000,2021-04-08,BTCUSDT,55953.44,58153.31,55700.0,58077.52,44283.147019,2531779682.552427,1661080,58142.54,203.84651518188213,59170.324,56991.371999999996
1617753600000,2021-04-07,BTCUSDT,57990.03,58655.0,55473.0,55953.45,71228.405659,4053294016.484514,2206433,58077.52,504.2944473686643,58389.014,57038.445999999996
1617667200000,2021-04-06,BTCUSDT,59129.99,59495.24,57413.02,57991.15,54201.000727,3166911557.1481576,1960513,55953.45,659.0965105513521,57986.75800000001,57237.933999999994
1617580800000,2021-04-05,BTCUSDT,58202.01,59272.0,56777.77,59129.99,54258.01579,3155214764.164485,2035877,57991.15,327.76012697141744,57858.93000000001,57741.094999999994
1617494400000,2021-04-04,BTCUSDT,57051.95,58492.85,56388.0,58202.01,41314.081973,2380139010.730232,1499113,59129.99,533.3533138401559,57870.824,58148.8035
1617408000000,2021-04-03,BTCUSDT,58950.01,59791.72,56880.0,57051.94,47409.852113,2783151686.164537,1606805,58202.01,-239.87924405696648,57665.708000000006,58445.14349999999
1617321600000,2021-04-02,BTCUSDT,58720.45,60200.0,58428.57,58950.01,47382.418781,2811159761.2684674,1666356,57051.94,-321.10542228036826,58265.02,58808.096
1617235200000,2021-04-01,BTCUSDT,58739.46,59490.0,57935.45,58720.44,47415.61722,2789238879.943373,1594431,58950.01,-131.37644891137373,58410.878000000004,59054.7365
1617148800000,2021-03-31,BTCUSDT,58746.57,59800.0,56769.0,58740.55,60975.542666,3575976083.804576,1928224,58720.44,-138.7212074956508,58332.990000000005,59170.514
1617062400000,2021-03-30,BTCUSDT,57635.46,59368.0,57071.35,58746.57,55122.443122,3221944107.4550304,1612744,58740.55,-108.58954152799149,58441.902,59326.1855
1616976000000,2021-03-29,BTCUSDT,55777.65,58405.82,54800.01,57635.47,67857.937398,3877131109.734646,1983437,58746.57,-235.69787775395264,58558.60800000001,59400.45849999999
1616889600000,2021-03-28,BTCUSDT,55817.14,56559.75,54691.84,55777.63,39050.387511,2178777329.4452167,1551283,57635.47,-120.73328914978214,57924.132,59189.007
1616803200000,2021-03-27,BTCUSDT,55025.59,56700.36,53950.0,55817.14,50105.475055,2767070175.861931,1528776,55777.63,-130.06738377374438,57343.471999999994,58913.123999999996
1616716800000,2021-03-26,BTCUSDT,51293.78,55073.46,51214.6,55025.59,63813.774692,3397036140.751637,1773150,55817.14,-164.91281541250237,56600.48,58506.404500000004
1616630400000,2021-03-25,BTCUSDT,52303.66,53287.0,50427.56,51293.78,87400.534538,4536327184.957861,2099425,55025.59,-75.77309861521817,55109.922,57923.11699999999
1616544000000,2021-03-24,BTCUSDT,54342.8,57200.0,51700.0,52303.65,83537.465021,4583159614.046461,2401988,51293.78,-168.50567154364643,54043.558,57359.5495
1616457600000,2021-03-23,BTCUSDT,54083.25,55830.9,53000.0,54340.89,59789.365427,3264650774.817461,1740349,52303.65,-168.4718348829944,53756.21,57083.594
1616371200000,2021-03-22,BTCUSDT,57351.56,58430.73,53650.0,54083.25,62581.626169,3527479514.3256526,1927345,54340.89,-99.28825340715,53409.43200000001,56787.634999999995
1616284800000,2021-03-21,BTCUSDT,58100.02,58589.1,55450.11,57351.56,48564.470274,2774223129.62381,1773546,54083.25,-973.4999118113892,53874.626000000004,56666.756499999996
1616198400000,2021-03-20,BTCUSDT,58030.01,59880.0,57820.17,58102.28,44476.941776,2616535093.051585,1724131,57351.56,859.7073328636468,55236.326,56664.743500000004
1616112000000,2021-03-19,BTCUSDT,57641.0,59468.0,56270.74,58030.01,52392.652961,3052711147.9349246,1885830,58102.28,-775.1934782608691,56381.598,56662.368
1616025600000,2021-03-18,BTCUSDT,58912.97,60129.97,57023.0,57648.16,66580.406675,3900885761.2128057,2040947,58030.01,-665.1042638116915,57043.052,56747.103500000005
1615939200000,2021-03-17,BTCUSDT,56900.74,58974.73,54123.69,58912.97,70421.620841,3960992972.154291,2204296,57648.16,4858.183505393855,58008.996,56793.1945
1615852800000,2021-03-16,BTCUSDT,55605.2,56938.29,53271.34,56900.75,77986.694355,4304259207.645101,2241208,58912.97,-453.4819213141044,57918.833999999995,56681.7325
1615766400000,2021-03-15,BTCUSDT,58976.08,60633.43,54600.0,55605.2,102771.427298,5874241052.093372,2683815,56900.75,-412.2830953518492,57419.418000000005,56551.89200000001
1615680000000,2021-03-14,BTCUSDT,61188.38,61724.79,58966.78,58968.31,52601.05275,3176397573.8846426,1829769,55605.2,367.7451201624731,57607.078,56647.7105
1615593600000,2021-03-13,BTCUSDT,57221.72,61844.0,56078.23,61188.39,83245.091346,4933383453.245977,2559002,58968.31,259.0484524086572,58315.123999999996,56759.6295
1615507200000,2021-03-12,BTCUSDT,57773.15,58081.51,54962.84,57221.72,73405.406047,4162054726.378839,2489931,61188.39,633.5754258627668,57976.873999999996,56684.69350000001
1615420800000,2021-03-11,BTCUSDT,55851.59,58150.0,54272.82,57773.16,81914.812859,4612366201.00222,2509970,57221.72,223.25562013649443,58151.35599999999,56636.324
1615334400000,2021-03-10,BTCUSDT,54874.67,57387.69,53005.0,55851.59,84749.238943,4700197563.359213,2647284,57773.16,379.2541587512758,58200.634,56491.575
1615248000000,2021-03-09,BTCUSDT,52375.18,54895.0,51789.41,54884.5,71656.737076,3861450964.654904,2194398,55851.59,2100.4893213884907,57383.871999999996,56354.0265
1615161600000,2021-03-08,BTCUSDT,50959.11,52402.78,49274.67,52375.17,66987.359664,3400847931.036074,1999401,54884.5,-668.4973771720288,55621.228,56183.9035
1615075200000,2021-03-07,BTCUSDT,48882.2,51450.03,48882.2,50971.75,55235.028032,2778875909.4491262,1758101,52375.17,-127.7492589904716,54371.234,55941.634
1614988800000,2021-03-06,BTCUSDT,48746.81,49200.0,47070.0,48882.2,44399.234242,2143910705.2915032,1476474,50971.75,-80.25353359189944,52593.041999999994,55634.46449999999
1614902400000,2021-03-05,BTCUSDT,48374.09,49448.93,46300.0,48751.71,78192.496372,3727133104.837311,2054216,48882.2,-79.74995419419508,51173.066,55507.36100000001
1614816000000,2021-03-04,BTCUSDT,50349.37,51773.88,47500.0,48374.09,82649.716829,4079837240.8567615,2291936,48751.71,-79.78632897961734,49870.984,55310.882999999994
1614729600000,2021-03-03,BTCUSDT,48436.61,52640.0,48100.71,50349.37,81035.913705,4109521257.5407,2242131,48374.09,-94.70211126161912,49465.824,55111.30700000001
1614643200000,2021-03-02,BTCUSDT,49595.76,50200.0,47047.6,48440.65,64221.06214,3120472069.909453,1855583,50349.37,-95.86068722591948,48959.60400000001,54829.177
1614556800000,2021-03-01,BTCUSDT,45134.11,49790.0,44950.53,49587.03,85086.111648,4057515794.865728,2147223,48440.65,-153.8057249961369,49100.56999999999,54440.9505
1614470400000,2021-02-28,BTCUSDT,46103.67,46638.46,43000.0,45135.66,83055.369042,3708359965.45458,1838345,49587.03,-42.603405710402654,48377.36,53792.61949999999
1614384000000,2021-02-27,BTCUSDT,46276.88,48394.0,45000.0,46106.43,66060.834292,3105897438.550972,1757720,45135.66,-30.79089189999181,47923.828,53196.440500000004
1614297600000,2021-02-26,BTCUSDT,47073.73,48424.11,44106.78,46276.87,109423.200663,5086374532.734615,2371766,46106.43,-43.98698931460919,47109.328,52627.876000000004
1614211200000,2021-02-25,BTCUSDT,49676.21,52041.73,46674.34,47073.73,83310.673121,4152188728.1416154,2305679,46276.87,-47.289715433439,46835.944,52035.914
1614124800000,2021-02-24,BTCUSDT,48891.0,51374.99,46988.69,49676.2,91881.209252,4574033001.379536,2194532,47073.73,-124.07637412373953,46853.778,51674.686499999996
1614038400000,2021-02-23,BTCUSDT,54087.67,54183.59,44892.56,48891.0,169375.025051,8215839131.243385,3825196,49676.2,-127.84182864770167,47604.846,51338.976500000004
1613952000000,2021-02-22,BTCUSDT,57412.35,57508.47,47622.0,54087.67,134019.434944,7213386720.436797,3313083,48891.0,750.8829197080286,49201.094,51094.9445
1613865600000,2021-02-21,BTCUSDT,55841.19,58352.8,55477.59,57408.57,58166.708511,3317998263.3478885,1950533,54087.67,251.36278472910536,51427.433999999994,50905.9535
1613779200000,2021-02-20,BTCUSDT,55906.0,57700.46,53863.93,55841.19,80948.205314,4551890859.8512745,2642846,57408.57,232.5016992408379,53180.926,50836.926999999996
1613692800000,2021-02-19,BTCUSDT,51552.61,56368.0,50710.2,55906.0,79659.77802,4251167827.6842465,2339215,55841.19,227.060686664924,54426.886,50743.569
1613606400000,2021-02-18,BTCUSDT,52117.67,52530.0,50901.9,51552.6,60758.046954,3149973077.4874654,1891592,55906.0,511.0753151633938,54959.206000000006,50528.6195
1613520000000,2021-02-17,BTCUSDT,49133.45,52618.74,48947.0,52119.71,85743.637818,4365831514.815297,2514374,51552.6,838.054272060735,54565.614,50390.38
1613433600000,2021-02-16,BTCUSDT,47911.1,50689.18,47003.62,49133.45,88813.266298,4349983777.692368,2199849,52119.71,2141.5141454965424,52910.58999999999,50228.294
1613347200000,2021-02-15,BTCUSDT,48580.47,49010.92,45570.79,47911.1,79398.156784,3782219060.664722,2313155,49133.45,-816.86168276718,51324.572,50075.2615
1613260800000,2021-02-14,BTCUSDT,47156.78,49707.43,47014.17,48577.79,73735.475533,3584808348.834733,2090070,47911.1,417.0882563993806,49858.92999999999,50060.041
1613174400000,2021-02-13,BTCUSDT,47298.15,48150.0,46202.53,47153.69,63768.097399,3007710147.41816,2058823,48577.79,1278.1878425605842,48979.148,49980.14
1613088000000,2021-02-12,BTCUSDT,47968.66,48985.8,46125.0,47287.6,85870.035697,4080571908.9676614,2418841,47153.69,1320.7701364360448,48012.725999999995,49925.815500000004
1613001600000,2021-02-11,BTCUSDT,44807.58,48678.9,43994.02,47969.51,89561.081454,4185630934.4108953,2570949,47287.6,1477.4241443211529,47779.938,49806.8225
1612915200000,2021-02-10,BTCUSDT,46420.42,47310.0,43727.0,44807.58,97154.1822,4431650130.251104,2891592,47969.51,-218.37810303535724,47159.234,49625.169
1612828800000,2021-02-09,BTCUSDT,46374.86,48142.19,44961.09,46420.42,115499.861712,5386255398.017187,3119034,44807.58,-495.62612827756993,46727.76,49466.8385
1612742400000,2021-02-08,BTCUSDT,38795.69,46794.45,37988.89,46374.87,138597.536914,5881536976.635699,3230961,46420.42,-91.38276631054872,46571.996,49528.799
1612656000000,2021-02-07,BTCUSDT,39181.01,39700.0,37351.0,38795.69,84363.679763,3256521384.2406106,1976357,46374.87,-20.02521909559401,44873.614,49163.262
1612569600000,2021-02-06,BTCUSDT,38289.32,40955.51,38215.94,39186.94,98757.311183,3922095148.92815,2291646,38795.69,-24.729543509914865,43117.1,48808.7655
1612483200000,2021-02-05,BTCUSDT,36936.65,38310.12,36570.0,38290.24,66681.334275,2509278291.7515864,1853253,39186.94,-23.011837127662957,41813.632,48369.591
1612396800000,2021-02-04,BTCUSDT,37620.26,38708.27,36161.95,36936.66,92080.735898,3452669022.153292,2211866,38290.24,-27.734856601764932,39916.880000000005,47732.614
1612310400000,2021-02-03,BTCUSDT,35472.71,37662.63,35362.38,37618.87,80784.333663,2951232788.1843047,1881740,36936.66,-28.74874834837152,38165.68000000001,47169.0075
1612224000000,2021-02-02,BTCUSDT,33517.09,35984.33,33418.0,35466.24,78056.65988,2716321896.3176084,1789672,37618.87,-30.50227515345119,37499.79,46237.936
1612137600000,2021-02-01,BTCUSDT,33092.97,34717.27,32296.16,33526.37,82718.276882,2791776658.0056057,1810492,35466.24,-28.98080116901741,36367.676,45043.826
1612051200000,2021-01-31,BTCUSDT,34262.89,34342.69,32171.67,33092.98,68742.280384,2289641045.7580123,1707064,33526.37,-22.61648673764803,35328.224,43906.4155
1611964800000,2021-01-30,BTCUSDT,34246.28,34933.0,32825.0,34262.88,84889.68134,2884500062.938079,2201040,33092.98,-36.24302894852991,34793.46800000001,42824.2595
1611878400000,2021-01-29,BTCUSDT,33368.18,38531.9,31915.4,34252.2,231827.005626,8195593336.228466,4403349,34262.88,-34.813737975052504,34120.134,41959.239499999996
1611792000000,2021-01-28,BTCUSDT,30362.19,33783.98,29842.1,33364.86,92621.145617,2953553214.065682,2060660,34252.2,-26.40391929967504,33699.858,41021.496999999996
1611705600000,2021-01-27,BTCUSDT,32464.01,32557.29,29241.72,30366.15,95911.961711,2958081421.641559,2065953,33364.86,-26.702341804101053,33067.814,40083.132
1611619200000,2021-01-26,BTCUSDT,32254.19,32921.88,30837.37,32467.77,84972.20691,2708545364.494641,2010392,30366.15,-31.14089438207074,32942.772,39310.965500000006
1611532800000,2021-01-25,BTCUSDT,32259.45,34875.0,31910.0,32254.2,88499.226921,2958759288.5635686,2106548,32467.77,-30.770352964837997,32541.036,38494.786
1611446400000,2021-01-24,BTCUSDT,32078.0,33071.0,30900.0,32259.9,57978.037966,1864609665.3657017,1528287,32254.2,-66.5670102619575,32142.576,37750.0965
1611360000000,2021-01-23,BTCUSDT,32950.0,33456.0,31390.16,32078.0,64595.287675,2089098295.758437,1700056,32259.9,-55.6964892093616,31885.203999999998,36989.6165
1611273600000,2021-01-22,BTCUSDT,30851.99,33826.53,28850.0,32945.17,142971.684049,4483295872.022273,2707810,32078.0,-90.30003348880356,32401.008,36238.3995
1611187200000,2021-01-21,BTCUSDT,35468.23,35600.0,30071.0,30850.13,131803.182926,4281220573.9354296,2820752,32945.17,-79.29969950037196,32077.48,35540.527
1611100800000,2021-01-20,BTCUSDT,35901.94,36415.31,33400.0,35468.23,89368.422918,3126721093.520776,2234539,30850.13,-407.4363910277866,32720.286,34992.917499999996
1611014400000,2021-01-19,BTCUSDT,36622.46,37850.0,35844.06,35891.49,79611.307769,2935348499.344214,1939371,35468.23,2160.0823045267452,33446.60400000001,34468.7485
1610928000000,2021-01-18,BTCUSDT,35824.99,37469.83,34800.0,36631.27,70698.11875,2554843260.524399,1707766,35891.49,319.67309736223405,34357.258,34360.527500000004
1610841600000,2021-01-17,BTCUSDT,35994.98,36852.5,33850.0,35828.61,80157.727384,2843103040.240664,1860642,36631.27,362.82428544795874,34933.945999999996,34192.611
1610755200000,2021-01-16,BTCUSDT,36737.43,37950.0,35357.8,35994.98,86348.431508,3178840336.1492844,2066363,35828.61,515.0972807574599,35962.916,34077.848
1610668800000,2021-01-15,BTCUSDT,39145.21,39747.76,34408.0,36742.22,118300.920916,4371588898.681637,2560801,35994.98,388.31977253194657,36217.71399999999,34068.126000000004
1610582400000,2021-01-14,BTCUSDT,37371.38,40100.0,36701.23,39144.5,102950.389421,3974826638.1450887,2297466,36742.22,208.86283574755512,36868.316,34144.4075
1610496000000,2021-01-13,BTCUSDT,34049.15,37850.0,32380.0,37371.38,124477.914938,4322876606.419625,2514289,39144.5,172.32153690885238,37016.338,34239.6645
1610409600000,2021-01-12,BTCUSDT,35410.37,36628.0,32531.0,34051.24,133948.151996,4651302423.484116,2674145,37371.38,629.6235482832012,36660.864,34265.908
1610323200000,2021-01-11,BTCUSDT,38150.02,38264.74,30420.0,35404.47,249131.539943,8426879770.740009,4431451,34051.24,359.43363584708607,36542.762,34381.4825
1610236800000,2021-01-10,BTCUSDT,40088.22,41350.0,35111.11,38150.02,118209.544503,4604034729.507071,2628050,35404.47,238.75540736012175,36824.322,34575.8395
1610150400000,2021-01-09,BTCUSDT,40586.96,41380.0,38720.0,40088.22,75785.979675,3054779029.1617765,1998156,38150.02,199.75955716572076,37013.066000000006,34867.6405
1610064000000,2021-01-08,BTCUSDT,39432.48,41950.0,36500.0,40582.81,139789.957499,5568443208.731365,2925632,40088.22,204.62603631488255,37655.352,35228.538
1609977600000,2021-01-07,BTCUSDT,36769.36,40365.0,36300.0,39432.28,132825.700437,5062569943.383372,2814686,40582.81,182.10588255856635,38731.56,35681.8445
1609891200000,2021-01-06,BTCUSDT,33949.53,36939.21,33288.0,36769.36,127139.20131,4431954248.519615,2591783,39432.28,846.2259728082527,39004.538,35896.924
1609804800000,2021-01-05,BTCUSDT,31989.75,34360.0,29900.0,33949.53,116049.997038,3743617144.6469154,2526851,36769.36,-545.1832169560648,38164.439999999995,35981.690500000004
1609718400000,2021-01-04,BTCUSDT,33000.05,33600.0,28130.0,31988.71,140899.88569,4429010349.695345,2642408,33949.53,-212.11271367521385,36544.53799999999,35968.131
1609632000000,2021-01-03,BTCUSDT,32176.45,34778.11,31962.99,33000.05,120957.56675,4057598425.492016,2369698,31988.71,-383.89852080210466,35027.986000000004,36014.2335
1609545600000,2021-01-02,BTCUSDT,29331.7,33300.0,28946.53,32178.33,129993.873362,4073842163.67154,2245922,33000.05,-280.15222773898563,33577.196,35975.8915
1609459200000,2021-01-01,BTCUSDT,28923.63,29600.0,28624.57,29331.69,54182.925011,1582526989.1618726,1314910,32178.33,-134.20349151815054,32089.662,35899.9695
1609372800000,2020-12-31,BTCUSDT,28875.55,29300.0,27850.0,28923.63,75508.505152,2173600125.4200735,1552793,29331.69,-73.79909929389578,31084.482,35572.7395
1609286400000,2020-12-30,BTCUSDT,27385.0,28996.0,27320.0,28875.54,95356.057826,2683953237.460271,1916095,28923.63,-88.78356937042136,30461.848000000005,35221.941999999995
1609200000000,2020-12-29,BTCUSDT,27079.42,27410.0,25880.0,27385.0,69411.592606,1851617219.7682345,1605166,28875.54,-113.15089165706615,29338.838,34759.6285
1609113600000,2020-12-28,BTCUSDT,26281.54,27500.0,26101.0,27079.41,79721.742496,2151806808.5743523,1508204,27385.0,-74.3499746548373,28319.054000000004,34322.1685
1609027200000,2020-12-27,BTCUSDT,26493.4,28422.0,25700.0,26281.66,148455.586214,4028928683.882025,2438493,27079.41,-29.019426441395495,27709.048,33836.5025
1608940800000,2020-12-26,BTCUSDT,24712.47,26867.03,24500.0,26493.39,97806.513386,2496533065.175581,1735574,26281.66,-12.634655968482136,27223.0,33324.061
1608854400000,2020-12-25,BTCUSDT,23728.99,24789.86,23433.6,24712.47,79519.943569,1919766316.667737,1504426,26493.39,-7.706640185402477,26390.386,32602.459499999997
1608768000000,2020-12-24,BTCUSDT,23232.39,23794.43,22703.42,23729.2,69013.834252,1602394244.0767715,1421257,24712.47,-7.788726797545479,25659.226,31920.3505
1608681600000,2020-12-23,BTCUSDT,23810.79,24100.0,22600.0,23232.76,119047.259733,2797688007.071879,2194611,23729.2,-9.035282124019346,24889.896,31379.426499999994
1608595200000,2020-12-22,BTCUSDT,22719.88,23837.1,22353.4,23810.79,87033.12616,2010758620.2435267,1496277,23232.76,-17.764534843580236,24395.722,30799.7425
1608508800000,2020-12-21,BTCUSDT,23455.54,24102.77,21815.0,22719.71,88030.297243,2035446293.9289708,1593949,23810.79,-19.43143812709036,23640.985999999997,30028.226999999995
1608422400000,2020-12-20,BTCUSDT,23821.6,24295.0,23060.0,23455.52,76690.145685,1810862074.730308,1743225,22719.71,-15.983710041248784,23389.595999999998,29196.591999999997
1608336000000,2020-12-19,BTCUSDT,23107.39,24171.47,22750.0,23821.61,86045.064677,2018969878.8868675,1678611,23455.52,-22.63639322605046,23408.078,28358.532
1608249600000,2020-12-18,BTCUSDT,22797.15,23285.18,22350.0,23107.39,79646.134315,1820875361.294598,1613775,23821.61,-30.391529971241795,23383.004,27542.2875
1608163200000,2020-12-17,BTCUSDT,21335.52,23800.0,21230.0,22797.16,184882.476748,4196645567.4258766,2795084,23107.39,-30.8768344576894,23180.278,26843.6775
1608076800000,2020-12-16,BTCUSDT,19426.43,21560.0,19278.6,21335.52,114306.33557,2325135958.6418405,1659135,22797.16,-25.088262365351852,22903.44,26212.977
1607990400000,2020-12-15,BTCUSDT,19273.69,19570.0,19050.0,19426.43,61834.366011,1196361527.9258018,1046423,21335.52,-23.768842895143266,22097.622,25584.863
1607904000000,2020-12-14,BTCUSDT,19174.99,19349.0,19000.0,19273.14,47257.201294,906101687.739595,842382,19426.43,-24.23257202223344,21187.928,24898.517499999998
1607817600000,2020-12-13,BTCUSDT,18808.69,19411.0,18711.12,19174.99,56560.821744,1083520569.094854,938022,19273.14,-26.618092580632037,20401.448,24248.3505
1607731200000,2020-12-12,BTCUSDT,18036.53,18948.66,18020.7,18808.69,49519.978432,915552835.9061832,891810,19174.99,-21.860710242429818,19603.754,23722.2005
1607644800000,2020-12-11,BTCUSDT,18254.81,18292.73,17572.33,18036.53,72610.724259,1301081647.3079,1117810,18808.69,-25.163946949792887,18943.956,23177.845500000003
1607558400000,2020-12-10,BTCUSDT,18541.29,18557.32,17911.12,18254.63,52890.675094,966149529.000607,891151,18036.53,-34.669937547606594,18709.596,22646.8
1607472000000,2020-12-09,BTCUSDT,18324.11,18639.57,17650.0,18541.28,79585.553801,1450130664.0645845,1302476,18254.63,-46.56696820619515,18563.224,22204.613999999998
1607385600000,2020-12-08,BTCUSDT,19166.9,19294.84,18200.0,18324.11,61626.947614,1160658077.404659,1143181,18541.28,-29.282735643412792,18393.048,21766.849000000002
1607299200000,2020-12-07,BTCUSDT,19358.67,19420.91,18902.88,19166.9,41372.296293,793517668.6839459,840954,18324.11,-68.94373749229496,18464.69,21411.110999999997
1607212800000,2020-12-06,BTCUSDT,19147.66,19420.0,18857.0,19359.4,37043.091861,709558933.5829058,820382,19166.9,-46.535013622647824,18729.264000000003,21054.4115
1607126400000,2020-12-05,BTCUSDT,18650.51,19177.0,18500.0,19147.66,42922.748573,813445434.1308142,932124,19359.4,-32.94943249285939,18907.87,20776.171
1607040000000,2020-12-04,BTCUSDT,19422.34,19527.0,18565.31,18650.52,71283.6682,1358079975.025498,1286657,19147.66,-34.55429483022843,18929.718,20522.237
1606953600000,2020-12-03,BTCUSDT,19204.08,19598.0,18867.2,19421.9,66689.391279,1286548310.8267057,1242229,18650.52,-68.48124292647094,19149.276,20331.694
1606867200000,2020-12-02,BTCUSDT,18764.96,19342.0,18330.0,19204.09,75911.013478,1436895344.8259497,1566635,19421.9,-108.44456538568012,19156.714,20101.359
1606780800000,2020-12-01,BTCUSDT,19695.87,19888.0,18001.12,18764.96,127698.762652,2446070334.8287983,2023802,19204.09,-349.43686032624254,19037.826,19903.6215
1606694400000,2020-11-30,BTCUSDT,18185.0,19863.16,18184.99,19695.87,115463.466888,2205929119.505336,1744149,18764.96,766.9978473257173,19147.468,19715.639000000003
1606608000000,2020-11-29,BTCUSDT,17719.84,18360.05,17517.0,18184.99,55329.016303,996743798.8649216,1141289,19695.87,-327.50808080808076,19054.362,19433.807999999997
1606521600000,2020-11-28,BTCUSDT,17139.53,17880.49,16865.56,17719.85,64910.69997,1128061605.107225,1209385,18184.99,-297.7783696410859,18713.952,19164.431
1606435200000,2020-11-27,BTCUSDT,17149.47,17457.62,16438.08,17139.52,85297.024787,1446670351.435088,1572299,17719.85,-361.45973846445474,18301.038,18881.549
1606348800000,2020-11-26,BTCUSDT,18718.83,18915.03,16188.0,17149.47,181005.246693,3127314143.1045747,2770483,17139.52,-274.5466719750985,17977.940000000002,18672.2465
1606262400000,2020-11-25,BTCUSDT,19160.0,19484.21,18500.27,18719.11,93266.576887,1774870796.288233,1785408,17149.47,2427.694989596779,17782.588,18636.8805
1606176000000,2020-11-24,BTCUSDT,18368.01,19418.97,18018.0,19160.01,113581.509241,2145301450.4579408,2179862,18719.11,569.2152171312373,17977.592,18631.224000000002
1606089600000,2020-11-23,BTCUSDT,18413.88,18766.0,18000.0,18368.0,82961.506093,1529064319.6694436,1629379,19160.01,-490.0838653148064,18107.222,18590.874499999998
1606003200000,2020-11-22,BTCUSDT,18703.8,18750.0,17610.86,18414.43,81645.737778,1497662550.0540428,1528524,18368.0,-398.8708636252997,18362.203999999998,18571.161500000002
1605916800000,2020-11-21,BTCUSDT,18655.66,18965.9,18308.58,18703.8,75577.458394,1413641591.284171,1451352,18414.43,-914.3829135312928,18673.07,18604.525
1605830400000,2020-11-20,BTCUSDT,17802.81,18815.22,17740.04,18655.67,88423.018489,1623135138.5910714,1444692,18703.8,78807.37864080089,18660.381999999998,18624.576999999997
1605744000000,2020-11-19,BTCUSDT,17777.75,18179.8,17335.65,17802.82,93009.561008,1656794228.8537636,1513304,18655.67,-203.02888059885817,18388.944,18587.654000000002
1605657600000,2020-11-18,BTCUSDT,17659.38,18476.93,17214.45,17776.12,149019.788134,2663337935.500298,2091832,17802.82,-230.20091458503987,18270.568,18560.2545
1605571200000,2020-11-17,BTCUSDT,16713.08,17858.82,16538.0,17659.38,115221.403102,1982752071.450512,1646652,17776.12,-297.3280992782073,18119.558,18484.8785
1605484800000,2020-11-16,BTCUSDT,15957.0,16880.0,15864.0,16713.57,81300.675924,1335728013.9057603,1202386,17659.38,-79.00915400865097,17721.512,18352.587
1605398400000,2020-11-15,BTCUSDT,16069.56,16180.0,15774.72,15957.0,43596.841513,696651729.7452534,854441,16713.57,-105.75855367393908,17181.778,18193.054
1605312000000,2020-11-14,BTCUSDT,16320.04,16326.99,15670.0,16070.45,59116.347179,944765868.609419,931424,15957.0,-149.7356614526495,16835.304,18064.0505
1605225600000,2020-11-13,BTCUSDT,16291.85,16480.0,15952.35,16320.7,75691.881014,1230358611.1248894,1208773,16070.45,-332.1841186097065,16544.22,17908.9905
1605139200000,2020-11-12,BTCUSDT,15684.25,16340.7,15440.64,16291.86,102196.356592,1628755508.6741984,1472049,16320.7,-315.99911381630284,16270.716,17763.379
1605052800000,2020-11-11,BTCUSDT,15297.21,15965.0,15272.68,15684.24,78469.746458,1226425496.3618553,1247167,16291.86,-37.57656835383386,16064.85,17609.343
1604966400000,2020-11-10,BTCUSDT,15328.41,15460.0,15072.46,15297.21,61681.919606,943615126.0891504,1093466,15684.24,-18.108625867246545,15932.892000000002,17389.41
1604880000000,2020-11-09,BTCUSDT,15475.1,15840.0,14805.54,15328.41,108976.334134,1670447935.514179,1505441,15297.21,-24.03942637000388,15784.484,17246.581
1604793600000,2020-11-08,BTCUSDT,14818.3,15650.0,14703.88,15475.1,65547.178574,998031373.8397804,998773,15328.41,-28.2703881496804,15615.364000000001,17134.3435
1604707200000,2020-11-07,BTCUSDT,15579.93,15753.52,14344.22,14818.3,101431.206553,1536510177.0914736,1557021,15475.1,-13.938746622056414,15320.651999999998,17018.2825
1604620800000,2020-11-06,BTCUSDT,15590.02,15960.0,15166.0,15579.92,122618.197695,1909660728.8229203,1654968,14818.3,-42.37047874502164,15299.788,16939.805
1604534400000,2020-11-05,BTCUSDT,14144.01,15750.0,14093.56,15590.02,143741.522673,2131865609.2908912,1736055,15579.92,-59.35059652928433,15358.35,16783.3505
1604448000000,2020-11-04,BTCUSDT,14023.53,14259.0,13525.0,14144.01,93016.988262,1293872665.4179618,1212959,15590.02,-36.15832119621939,15121.470000000001,16532.5505
1604361600000,2020-11-03,BTCUSDT,13549.63,14066.11,13284.99,14023.53,74115.630787,1009402087.7104616,1052569,14144.01,-36.12112710920425,14831.155999999999,16315.327
1604275200000,2020-11-02,BTCUSDT,13761.49,13830.0,13195.05,13549.37,64566.421908,873629993.8313928,869850,14023.53,-41.505277795335445,14577.37,16072.073999999999
1604188800000,2020-11-01,BTCUSDT,13791.0,13895.0,13603.0,13761.5,36285.648526,499124369.0753264,606248,13549.37,-69.48030061489419,14213.685999999998,15824.958999999999
1604102400000,2020-10-31,BTCUSDT,13560.1,14100.0,13411.5,13791.0,67339.238515,927048458.5423616,1022202,13761.5,-63.238500515475295,13853.882000000001,15581.7255
1604016000000,2020-10-30,BTCUSDT,13455.69,13669.98,13115.0,13560.1,70657.778881,946818817.5575092,1060387,13791.0,-43.1514888067812,13737.1,15369.589500000002
1603929600000,2020-10-29,BTCUSDT,13266.4,13642.91,12920.77,13455.7,74872.602132,997867948.8609744,1008433,13560.1,-42.0018616721201,13623.534,15153.5685
1603843200000,2020-10-28,BTCUSDT,13636.16,13859.48,12888.0,13266.4,94440.561226,1263487952.9951568,1234511,13455.7,-49.26876881844959,13566.939999999999,14933.9195
1603756800000,2020-10-27,BTCUSDT,13052.15,13789.29,13019.87,13636.17,80796.553996,1085214437.7511137,1003550,13266.4,-93.97786928671212,13541.874,14780.0495
1603670400000,2020-10-26,BTCUSDT,13029.64,13238.81,12765.0,13052.19,60951.672986,794395722.4533454,818144,13636.17,-67.20835420126357,13394.112,14634.809
1603584000000,2020-10-25,BTCUSDT,13111.73,13350.0,12888.0,13028.83,38481.579504,502672049.2290516,610498,13052.19,-56.539956750481366,13287.858000000002,14482.728
1603497600000,2020-10-24,BTCUSDT,12923.06,13166.73,12870.0,13111.73,35952.20907,468299521.7696653,536821,13028.83,-85.9044750581576,13219.063999999998,14322.279499999999
1603411200000,2020-10-23,BTCUSDT,12968.84,13027.69,12720.08,12923.07,50386.999841,650680239.1101469,699313,13111.73,-26.51259950693489,13150.398000000001,14153.84
1603324800000,2020-10-22,BTCUSDT,12780.75,13185.0,12678.08,12968.52,70038.824144,905778888.8702904,1035811,12923.07,-28.218577150486368,13016.867999999999,14018.054
1603238400000,2020-10-21,BTCUSDT,11910.0,13217.68,11886.95,12780.96,114584.456767,1437122186.6339955,1453620,12968.52,-54.27167015149843,12962.622,13892.241499999998
1603152000000,2020-10-20,BTCUSDT,11751.46,12038.38,11677.59,11909.99,62134.750663,737425592.0819716,906111,12780.96,-35.00052045383572,12738.854000000001,13721.320500000002
1603065600000,2020-10-19,BTCUSDT,11503.14,11823.99,11407.96,11751.47,47414.534692,550728683.7992793,650960,11909.99,-41.14522498470433,12466.802,13535.139000000001
1602979200000,2020-10-18,BTCUSDT,11360.31,11505.0,11346.22,11503.14,23284.041191,266150824.34809864,346946,11751.47,-23.362971359747803,12182.815999999999,13369.381
1602892800000,2020-10-17,BTCUSDT,11319.24,11402.42,11255.0,11360.2,22368.915241,253582775.96265447,365973,11503.14,-20.492019088365993,11861.152,13158.395
1602806400000,2020-10-16,BTCUSDT,11505.13,11541.15,11200.0,11319.32,48797.749502,553211001.6122569,693210,11360.2,-22.22975928025066,11568.824,12944.86
1602720000000,2020-10-15,BTCUSDT,11417.89,11617.34,11250.83,11505.12,48760.717679,556436445.5576282,662386,11319.32,-35.062391698879395,11487.85,12812.9155
1602633600000,2020-10-14,BTCUSDT,11420.57,11547.98,11280.0,11417.89,41415.106015,472007015.72093433,590025,11505.12,-36.99844739817485,11421.134,12682.6335
1602547200000,2020-10-13,BTCUSDT,11528.24,11557.0,11300.0,11420.56,42205.283709,482663390.72403574,618262,11417.89,-14.299448007546516,11404.618,12576.193000000001
1602460800000,2020-10-12,BTCUSDT,11369.02,11720.01,11172.0,11528.25,52825.28371,604779845.7920177,740823,11420.56,-27.856083572844213,11438.228,12464.5305
1602374400000,2020-10-11,BTCUSDT,11293.22,11445.0,11221.0,11369.02,29043.851339,329927755.03808504,509714,11528.25,-25.575818919033026,11448.168,12343.4315
1602288000000,2020-10-10,BTCUSDT,11050.64,11491.0,11050.51,11293.22,43648.036943,494785212.2308736,698561,11369.02,-18.785159278750314,11405.788,12230.0875
1602201600000,2020-10-09,BTCUSDT,10925.44,11104.64,10829.0,11050.64,48240.073237,530822321.51623464,635681,11293.22,-18.244206726019243,11332.338,12109.8345
1602115200000,2020-10-08,BTCUSDT,10666.4,10950.0,10530.41,10925.57,51959.691572,559311760.4414803,659291,11050.64,-14.49668371717378,11233.34,11992.793
1602028800000,2020-10-07,BTCUSDT,10599.65,10681.87,10546.17,10666.39,32811.990279,348298562.85686266,503440,10925.57,-14.00568437081779,11060.967999999999,11844.304
1601942400000,2020-10-06,BTCUSDT,10792.2,10800.0,10525.0,10599.66,48674.740471,520051256.0821992,734526,10666.39,-22.601939969320824,10907.096,11721.677500000002
1601856000000,2020-10-05,BTCUSDT,10666.62,10798.0,10615.64,10792.21,34025.761653,364158510.23798054,483340,10599.66,-50.94656297562713,10806.894,11609.8465
1601769600000,2020-10-04,BTCUSDT,10542.07,10696.87,10517.87,10666.63,23212.001595,246252050.90681073,377553,10792.21,-58.42249345494983,10730.092,11487.5915
1601683200000,2020-10-03,BTCUSDT,10570.4,10603.56,10496.46,10542.06,22298.221341,235160884.60853615,381329,10666.63,-59.73427530740463,10653.39,11368.541000000001
1601596800000,2020-10-02,BTCUSDT,10619.13,10664.64,10374.0,10570.4,50130.393705,526864379.3093653,777193,10542.06,-69.03941676013471,10634.192,11248.634999999998
1601510400000,2020-10-01,BTCUSDT,10776.59,10920.0,10437.0,10619.13,60866.332893,652168989.4617349,794855,10570.4,-42.88761724172946,10638.086,11140.5435
1601424000000,2020-09-30,BTCUSDT,10840.58,10849.34,10665.13,10776.59,39596.027322,425279696.28526336,595383,10619.13,-83.80477155777342,10634.962,11083.8735
1601337600000,2020-09-29,BTCUSDT,10696.11,10867.54,10635.87,10840.48,41874.898399,449345822.46022886,587576,10776.59,-103.20300648186456,10669.732,11038.323999999999
1601251200000,2020-09-28,BTCUSDT,10774.26,10950.0,10626.0,10696.12,50095.251734,544463219.5978093,686664,10840.48,-59.00159830795667,10700.544,10997.973
1601164800000,2020-09-27,BTCUSDT,10728.59,10799.0,10594.82,10774.25,30549.483253,327169249.4549957,516004,10696.12,-95.684045933722,10741.314,10968.675500000001
1601078400000,2020-09-26,BTCUSDT,10686.57,10820.94,10644.68,10728.6,28420.836659,304511477.68085533,502670,10774.25,-100.79345400446311,10763.208,10939.1395
1600992000000,2020-09-25,BTCUSDT,10736.33,10760.53,10556.24,10686.67,48101.117008,512647249.14932007,733430,10728.6,-156.3590405802675,10745.223999999998,10898.217
1600905600000,2020-09-24,BTCUSDT,10241.46,10795.24,10190.93,10736.32,57676.619427,604520870.055638,789282,10686.67,-326.9484808454416,10724.392,10864.1385
1600819200000,2020-09-23,BTCUSDT,10529.61,10537.15,10136.82,10241.46,51876.568079,539362015.157462,774391,10736.32,-145.61221848304373,10633.46,10805.1835
1600732800000,2020-09-22,BTCUSDT,10417.22,10572.71,10353.0,10529.61,43991.235476,460362500.7284081,738576,10241.46,-1294.646680942198,10584.532,10755.2515
1600646400000,2020-09-21,BTCUSDT,10920.28,10988.86,10296.35,10417.22,70683.431179,751020795.2358837,1028531,10529.61,-190.49841329102128,10522.256,10707.661499999998
1600560000000,2020-09-20,BTCUSDT,11080.64,11080.64,10723.0,10920.28,39157.922565,426815210.75551224,646329,10417.22,479.9566331559213,10568.978,10689.014500000001
1600473600000,2020-09-19,BTCUSDT,10933.4,11179.79,10887.37,11080.65,38440.036858,423651901.1577304,620127,10920.28,255.8123990419429,10637.844000000001,10690.515000000001
1600387200000,2020-09-18,BTCUSDT,10940.0,11038.03,10812.84,10933.39,47266.728275,516147935.6692284,717371,11080.65,371.7567977079261,10776.23,10690.905999999999
1600300800000,2020-09-17,BTCUSDT,10954.01,11045.46,10745.83,10939.99,55601.614529,605010288.7799246,829137,10933.39,407.43938166178344,10858.306,10704.586
1600214400000,2020-09-16,BTCUSDT,10785.23,11093.0,10661.22,10954.01,64991.51244,708644989.4830699,884153,10939.99,655.9970691015669,10965.664,10722.303499999998
1600128000000,2020-09-15,BTCUSDT,10671.77,10930.04,10606.48,10785.31,61822.452786,666457161.1491377,893852,10954.01,-1993.800978792823,10938.67,10721.958499999999
1600041600000,2020-09-14,BTCUSDT,10332.84,10750.0,10212.34,10671.77,67059.291361,706175591.3866128,828957,10785.31,-4517.371663244291,10856.894,10722.2155
1599955200000,2020-09-13,BTCUSDT,10440.67,10580.11,10200.0,10332.83,43837.609865,455338605.3291489,692439,10671.77,-231.49154999773504,10736.782000000001,10711.753999999999
1599868800000,2020-09-12,BTCUSDT,10387.89,10477.97,10269.25,10440.92,35379.153096,366912671.4437269,577724,10332.83,-392.7766963292552,10636.968,10705.28
1599782400000,2020-09-11,BTCUSDT,10336.86,10397.6,10200.0,10387.89,43830.254467,451241002.66033614,637869,10440.92,-378.1846174442734,10523.744,10693.717999999999
1599696000000,2020-09-10,BTCUSDT,10219.29,10483.35,10070.83,10336.87,58253.75375,602390078.4922807,851877,10387.89,-270.44436099637124,10434.056,10671.732
1599609600000,2020-09-09,BTCUSDT,10126.66,10343.0,9981.01,10219.2,49347.113776,503082625.2147909,755560,10336.87,-4853.054806828739,10343.542,10640.668
1599523200000,2020-09-08,BTCUSDT,10373.45,10438.0,9850.0,10126.65,73491.878418,742947901.9712393,1048125,10219.2,-196.5803057375421,10302.306,10612.1945
1599436800000,2020-09-07,BTCUSDT,10255.89,10410.75,9875.0,10373.44,62620.230676,634278537.8151095,927363,10126.65,-2373.0698949292623,10288.810000000001,10592.153999999999
1599350400000,2020-09-06,BTCUSDT,10166.69,10347.14,9994.86,10256.2,56368.788815,574903000.2351745,1053192,10373.44,-80.69359113359855,10262.472,10568.534
1599264000000,2020-09-05,BTCUSDT,10446.25,10565.68,9825.0,10166.69,90001.605568,917578408.8761182,1476782,10256.2,-41.084949013086145,10228.436000000002,10542.535
1599177600000,2020-09-04,BTCUSDT,10138.29,10627.05,9875.5,10446.25,92733.599113,959925718.3512752,1434860,10166.69,-134.4705834051817,10273.846000000001,10528.031500000001
1599091200000,2020-09-03,BTCUSDT,11388.54,11462.6,9960.8,10140.85,121950.106015,1325106403.3158674,1611610,10446.25,-81.14473058537948,10276.686,10523.001
1599004800000,2020-09-02,BTCUSDT,11921.97,11954.57,11160.1,11388.54,87221.845602,1005391012.1338753,1373524,10140.85,433.141555243596,10479.706000000002,10565.947499999998
1598918400000,2020-09-01,BTCUSDT,11649.51,12050.85,11515.0,11921.97,78148.193668,928047313.4889666,1321492,11388.54,212.51385638625447,10812.86,10641.185
1598832000000,2020-08-31,BTCUSDT,11711.17,11800.77,11570.0,11649.51,55353.617744,646723855.5714536,822062,11921.97,247.05545441528423,11109.423999999999,10677.646499999999
1598745600000,2020-08-30,BTCUSDT,11465.84,11719.0,11458.0,11711.16,43177.879054,501375342.93503886,756541,11649.51,179.72546487415923,11362.405999999999,10709.172
1598659200000,2020-08-29,BTCUSDT,11526.9,11580.02,11417.04,11465.84,32973.7992,379228275.2707224,611834,11711.16,231.15169964485025,11627.404,10735.7945
1598572800000,2020-08-28,BTCUSDT,11330.38,11542.65,11276.89,11526.91,45953.908365,525606229.654251,719985,11465.84,213.35797439904465,11655.078,10765.1405
1598486400000,2020-08-27,BTCUSDT,11461.42,11592.2,11125.0,11330.38,63246.036383,717474981.6640126,959270,11526.91,244.6064961600792,11536.759999999998,10783.959
1598400000000,2020-08-26,BTCUSDT,11318.42,11539.32,11244.0,11461.43,53998.231231,615452789.9673375,862654,11330.38,206.18081997697692,11499.143999999998,10817.765000000001
1598313600000,2020-08-25,BTCUSDT,11748.19,11767.85,11117.64,11318.42,69590.923272,797034671.6452801,996668,11461.43,214.9105951651744,11420.596,10850.0975
1598227200000,2020-08-24,BTCUSDT,11648.12,11824.9,11585.09,11748.2,46212.391867,542298951.538298,656584,11318.42,199.61520556315276,11477.068000000001,10920.866
1598140800000,2020-08-23,BTCUSDT,11663.51,11718.07,11514.13,11648.13,37900.00469,440406018.65187865,627352,11748.2,197.15287406694324,11501.312,10981.2265
1598054400000,2020-08-22,BTCUSDT,11531.23,11686.0,11376.81,11662.96,43678.701646,504305451.410864,809328,11648.13,184.3958643827653,11567.828,11044.98
1597968000000,2020-08-21,BTCUSDT,11853.54,11878.0,11485.81,11531.34,64448.306142,755451999.6540914,1189668,11662.96,228.5063911749255,11581.810000000001,11104.7035
1597881600000,2020-08-20,BTCUSDT,11754.38,11888.0,11668.0,11853.55,46085.254351,543576025.0485107,798027,11531.34,163.584398902318,11688.836,11186.421
1597795200000,2020-08-19,BTCUSDT,11945.1,12020.08,11561.0,11754.59,73940.169606,870612801.5295693,1258060,11853.55,424.5376314711108,11690.114,11267.818000000001
1597708800000,2020-08-18,BTCUSDT,12281.15,12387.77,11817.93,11945.01,75923.835527,920402307.1768104,1189390,11754.59,5256.119791666461,11749.49,11346.396499999999
1597622400000,2020-08-17,BTCUSDT,11910.99,12468.0,11769.78,12281.13,84734.21154,1026883452.894772,1210228,11945.01,244.94632848864853,11873.124,11447.643
1597536000000,2020-08-16,BTCUSDT,11852.4,11931.72,11686.0,11911.0,41368.236906,489731524.6369436,790240,12281.13,743.3346677341866,11949.056,11534.858499999998
1597449600000,2020-08-15,BTCUSDT,11760.55,11980.0,11680.0,11852.4,56237.90505,667446824.0641296,1018956,11911.0,384.28187086092765,11948.826000000001,11605.166
1597363200000,2020-08-14,BTCUSDT,11779.77,11850.0,11634.03,11760.54,59818.852697,702273220.6964157,1011746,11852.4,609.6862560458819,11950.016,11686.1505
1597276800000,2020-08-13,BTCUSDT,11564.34,11792.96,11270.36,11780.0,70132.491502,809611114.2132485,1243382,11760.54,321.1311774387252,11917.014000000001,11705.7235
1597190400000,2020-08-12,BTCUSDT,11392.09,11617.52,11150.0,11564.33,64909.613644,743303608.0999826,1104096,11780.0,1275.821185617105,11773.653999999999,11687.8415
1597104000000,2020-08-11,BTCUSDT,11892.9,11935.0,11125.0,11392.08,90748.284634,1049615697.1379416,1343979,11564.33,1782.2698886777084,11669.869999999999,11674.97
1597017600000,2020-08-10,BTCUSDT,11681.69,12067.35,11450.0,11892.92,84952.337887,1009169063.3832128,1340835,11392.08,956.246545052516,11677.973999999998,11684.058
1596931200000,2020-08-09,BTCUSDT,11761.02,11797.11,11521.97,11681.68,41493.067342,483708602.8963804,853386,11892.92,4124.828614008784,11662.202000000001,11694.85
1596844800000,2020-08-08,BTCUSDT,11594.36,11808.27,11512.0,11761.41,41858.16104,489087264.3602809,779318,11681.68,1471.5896394108536,11658.484,11706.575
1596758400000,2020-08-07,BTCUSDT,11762.47,11909.94,11322.0,11594.23,65755.926022,767005529.2821208,940045,11761.41,2303.673079980928,11664.464,11719.767499999998
1596672000000,2020-08-06,BTCUSDT,11744.91,11900.0,11562.5,11762.46,63529.08502,746479211.7155949,919918,11594.23,-1421.4513118893365,11738.539999999999,11734.819
1596585600000,2020-08-05,BTCUSDT,11191.99,11780.93,11093.0,11744.91,74970.256852,861433645.4244397,964637,11762.46,-13376.033057850867,11708.938,11756.1435
1596499200000,2020-08-04,BTCUSDT,11219.68,11414.98,11000.0,11191.97,58629.113709,658084242.6797222,863692,11744.91,-146.65622012110853,11610.996,11728.331999999999
1596412800000,2020-08-03,BTCUSDT,11071.36,11473.0,10936.0,11219.81,56931.841475,641127593.2614517,919185,11191.97,-75.01036445181458,11502.676,11706.916
1596326400000,2020-08-02,BTCUSDT,11801.17,12123.46,10518.5,11071.35,97553.077604,1105757335.5281618,1459900,11219.81,-94.81331507175597,11398.1,11677.3355
1596240000000,2020-08-01,BTCUSDT,11335.46,11861.0,11220.0,11801.17,85087.485126,987817017.3186324,1174252,11071.35,-2978.567245754473,11405.842,11690.827000000001
1596153600000,2020-07-31,BTCUSDT,11099.79,11444.0,10960.0,11335.46,70063.660974,786344325.8552314,971584,11801.17,-358.97242871929797,11323.952,11664.922499999999
1596067200000,2020-07-30,BTCUSDT,11100.52,11170.0,10831.0,11099.61,60794.826456,669779541.8872833,879960,11335.46,-221.41124943047373,11305.48,11632.1735
1595980800000,2020-07-29,BTCUSDT,10906.27,11342.82,10812.0,11100.53,76838.094233,853242253.6158236,1127302,11099.61,-325.0064683053044,11281.624,11589.9495
1595894400000,2020-07-28,BTCUSDT,11029.96,11242.23,10565.0,10906.27,97267.734187,1065375500.1891888,1475636,11100.53,-310.2817974105104,11248.608,11521.2065
1595808000000,2020-07-27,BTCUSDT,9931.54,11394.86,9917.21,11029.96,150188.933144,1580355372.0991795,1901088,10906.27,-130.97130805599292,11094.366,11477.1545
1595721600000,2020-07-26,BTCUSDT,9700.42,10111.0,9650.0,9931.54,65279.269319,644607634.4817771,945611,11029.96,-64.57940507616522,10813.582,11381.1115
1595635200000,2020-07-25,BTCUSDT,9538.1,9732.9,9513.0,9700.42,40679.545416,391431695.7168218,675222,9931.54,-50.97065002741394,10533.744,11278.105500000001
1595548800000,2020-07-24,BTCUSDT,9603.27,9637.0,9463.44,9537.8,43931.136205,419240263.5218282,677725,9700.42,-51.083674134300594,10221.198,11165.9955
1595462400000,2020-07-23,BTCUSDT,9518.16,9664.0,9440.33,9603.27,51856.2335,494282948.7336824,735371,9537.8,-43.8933118437933,9960.598,11067.9425
1595376000000,2020-07-22,BTCUSDT,9390.0,9544.0,9261.0,9518.16,48815.004107,457776105.6155714,663029,9603.27,-42.561580779162455,9658.238000000001,10974.2465
1595289600000,2020-07-21,BTCUSDT,9160.78,9437.73,9152.8,9390.0,60413.582486,563360524.7994282,782959,9518.16,-52.59466028846208,9549.93,10849.100499999999
1595203200000,2020-07-20,BTCUSDT,9208.99,9221.52,9131.0,9160.78,35458.764082,325297289.27265835,557096,9390.0,-44.676376740504026,9442.002,10723.055499999999
1595116800000,2020-07-19,BTCUSDT,9170.3,9232.27,9101.35,9208.99,26052.019417,238521988.0313255,440449,9160.78,-51.98296784724752,9376.24,10595.4345
1595030400000,2020-07-18,BTCUSDT,9154.31,9219.3,9121.1,9170.28,22554.541457,206628105.36278892,430377,9208.99,-9.05739122502267,9289.642000000002,10474.237000000001
1594944000000,2020-07-17,BTCUSDT,9133.72,9186.83,9089.81,9154.32,28054.358741,256360345.57676795,470991,9170.28,-10.925020860650804,9216.874,10343.829999999998
1594857600000,2020-07-16,BTCUSDT,9197.6,9226.15,9047.25,9133.72,43375.571191,395883667.0248003,681807,9154.32,-12.121227535619935,9165.617999999999,10213.2705
1594771200000,2020-07-15,BTCUSDT,9255.85,9276.49,9160.57,9197.6,39053.579665,360201683.49480516,554780,9133.72,-15.830850320295554,9172.982,10113.552
1594684800000,2020-07-14,BTCUSDT,9242.61,9279.54,9113.0,9255.85,45772.552509,421789086.45494735,613139,9197.6,-21.782334193720388,9182.354000000001,10015.354000000001
1594598400000,2020-07-13,BTCUSDT,9303.31,9343.82,9200.89,9242.62,42740.069115,396614086.7962699,642552,9255.85,-13.19334877527507,9196.822,9923.9175
1594512000000,2020-07-12,BTCUSDT,9234.02,9345.0,9157.5,9302.75,30872.702286,285591381.4915314,484875,9242.62,-47.06499785301929,9226.507999999998,9798.9965
1594425600000,2020-07-11,BTCUSDT,9288.34,9299.28,9178.25,9234.03,22561.366,208410250.50959367,413452,9302.75,-63.453333047449746,9246.570000000002,9693.925
1594339200000,2020-07-10,BTCUSDT,9232.42,9317.48,9125.0,9288.34,38295.494006,352238898.7694825,525484,9234.03,-140.40327106550197,9264.717999999999,9603.361499999999
1594252800000,2020-07-09,BTCUSDT,9436.06,9440.79,9160.0,9232.43,48044.450645,447640493.54432976,575491,9288.34,-76.79322618919176,9260.034,9509.9565
1594166400000,2020-07-08,BTCUSDT,9257.4,9470.0,9231.0,9436.06,56140.517781,525344876.6999235,652605,9232.43,-594.8964677222846,9298.722,9436.446
1594080000000,2020-07-07,BTCUSDT,9342.47,9379.42,9203.0,9257.39,34587.336678,320576525.3553498,433481,9436.06,-368.3055576502496,9289.65,9347.817500000001
1593993600000,2020-07-06,BTCUSDT,9069.41,9375.0,9055.92,9344.2,54463.132277,502548376.20946366,533540,9257.39,313.6081125286224,9311.684,9318.4505
1593907200000,2020-07-05,BTCUSDT,9135.0,9145.24,8893.03,9069.41,34073.653627,308410443.6592152,384500,9344.2,-377.5684195443474,9267.898000000001,9286.9
1593820800000,2020-07-04,BTCUSDT,9057.79,9190.0,9040.04,9135.46,26441.968484,240576054.91572312,335225,9069.41,-1703.2165422170367,9248.504,9266.783
1593734400000,2020-07-03,BTCUSDT,9086.54,9125.0,9037.47,9058.26,28943.420177,263123750.4671724,343189,9135.46,-617.3849677285056,9172.944,9239.532500000001
1593648000000,2020-07-02,BTCUSDT,9231.99,9261.96,8940.0,9086.54,45725.168076,417724468.8873568,470292,9058.26,-1316.9563374311583,9138.774000000001,9217.9515
1593561600000,2020-07-01,BTCUSDT,9138.08,9292.0,9080.1,9232.0,38488.528699,354087627.1696612,374832,9086.54,2043.3720930232687,9116.333999999999,9210.0515
1593475200000,2020-06-30,BTCUSDT,9192.93,9205.0,9064.89,9138.55,31463.162801,287781334.51701576,328083,9232.0,-549.5907928388684,9130.162,9208.94
1593388800000,2020-06-29,BTCUSDT,9116.16,9238.0,9024.67,9192.56,42120.293261,384206326.4706804,434299,9138.55,-1395.6851777866148,9141.582,9208.1185
1593302400000,2020-06-28,BTCUSDT,9012.0,9191.0,8948.06,9116.35,30688.176421,278721674.9221112,374404,9192.56,-342.5697424892706,9153.2,9205.422
1593216000000,2020-06-27,BTCUSDT,9162.21,9196.24,8833.0,9012.0,46290.930113,419606802.23720133,499415,9116.35,-287.59627077421845,9138.292,9198.306
1593129600000,2020-06-26,BTCUSDT,9249.49,9298.0,9045.45,9162.21,50292.298277,461347064.8295031,510947,9012.0,-582.2960437643649,9124.333999999999,9199.730500000001
1593043200000,2020-06-25,BTCUSDT,9298.33,9340.0,9009.69,9249.49,55831.619156,514396747.4047828,536205,9162.21,4816.705744431556,9146.522,9202.325
1592956800000,2020-06-24,BTCUSDT,9624.33,9670.0,9208.0,9296.49,61571.561464,579426702.7966821,572362,9249.49,-476.5350720068793,9167.308,9204.357
1592870400000,2020-06-23,BTCUSDT,9685.69,9720.0,9577.03,9624.89,41031.02938,395487616.460878,474319,9296.49,270.3401360544218,9269.016,9223.4705
1592784000000,2020-06-22,BTCUSDT,9294.69,9780.0,9277.09,9685.69,57895.468343,550995799.0694705,588704,9624.89,283.3142991009987,9403.754,9242.6175
1592697600000,2020-06-21,BTCUSDT,9358.95,9422.0,9281.54,9294.69,24316.926234,227467940.6102112,321015,9685.69,429.4611150568168,9430.25,9245.6505
1592611200000,2020-06-20,BTCUSDT,9310.23,9395.0,9170.95,9358.95,30329.065384,282120360.5567526,382778,9294.69,432.09987024027635,9452.142,9249.181
1592524800000,2020-06-19,BTCUSDT,9386.32,9438.3,9215.79,9310.23,45330.983673,423086965.1927383,503484,9358.95,383.2599118942743,9454.89,9253.071
1592438400000,2020-06-18,BTCUSDT,9465.13,9489.0,9280.0,9386.32,37381.953765,351649555.0725387,475074,9310.23,338.0845953699394,9407.176,9250.583999999999
1592352000000,2020-06-17,BTCUSDT,9526.97,9565.0,9236.61,9465.14,48046.411152,453209812.22578067,536158,9386.32,406.13794286694826,9363.066,9260.9715
1592265600000,2020-06-16,BTCUSDT,9426.05,9589.0,9373.09,9525.59,52052.446927,494458269.13979113,543481,9465.14,260.26250516742437,9409.246000000001,9270.041
1592179200000,2020-06-15,BTCUSDT,9342.1,9495.0,8910.45,9426.02,86107.924707,793518842.5509843,839521,9525.59,408.3397584168583,9422.66,9287.8715
1592092800000,2020-06-14,BTCUSDT,9473.34,9480.99,9245.0,9342.1,30055.506608,282131272.3800662,415568,9426.02,422.28571428571496,9429.034,9298.2035
1592006400000,2020-06-13,BTCUSDT,9464.96,9494.73,9351.0,9473.34,27759.784851,261673162.2584724,392763,9342.1,235.08692070923843,9446.438,9318.9575
1591920000000,2020-06-12,BTCUSDT,9278.88,9557.12,9232.51,9465.13,50119.066932,472007894.37567526,553203,9473.34,308.4444737884595,9446.436,9337.887
1591833600000,2020-06-11,BTCUSDT,9885.22,9964.0,9113.0,9280.4,94418.98473,902075648.5453848,966502,9465.13,2740.407635069574,9397.398,9340.307
1591747200000,2020-06-10,BTCUSDT,9772.44,9992.72,9704.18,9885.0,47130.762982,462384305.3511994,560909,9280.4,238.68073609624324,9489.194,9377.6295
1591660800000,2020-06-09,BTCUSDT,9782.0,9877.0,9570.0,9772.43,46024.001289,447208895.8386984,551863,9885.0,729.4699742442696,9575.259999999998,9406.623
1591574400000,2020-06-08,BTCUSDT,9746.99,9800.0,9633.0,9782.01,40664.664125,395459395.8213373,485139,9772.43,1064.202657807312,9636.994,9439.905999999999
1591488000000,2020-06-07,BTCUSDT,9666.85,9802.0,9372.46,9746.99,57952.848385,556919603.7915448,637766,9782.01,226.62834401945673,9693.366,9476.655499999999
1591401600000,2020-06-06,BTCUSDT,9621.17,9735.0,9531.05,9666.3,32752.950893,315604867.236149,435796,9746.99,312.6012689116659,9770.545999999998,9501.859999999999
1591315200000,2020-06-05,BTCUSDT,9788.14,9854.75,9581.0,9621.16,47788.05005,465200788.2036338,566062,9666.3,309.00202617952584,9717.778,9520.4435
1591228800000,2020-06-04,BTCUSDT,9666.32,9881.63,9450.0,9789.06,57456.100969,557234945.6467389,665881,9621.16,261.3572031583653,9721.104,9545.072
1591142400000,2020-06-03,BTCUSDT,9518.02,9690.0,9365.21,9666.24,46252.644939,441928818.0430156,562784,9789.06,484.2217802088505,9697.95,9547.139500000001
1591056000000,2020-06-02,BTCUSDT,10202.71,10228.99,9266.0,9518.04,108970.773151,1070060237.1302092,1004312,9666.24,-12096.95364238538,9652.16,9538.757
1590969600000,2020-06-01,BTCUSDT,9448.27,10380.0,9421.67,10200.77,76649.12696,749707596.6593573,826964,9518.04,206.0083898031622,9759.054,9584.061
1590883200000,2020-05-31,BTCUSDT,9697.72,9700.0,9381.41,9448.27,48333.786403,461272298.85252047,651473,10200.77,1503.2965997927831,9724.476,9588.527
1590796800000,2020-05-30,BTCUSDT,9426.6,9740.0,9331.23,9697.72,55665.27254,530598690.0714505,651290,9448.27,763.9985738479393,9706.208,9607.9015
1590710400000,2020-05-29,BTCUSDT,9575.87,9605.26,9330.0,9427.07,57374.362961,542758086.6064701,593705,9697.72,-4504.098791382086,9658.374,9609.939
1590624000000,2020-05-28,BTCUSDT,9204.07,9625.47,9110.0,9575.89,74110.787662,693930106.1813825,738725,9427.07,630.5052624454297,9669.944,9615.4765
1590537600000,2020-05-27,BTCUSDT,8841.0,9225.0,8811.73,9204.07,68910.355514,624660855.7800369,662850,9575.89,-184.8178226836822,9470.604,9599.4005
1590451200000,2020-05-26,BTCUSDT,8900.35,9017.67,8700.0,8841.18,58299.770138,516455128.890688,678304,9204.07,-135.1387919463085,9349.186,9570.1585
1590364800000,2020-05-25,BTCUSDT,8718.14,8979.66,8642.72,8900.35,62833.910949,553545285.9140139,733557,8841.18,-148.36444888052063,9189.712,9548.071
1590278400000,2020-05-24,BTCUSDT,9179.01,9298.0,8700.0,8720.34,70379.86645,636787240.3733248,774088,8900.35,-127.41148395266144,9048.366,9510.420999999998
1590192000000,2020-05-23,BTCUSDT,9170.0,9307.85,9070.0,9179.15,43526.296966,400407195.6289224,512460,8720.34,-362.6973211536484,8969.018,9496.122
1590105600000,2020-05-22,BTCUSDT,9067.51,9271.0,8933.52,9170.0,58943.131024,537847834.4967086,693694,9179.15,-391.6304636935895,8962.204000000002,9490.601999999999
1590019200000,2020-05-21,BTCUSDT,9511.43,9578.47,8815.0,9068.65,108928.780969,1002046265.9412596,951971,9170.0,-221.95416498938067,9007.698,9449.7845
1589932800000,2020-05-20,BTCUSDT,9775.13,9842.0,9326.0,9511.43,74923.73809,721190802.7634026,731189,9068.65,-1318.881209224215,9129.913999999999,9436.7345
1589846400000,2020-05-19,BTCUSDT,9733.93,9897.21,9474.0,9775.53,78539.760454,760713946.0085461,773581,9511.43,895.5143889083087,9340.952000000001,9436.4105
1589760000000,2020-05-18,BTCUSDT,9681.11,9950.0,9464.23,9733.93,82006.603583,797622297.3261682,794292,9775.53,-347.68443149687226,9451.908,9435.7575
1589673600000,2020-05-17,BTCUSDT,9380.81,9888.0,9322.1,9680.04,68647.764323,663088800.815278,722718,9733.93,700.3192820468549,9553.916000000001,9436.444500000001
1589587200000,2020-05-16,BTCUSDT,9315.96,9588.0,9220.0,9381.27,59587.627862,560547005.0259086,692028,9680.04,-434.0906936324868,9616.44,9424.45
1589500800000,2020-05-15,BTCUSDT,9791.97,9845.62,9150.0,9316.42,115890.761516,1099721375.8919055,1055630,9381.27,-1241.46407591505,9577.438,9400.818000000001
1589414400000,2020-05-14,BTCUSDT,9309.35,9939.0,9256.76,9791.98,129565.37747,1247456797.8136663,1199530,9316.42,786.9036049794064,9580.728,9407.105
1589328000000,2020-05-13,BTCUSDT,8810.99,9398.0,8792.99,9309.37,92466.274018,839725719.9602077,869216,9791.98,1614.8338081671254,9495.816,9396.6715
1589241600000,2020-05-12,BTCUSDT,8562.04,8978.26,8528.78,8810.79,86522.780066,760195457.0509585,784859,9309.37,-5595.327410332479,9321.966,9327.172499999999
1589155200000,2020-05-11,BTCUSDT,8722.77,9168.0,8200.0,8561.52,168807.251832,1468392820.7608037,1367382,8810.79,-484.3874509340966,9158.016,9282.835000000001
1589068800000,2020-05-10,BTCUSDT,9539.1,9574.83,8117.0,8722.77,183865.182028,1594996476.9756367,1565771,8561.52,74176.95473250083,9039.286000000002,9234.0875
1588982400000,2020-05-09,BTCUSDT,9800.02,9914.25,9520.0,9539.4,81950.679567,795001351.6797024,839384,8722.77,599.672449687717,8988.77,9239.704
1588896000000,2020-05-08,BTCUSDT,9986.3,10035.96,9705.0,9800.01,100683.7964,997005843.7404792,967816,9539.4,384.2685036745449,9086.898,9250.91
1588809600000,2020-05-07,BTCUSDT,9143.4,10067.0,9021.0,9986.4,147154.611378,1409783462.006364,1254835,9800.01,284.09915554344866,9322.02,9290.0265
1588723200000,2020-05-06,BTCUSDT,9021.36,9395.0,8906.21,9142.92,105925.30242,972793508.4649074,1007661,9986.4,-587.3761906054104,9438.3,9305.113500000001
1588636800000,2020-05-05,BTCUSDT,8871.92,9118.58,8760.0,9021.83,76480.765342,683083018.8779808,812543,9142.92,-252.14806952368292,9498.112,9311.1875
1588550400000,2020-05-04,BTCUSDT,8894.15,8950.0,8522.0,8871.96,84418.512331,738343818.6939254,848802,9021.83,-220.4763506850582,9364.624,9318.7685
1588464000000,2020-05-03,BTCUSDT,8972.58,9200.0,8712.0,8894.16,90126.065643,808427095.9321591,877460,8871.96,-244.6480378683764,9183.454000000002,9304.519
1588377600000,2020-05-02,BTCUSDT,8825.67,9010.0,8753.0,8972.05,59002.08755,523838859.5442492,637884,8894.16,-488.8641806363312,8980.583999999999,9294.621500000001
1588291200000,2020-05-01,BTCUSDT,8620.0,9059.18,8613.56,8826.96,91468.815059,805640126.6308703,865960,8972.05,-408.7218567400801,8917.392,9282.537
1588204800000,2020-04-30,BTCUSDT,8778.58,9460.0,8401.0,8620.0,206277.214124,1839283907.4625196,1661554,8826.96,-130.11911466065973,8837.026,9237.9655
1588118400000,2020-04-29,BTCUSDT,7738.58,8952.89,7710.05,8778.57,183546.887514,1536390177.0449488,1433128,8620.0,-317.17030896759536,8818.348,9188.1175
1588032000000,2020-04-28,BTCUSDT,7773.51,7780.0,7659.12,7738.98,46302.752638,357391780.9307627,499414,8778.57,-157.07448148459127,8587.312,9088.369999999999
1587945600000,2020-04-27,BTCUSDT,7693.1,7792.02,7606.0,7774.62,65441.339576,504025811.6512536,637800,7738.98,-218.4750285932136,8347.826,8993.099
1587859200000,2020-04-26,BTCUSDT,7539.03,7700.0,7480.0,7693.1,50522.616209,384202783.2747096,554480,7774.62,-151.30381578563996,8121.053999999999,8908.6905
1587772800000,2020-04-25,BTCUSDT,7505.0,7705.0,7431.07,7538.67,43874.427726,331292050.77197313,521943,7693.1,-37.05147621118291,7904.7880000000005,8819.803
1587686400000,2020-04-24,BTCUSDT,7483.96,7615.96,7388.0,7505.0,60182.119939,452118137.7940016,601093,7538.67,-20.94500677556958,7650.0740000000005,8705.454000000002
1587600000000,2020-04-23,BTCUSDT,7125.12,7738.0,7020.0,7482.39,102773.569561,756320213.5858521,881099,7505.0,-11.753147950687094,7598.755999999999,8614.105
1587513600000,2020-04-22,BTCUSDT,6841.36,7156.38,6818.0,7125.14,61486.377334,431271646.1755991,508659,7482.39,-14.585336359761726,7468.860000000001,8529.8225
1587427200000,2020-04-21,BTCUSDT,6828.98,6940.0,6762.0,6841.37,60109.710808,411800606.08159715,555797,7125.14,-13.49715197710576,7298.514,8443.814999999999
1587340800000,2020-04-20,BTCUSDT,7121.4,7220.0,6751.0,6826.83,90149.49137,629612368.7476892,785174,6841.37,-14.390283258276996,7156.146000000001,8349.018
1587254400000,2020-04-19,BTCUSDT,7248.6,7266.15,7055.6,7120.74,45664.86393,326485586.9317384,483574,6826.83,-31.916297323814945,7079.294,8228.085000000001
1587168000000,2020-04-18,BTCUSDT,7026.78,7293.08,7014.4,7248.6,49488.542819,354845083.7761889,494670,7120.74,-35.741100699179015,7032.536,8100.5145
1587081600000,2020-04-17,BTCUSDT,7101.99,7148.12,6972.98,7027.55,54126.509763,382334236.1694789,537554,7248.6,-34.232331708726804,7013.017999999999,7952.572
1586995200000,2020-04-16,BTCUSDT,6621.25,7190.0,6468.27,7101.94,125009.857539,865277543.3946935,971163,7027.55,-45.477122116385374,7065.1320000000005,7850.522999999999
1586908800000,2020-04-15,BTCUSDT,6868.57,6933.0,6605.0,6621.24,61571.384994,416947490.61569566,581374,7101.94,-24.65084154950796,7024.014,7730.4935
1586822400000,2020-04-14,BTCUSDT,6838.04,6978.0,6754.28,6868.7,69068.623285,474794776.19211113,608665,6621.24,-89.54129705382181,6973.606,7630.330499999999
1586736000000,2020-04-13,BTCUSDT,6903.79,6903.79,6575.0,6837.91,96415.476573,649390681.2485026,804179,6868.7,-79.38636290847754,6891.468000000001,7527.518000000001
1586649600000,2020-04-12,BTCUSDT,6876.84,7177.0,6780.0,6903.79,73868.666501,516235035.1865113,648323,6837.91,-102.55793034422464,6866.716,7424.104999999999
1586563200000,2020-04-11,BTCUSDT,6858.92,6944.3,6760.0,6876.83,45470.293206,311699573.516674,484618,6903.79,-122.31052822434424,6821.694,7326.5985
1586476800000,2020-04-10,BTCUSDT,7283.54,7295.75,6739.98,6858.92,104674.623375,727281590.7719399,949050,6876.83,-125.29408122833084,6869.2300000000005,7238.544500000001
1586390400000,2020-04-09,BTCUSDT,7360.26,7371.92,7108.08,7283.54,61094.872417,444741085.9037586,686207,6858.92,-620.6286145335669,6952.197999999999,7163.793
1586304000000,2020-04-08,BTCUSDT,7197.32,7420.0,7150.0,7361.28,76059.145838,555122600.275026,750516,7283.54,555.5433217582805,7056.872,7144.908
1586217600000,2020-04-07,BTCUSDT,7329.9,7459.69,7077.0,7197.32,103585.168918,757201786.6976631,924436,7361.28,368.5517628880462,7115.5779999999995,7116.043
1586131200000,2020-04-06,BTCUSDT,6772.78,7355.14,6765.0,7329.9,118052.000832,837357664.6519214,956586,7197.32,287.1250521796172,7206.192,7097.883
1586044800000,2020-04-05,BTCUSDT,6857.41,6895.54,6677.52,6772.78,49685.356983,337062083.002028,506433,7329.9,-330.65007472123244,7188.964,7059.5885
1585958400000,2020-04-04,BTCUSDT,6732.97,6990.41,6650.01,6856.99,72990.861139,495076283.5209042,659051,6772.78,-282.6485534077264,7103.6539999999995,7027.188
1585872000000,2020-04-03,BTCUSDT,6793.86,7048.0,6602.1,6734.1,104080.276939,710254017.100272,840456,6856.99,-377.1954336343498,6978.217999999999,6989.7735
1585785600000,2020-04-02,BTCUSDT,6643.36,7198.0,6551.0,6794.09,149299.906871,1014494762.4416424,1101043,6734.1,-354.8741270099079,6897.572,6973.221
1585699200000,2020-04-01,BTCUSDT,6412.14,6679.94,6150.11,6642.92,97500.7524,618527468.834164,758061,6794.09,5039.114391143843,6760.1759999999995,6963.2985
1585612800000,2020-03-31,BTCUSDT,6394.45,6523.23,6321.4,6410.44,72337.595259,465780496.6224872,538231,6642.92,-184.39750360057587,6687.7080000000005,6942.478999999999
1585526400000,2020-03-30,BTCUSDT,5880.5,6599.0,5857.76,6394.38,118889.549992,747569726.4544197,784034,6410.44,-190.52149798209808,6595.186,6906.161
1585440000000,2020-03-29,BTCUSDT,6236.65,6266.0,5866.56,5881.42,63311.627714,383707122.50096285,496709,6394.38,-76.20920019171135,6424.65,6837.802000000001
1585353600000,2020-03-28,BTCUSDT,6359.11,6360.0,6024.0,6236.65,93159.693429,577986706.1289365,725588,5881.42,-177.19547627229815,6313.161999999999,6798.2570000000005
1585267200000,2020-03-27,BTCUSDT,6737.27,6842.59,6261.0,6359.11,82914.968354,551326113.8552039,643631,6236.65,-251.4615553910483,6256.4,6761.1155
1585180800000,2020-03-26,BTCUSDT,6677.42,6780.0,6510.0,6737.36,83026.555211,552537189.4793514,668467,6359.11,-221.6229081987621,6321.784,6766.9214999999995
1585094400000,2020-03-25,BTCUSDT,6744.69,6957.96,6450.0,6677.43,132155.734989,880250736.9079887,912179,6737.36,-165.63866344958694,6378.394,6757.358
1585008000000,2020-03-24,BTCUSDT,6465.25,6833.0,6371.33,6744.72,151138.009878,1001890515.2399888,1012669,6677.43,-265.13698630137,6551.053999999999,6752.6985
1584921600000,2020-03-23,BTCUSDT,5816.05,6600.0,5688.0,6467.31,164674.215785,1015525672.0743864,1099406,6744.72,-123.7470872604598,6597.186,6730.8745
1584835200000,2020-03-22,BTCUSDT,6187.04,6407.87,5734.01,5816.19,119115.990527,722895653.5100614,952259,6467.31,-111.586991291985,6488.602000000001,6677.842500000001
1584748800000,2020-03-21,BTCUSDT,6204.57,6456.98,5860.02,6186.98,128913.668363,794962136.6384171,990974,5816.19,-202.0880285368873,6378.526,6644.2455
1584662400000,2020-03-20,BTCUSDT,6162.05,6900.0,5670.0,6208.36,219298.329514,1401734013.175202,1580069,6186.98,-261.6103016700265,6284.7119999999995,6590.486500000001
1584576000000,2020-03-19,BTCUSDT,5393.26,6400.0,5252.53,6162.37,199020.873439,1164739707.514236,1403608,6208.36,-208.22516304691945,6168.242,6530.541
1584489600000,2020-03-18,BTCUSDT,5312.64,5436.17,5009.37,5393.04,137127.634894,719748122.45302,962843,6162.37,-105.2421032419112,5953.388,6440.326999999999
1584403200000,2020-03-17,BTCUSDT,5028.86,5525.0,4921.45,5312.64,150089.926318,793147908.2684975,1069217,5393.04,-119.8214611040263,5852.678,6339.464
1584316800000,2020-03-16,BTCUSDT,5360.33,5365.42,4442.12,5028.97,227276.92276,1113690309.1015868,1608176,5312.64,-96.33736386872803,5621.075999999999,6252.2735
1584230400000,2020-03-15,BTCUSDT,5172.48,5940.0,5093.1,5361.3,139916.146534,753755706.4268771,1037714,5028.97,-316.7980466046297,5451.664,6177.489
1584144000000,2020-03-14,BTCUSDT,5576.05,5640.52,5055.13,5172.06,136910.135974,736651880.9210789,1106125,5361.3,-121.40824167050238,5253.602,6099.387
1584057600000,2020-03-13,BTCUSDT,4800.01,5955.0,3782.13,5578.6,402201.673764,2063819540.638995,2309830,5172.06,-201.9935683079014,5290.714000000001,6038.6125
1583971200000,2020-03-12,BTCUSDT,7934.58,7966.17,4410.0,4800.0,261505.608653,1628590104.222213,1770812,5578.6,-61.85375975554365,5188.186,5946.4665
1583884800000,2020-03-11,BTCUSDT,7894.57,7980.0,7590.0,7934.52,79942.411172,624465167.3648188,699401,4800.0,344.67301466084365,5769.296,6022.6705
1583798400000,2020-03-10,BTCUSDT,7929.87,8149.0,7728.01,7894.56,86783.443875,689700153.4490932,737528,7934.52,370.9698740694357,6275.947999999999,6097.6795
1583712000000,2020-03-09,BTCUSDT,8034.76,8179.31,7632.01,7929.87,116968.863268,918787729.0855838,929234,7894.56,294.06451701126804,6827.51,6200.102
1583625600000,2020-03-08,BTCUSDT,8885.25,8886.76,8000.0,8033.31,77537.315166,656931544.7821604,740741,7929.87,198.65005051598465,7318.452,6289.9349999999995
1583539200000,2020-03-07,BTCUSDT,9130.89,9188.0,8835.0,8886.66,45422.204525,409983263.789138,485400,8033.31,181.01663900906772,8135.784,6416.3125
1583452800000,2020-03-06,BTCUSDT,9054.64,9170.0,8985.5,9131.88,43782.948044,397598476.42056286,493216,8886.66,174.8135808887916,8375.256,6536.038500000001
1583366400000,2020-03-05,BTCUSDT,8750.99,9159.42,8746.54,9054.68,58201.866355,524102029.20478296,619552,9131.88,176.6999388032403,8607.28,6654.901000000001
1583280000000,2020-03-04,BTCUSDT,8760.07,8848.29,8660.0,8750.87,38696.482578,338849891.95293546,454817,9054.68,152.20276190277644,8771.48,6755.208500000001
1583193600000,2020-03-03,BTCUSDT,8911.18,8919.65,8651.0,8760.07,55154.997282,484181096.3229558,512762,8750.87,148.51382044015395,8916.832,6869.8465
1583107200000,2020-03-02,BTCUSDT,8530.3,8965.75,8498.0,8915.24,60401.31773,528906629.5628192,564535,8760.07,135.7363230038057,8922.547999999999,7024.798999999999
1583020800000,2020-03-01,BTCUSDT,8523.61,8750.0,8411.0,8531.88,43892.201779,375729315.25408256,472019,8915.24,155.89418970661518,8802.547999999999,7142.044
1582934400000,2020-02-29,BTCUSDT,8690.8,8790.0,8523.55,8523.61,36748.183035,318585951.9885324,414175,8531.88,147.47654070504686,8696.333999999999,7257.806500000001
1582848000000,2020-02-28,BTCUSDT,8823.25,8900.0,8445.0,8692.91,71155.208977,615664817.0103912,655727,8523.61,151.09317954859978,8684.742,7384.333500000001
1582761600000,2020-02-27,BTCUSDT,8786.0,8971.77,8531.0,8823.21,72483.578762,636955872.7625463,696646,8692.91,120.19780225243022,8697.369999999999,7555.842
1582675200000,2020-02-26,BTCUSDT,9316.48,9377.44,8633.63,8785.25,92130.345482,830717784.3790948,871018,8823.21,199.98001716173133,8671.372,7729.472500000001
1582588800000,2020-02-25,BTCUSDT,9655.52,9675.0,9250.0,9315.84,54379.344552,514946930.5660231,579079,8785.25,157.0330969267137,8828.164,7943.816000000001
1582502400000,2020-02-24,BTCUSDT,9936.4,9990.0,9473.56,9656.13,55796.59612,542081527.6408329,589384,9315.84,146.95700531785462,9054.668,8158.5575
1582416000000,2020-02-23,BTCUSDT,9650.85,9990.0,9645.0,9936.4,37702.089843,371815095.46744496,441935,9656.13,142.5938867841246,9303.365999999998,8396.7745
1582329600000,2020-02-22,BTCUSDT,9677.05,9709.17,9560.02,9650.86,24636.757623,237544283.22525856,319961,9936.4,243.43627322690324,9468.895999999999,8600.3875
1582243200000,2020-02-21,BTCUSDT,9597.21,9755.51,9550.21,9677.05,42181.554524,408286949.8035292,470599,9650.86,301.0638883284105,9647.256,8844.240000000002
1582156800000,2020-02-20,BTCUSDT,9594.65,9699.0,9400.0,9596.42,60152.342914,576020107.4626018,667387,9677.05,302.9700594381062,9703.372,8927.335
1582070400000,2020-02-19,BTCUSDT,10164.78,10250.0,9350.0,9593.79,55162.586895,547679966.9292257,588760,9596.42,194.71717363450807,9690.903999999999,9012.2965
1581984000000,2020-02-18,BTCUSDT,9706.0,10250.0,9576.01,10164.71,70604.124019,696870122.812608,723413,9593.79,156.83947488324384,9736.566,9124.038499999999
1581897600000,2020-02-17,BTCUSDT,9910.7,9964.16,9452.67,9706.0,70261.011901,680009637.6159953,778058,10164.71,258.9736456067573,9747.594000000001,9207.672999999999
1581811200000,2020-02-16,BTCUSDT,9904.46,10050.0,9638.12,9917.27,60023.999537,592584876.9040861,708070,9706.0,163.06816131197667,9795.638,9259.2035
1581724800000,2020-02-15,BTCUSDT,10344.36,10375.0,9801.0,9904.72,57657.202947,580845331.1747848,739781,9917.27,163.5735024726486,9857.297999999999,9297.8455
1581638400000,2020-02-14,BTCUSDT,10227.78,10381.56,10111.37,10344.36,47038.480173,482455622.003626,622310,9904.72,153.16661115988956,10007.412,9362.3295
1581552000000,2020-02-13,BTCUSDT,10325.33,10500.0,10080.0,10229.63,79344.358759,815507473.735361,932802,10344.36,170.58702236885125,10020.395999999999,9436.2675
1581465600000,2020-02-12,BTCUSDT,10223.08,10450.0,10223.08,10326.46,61008.06393,629756037.5160786,857655,10229.63,161.95067511890005,10144.488000000001,9514.587
1581379200000,2020-02-11,BTCUSDT,9851.74,10323.59,9700.0,10223.08,62422.395224,624970415.4054741,710170,10326.46,216.63617124465395,10205.649999999998,9579.979000000001
1581292800000,2020-02-10,BTCUSDT,10151.72,10188.0,9756.0,9851.83,59573.084619,590091358.442907,690308,10223.08,830.4138988247284,10195.072,9645.9765
1581206400000,2020-02-09,BTCUSDT,9895.04,10166.0,9880.75,10151.75,43408.475616,437441704.9053964,536848,9851.83,763.76596238681,10156.55,9727.3835
1581120000000,2020-02-08,BTCUSDT,9813.87,9940.0,9667.11,9895.05,43600.843666,427781790.200816,514573,10151.75,673.5615709079028,10089.634,9787.4905
1581033600000,2020-02-07,BTCUSDT,9772.0,9885.0,9730.0,9813.73,43966.114632,430744860.1814393,582249,9895.05,1184.211296458879,9987.088,9837.0165
1580947200000,2020-02-06,BTCUSDT,9612.03,9862.57,9526.35,9772.0,64949.706588,631245079.8223813,682179,9813.73,921.8475908417812,9896.872,9886.354
1580860800000,2020-02-05,BTCUSDT,9197.02,9744.45,9177.22,9612.04,64870.415615,613540574.7818311,661758,9772.0,8868.931506849274,9848.914,9901.164
1580774400000,2020-02-04,BTCUSDT,9291.35,9350.0,9093.01,9197.02,53308.175266,491136137.2107625,528930,9612.04,-108.26401016854604,9657.967999999999,9878.208499999999
1580688000000,2020-02-03,BTCUSDT,9331.59,9618.79,9234.0,9292.24,50892.133451,476379993.49247247,492124,9197.02,-276.21809744779586,9537.405999999999,9846.0005
1580601600000,2020-02-02,BTCUSDT,9384.41,9477.03,9120.0,9331.51,45690.91254,428064088.6904683,446558,9292.24,-165.7470636438133,9440.962,9830.033
1580515200000,2020-02-01,BTCUSDT,9351.71,9464.53,9281.0,9384.61,28578.067354,268137739.9933375,334972,9331.51,-196.87758358808793,9363.484,9815.411
1580428800000,2020-01-31,BTCUSDT,9511.52,9530.22,9210.01,9352.89,45552.022352,425779010.4065367,428547,9384.61,-58.93673030954031,9311.654,9803.2345
1580342400000,2020-01-30,BTCUSDT,9301.57,9578.0,9204.44,9513.21,60626.744259,569652869.8196837,529570,9352.89,-103.94182183635294,9374.891999999998,9799.2055
1580256000000,2020-01-29,BTCUSDT,9375.34,9449.24,9216.0,9301.53,53864.065122,503188568.8363578,492545,9513.21,-63.20724342150203,9376.75,9756.0465
1580169600000,2020-01-28,BTCUSDT,8907.57,9400.0,8862.4,9374.21,74584.853765,676593159.4823396,616678,9301.53,-84.8787211233755,9385.29,9739.457
1580083200000,2020-01-27,BTCUSDT,8614.39,9000.0,8535.0,8907.57,53973.542996,473194952.8044688,514196,9374.21,-76.3041958782537,9289.882,9688.972
1579996800000,2020-01-26,BTCUSDT,8340.01,8618.13,8293.66,8615.0,31130.485164,263941925.272999,332612,8907.57,-27.36879778753853,9142.304,9624.486
1579910400000,2020-01-25,BTCUSDT,8438.99,8451.26,8254.9,8340.58,25521.157932,212869245.63589776,283118,8615.0,-27.05681035980099,8907.778,9524.297
1579824000000,2020-01-24,BTCUSDT,8404.52,8528.02,8238.0,8439.0,41687.529529,349874174.79003936,407271,8340.58,-37.75359525143111,8735.272,9434.7655
1579737600000,2020-01-23,BTCUSDT,8682.77,8691.81,8306.39,8404.52,48165.944597,407428808.67533696,464805,8439.0,-37.95375435106902,8541.333999999999,9338.6685
1579651200000,2020-01-22,BTCUSDT,8736.04,8818.0,8590.0,8682.36,29080.557138,252638888.21492553,317424,8404.52,-85.71228809913069,8496.292,9261.6325
1579564800000,2020-01-21,BTCUSDT,8642.35,8789.0,8488.0,8736.03,36494.687659,316056704.984738,365621,8682.36,-184.49857914488365,8520.498,9205.8425
1579478400000,2020-01-20,BTCUSDT,8701.72,8746.99,8521.28,8642.35,38896.639746,336447837.0018059,385006,8736.03,-116.21966794380587,8580.852000000003,9130.372500000001
1579392000000,2020-01-19,BTCUSDT,8915.09,9198.98,8466.0,8701.7,70676.889259,623950864.2762928,615665,8642.35,-123.1133198901256,8633.392000000002,9070.705
1579305600000,2020-01-18,BTCUSDT,8913.27,8988.88,8806.38,8915.96,38294.746545,340852837.9160803,458182,8701.7,-199.83783207084065,8735.68,9025.8165
1579219200000,2020-01-17,BTCUSDT,8720.15,9041.65,8672.44,8913.28,70897.737377,629568740.707009,676403,8915.96,-213.038829871932,8781.864,8982.880500000001
1579132800000,2020-01-16,BTCUSDT,8820.01,8859.81,8586.0,8720.01,51991.074284,451752380.28108114,543064,8913.28,-97.85930408471992,8778.66,8938.278999999999
1579046400000,2020-01-15,BTCUSDT,8814.64,8916.48,8564.0,8821.41,84816.297606,743712237.2790816,764048,8720.01,-182.79180204948676,8814.472,8919.4985
1578960000000,2020-01-14,BTCUSDT,8110.34,8880.0,8105.54,8810.01,120399.126742,1032735180.8658738,915328,8821.41,-142.6692662176534,8836.134,8895.386999999999
1578873600000,2020-01-13,BTCUSDT,8184.97,8196.0,8055.89,8110.34,31159.755683,252656965.35815012,289144,8810.01,-100.96709857882908,8675.01,8834.3285
1578787200000,2020-01-12,BTCUSDT,8020.01,8197.0,7960.0,8184.98,38131.494336,309351920.45885,350662,8110.34,-204.54397469885055,8529.35,8774.347
1578700800000,2020-01-11,BTCUSDT,8198.86,8286.34,8003.16,8020.01,54810.032667,445034349.5647021,469131,8184.98,-274.3800106061077,8389.35,8707.703
1578614400000,2020-01-10,BTCUSDT,7817.74,8199.0,7672.0,8197.02,82406.777448,652774220.3884369,606101,8020.01,-395.9707413835856,8264.472,8641.8935
1578528000000,2020-01-09,BTCUSDT,8054.72,8055.96,7750.0,7817.76,64239.51983,507258250.4748797,478800,8197.02,-163.29845251891714,8066.022,8567.704999999998
1578441600000,2020-01-08,BTCUSDT,8145.92,8455.0,7870.0,8055.98,112622.64264,926410232.6045058,830375,7817.76,-146.6442095852352,8055.15,8501.7935
1578355200000,2020-01-07,BTCUSDT,7758.9,8207.68,7723.71,8145.28,91171.684661,724202791.1429626,685315,8055.98,-161.52010156580548,8047.210000000001,8463.679
1578268800000,2020-01-06,BTCUSDT,7357.64,7795.34,7346.76,7758.0,54635.695316,413330481.2260492,449937,8145.28,-107.89619494543982,7994.808,8420.829
1578182400000,2020-01-05,BTCUSDT,7354.19,7495.0,7318.0,7358.75,38331.085604,284848683.7891762,329209,7758.0,-66.63166908671187,7827.1539999999995,8371.7375
1578096000000,2020-01-04,BTCUSDT,7345.0,7404.0,7272.21,7354.11,29987.974977,219874240.93994808,279370,7358.75,-43.57460703652714,7734.423999999999,8317.493
1578009600000,2020-01-03,BTCUSDT,6965.49,7405.0,6871.04,7344.96,68428.500451,495098582.96203536,519854,7354.11,-43.39484288920619,7592.219999999999,8264.515000000001
1577923200000,2020-01-02,BTCUSDT,7200.77,7212.5,6924.74,6965.71,31951.483932,225982341.3011403,302667,7344.96,-38.794390925155255,7356.306,8178.6825
1577836800000,2020-01-01,BTCUSDT,7195.24,7255.0,7175.15,7200.85,16792.388165,121214452.11606228,194010,6965.71,-50.24867946882557,7244.875999999999,8101.9235
1577750400000,2019-12-31,BTCUSDT,7246.0,7320.0,7145.01,7195.23,25954.453533,187518399.34504,251976,7200.85,-50.42854134928592,7212.1720000000005,8029.5675
1577664000000,2019-12-30,BTCUSDT,7388.43,7408.24,7220.0,7246.0,29605.911782,216508875.51767525,279033,7195.23,-100.08561445727376,7190.55,7956.782500000001
1577577600000,2019-12-29,BTCUSDT,7315.36,7528.45,7288.0,7388.24,31387.106085,231731575.8282169,283213,7246.0,-117.06202776313484,7199.206,7880.3965
1577491200000,2019-12-28,BTCUSDT,7254.77,7365.01,7238.67,7316.14,26848.982199,196322192.43800187,272607,7388.24,-132.50742324576987,7269.2919999999995,7800.539499999999
1577404800000,2019-12-27,BTCUSDT,7202.0,7275.86,7076.42,7254.74,33642.701861,242214722.72289035,297262,7316.14,-80.1959077981067,7280.07,7727.276000000001
1577318400000,2019-12-26,BTCUSDT,7205.01,7435.0,7157.12,7202.0,36259.761076,263289798.9561876,337695,7254.74,-122.72151487592564,7281.423999999999,7646.3055
1577232000000,2019-12-25,BTCUSDT,7255.77,7271.77,7128.86,7204.63,27492.044323,198273303.10954583,289924,7202.0,-61.08885887120471,7273.15,7566.0365
1577145600000,2019-12-24,BTCUSDT,7317.3,7436.68,7157.04,7255.77,43629.494188,318428019.00091,384678,7204.63,-54.17814302256312,7246.656,7523.308
1577059200000,2019-12-23,BTCUSDT,7500.71,7695.38,7265.84,7317.09,68051.997203,510710431.7668603,530669,7255.77,-123.20881812614836,7246.8460000000005,7479.9135
1576972800000,2019-12-22,BTCUSDT,7131.59,7518.54,7122.47,7501.44,39137.45515,285577206.9406348,356612,7317.09,509.909594225245,7296.186,7453.985000000001
1576886400000,2019-12-21,BTCUSDT,7188.01,7190.58,7105.0,7132.75,19467.174028,139069157.08645767,212162,7501.44,-328.69082038308693,7282.336,7400.7715
1576800000000,2019-12-20,BTCUSDT,7151.31,7220.0,7079.5,7187.83,32132.069205,229842650.42149535,312766,7132.75,-498.1034811939155,7278.976000000001,7369.275
1576713600000,2019-12-19,BTCUSDT,7277.83,7380.0,7038.31,7150.3,55509.049075,397407677.058565,439761,7187.83,424.0045506257106,7257.882,7323.991
1576627200000,2019-12-18,BTCUSDT,6623.84,7440.0,6435.0,7277.83,95636.651251,654057202.1588289,714073,7150.3,876.9290724863642,7250.030000000001,7280.6185
1576540800000,2019-12-17,BTCUSDT,6891.44,6942.21,6560.0,6623.82,53865.069929,364087469.8222779,454097,7277.83,-118.13933952853463,7074.505999999999,7223.9095
1576454400000,2019-12-16,BTCUSDT,7119.6,7150.0,6836.0,6891.72,43863.993059,307508569.89251375,371202,6623.82,-251.83188438523212,7026.3,7200.558
1576368000000,2019-12-15,BTCUSDT,7064.14,7200.3,7008.35,7118.59,26395.778137,187402764.56353113,262651,6891.72,-362.2547747079553,7012.452,7188.781999999999
1576281600000,2019-12-14,BTCUSDT,7257.37,7271.77,7012.0,7064.05,29561.985967,211004228.015854,276819,7118.59,-387.4885953429326,6995.201999999999,7174.736499999999
1576195200000,2019-12-13,BTCUSDT,7197.76,7309.05,7190.76,7258.48,27609.873795,199836160.23365223,252135,7064.05,31316.844919788,6991.332,7189.375
1576108800000,2019-12-12,BTCUSDT,7210.0,7295.0,7080.3,7198.08,42288.600932,303657479.492691,331414,7258.48,-29878.826530612565,7106.183999999999,7189.236500000001
1576022400000,2019-12-11,BTCUSDT,7224.15,7275.5,7125.66,7210.0,30093.091944,217095653.86658928,268269,7198.08,21983.98510242048,7169.839999999999,7189.975
1575936000000,2019-12-10,BTCUSDT,7338.64,7407.6,7157.1,7224.13,49723.76214,363127435.3955167,439637,7210.0,-3614.190897597949,7190.947999999999,7188.881499999999
1575849600000,2019-12-09,BTCUSDT,7510.11,7650.0,7273.0,7338.64,46621.887493,347471155.4826833,359648,7224.13,5553.225058004593,7245.866,7186.4015
1575763200000,2019-12-08,BTCUSDT,7487.31,7564.0,7374.86,7510.11,29856.897631,223314325.61846468,257514,7338.64,13654.44059976916,7296.192,7196.1
1575676800000,2019-12-07,BTCUSDT,7527.8,7619.62,7470.16,7488.21,31498.684173,237000924.85530463,263592,7510.11,333.04450571090956,7354.217999999999,7207.7735
1575590400000,2019-12-06,BTCUSDT,7389.0,7590.03,7305.0,7527.47,48189.087944,356905919.01556,367854,7488.21,343.8994229183837,7417.7119999999995,7224.0470000000005
1575504000000,2019-12-05,BTCUSDT,7194.59,7485.0,7150.0,7389.0,59306.678855,434738864.7840124,430359,7527.47,489.32551319648127,7450.686,7233.2654999999995
1575417600000,2019-12-04,BTCUSDT,7292.71,7750.0,7067.0,7194.32,83147.149142,608623482.7599232,516158,7389.0,-1245.9465932223648,7421.822,7230.192999999999
1575331200000,2019-12-03,BTCUSDT,7294.42,7400.0,7241.35,7292.71,33149.477487,242379261.10434756,265391,7194.32,170.26416899639693,7378.342,7228.974
1575244800000,2019-12-02,BTCUSDT,7391.5,7420.56,7151.1,7294.28,46330.25604,337889295.51018095,326881,7292.71,216.75029809220996,7339.556,7218.616
1575158400000,2019-12-01,BTCUSDT,7540.63,7541.85,7210.0,7390.89,60769.342313,446524917.2059704,420573,7294.28,272.6000734484022,7312.24,7231.522999999999
1575072000000,2019-11-30,BTCUSDT,7740.99,7810.0,7441.0,7541.89,46989.433619,358749026.3607554,346506,7390.89,186.94332831073152,7342.818000000001,7249.226000000001
1574985600000,2019-11-29,BTCUSDT,7418.52,7850.0,7362.3,7739.68,60745.300873,463006956.68515134,412929,7541.89,186.3362427265169,7451.890000000001,7278.695
1574899200000,2019-11-28,BTCUSDT,7507.9,7643.0,7360.0,7419.49,56933.981109,427572714.94560075,388953,7739.68,404.972675127592,7477.246000000001,7285.778
1574812800000,2019-11-27,BTCUSDT,7154.75,7655.0,6840.0,7508.52,92452.87349,671646609.1695509,582055,7419.49,326.1958997722095,7520.094,7330.013000000001
1574726400000,2019-11-26,BTCUSDT,7109.99,7340.0,7017.48,7156.14,65722.39769,469602476.91268086,433933,7508.52,-1411.4281511987135,7473.144,7343.2339999999995
1574640000000,2019-11-25,BTCUSDT,6900.23,7377.69,6515.0,7109.57,119645.735197,831628458.3049068,679721,7156.14,-368.9352599642024,7386.68,7342.783
1574553600000,2019-11-24,BTCUSDT,7311.1,7330.39,6861.0,6903.28,67890.206483,481922941.3269758,446014,7109.57,-111.0113211278285,7219.4,7334.744499999999
1574467200000,2019-11-23,BTCUSDT,7268.23,7344.48,7080.01,7311.57,50449.894755,364446217.3737604,414045,6903.28,-612.5113224637677,7197.816000000001,7337.399
1574380800000,2019-11-22,BTCUSDT,7627.79,7750.0,6790.0,7268.23,126603.140259,917881536.262084,817604,7311.57,-402.2064496219711,7149.758,7340.906499999999
1574294400000,2019-11-21,BTCUSDT,8098.56,8134.73,7500.0,7627.74,58418.780261,455166676.2781802,430062,7268.23,587.3293122225023,7244.0779999999995,7361.7935
1574208000000,2019-11-20,BTCUSDT,8133.83,8264.29,8038.4,8098.01,32466.23098,263387575.485922,288843,7627.74,207.20158461419305,7441.7660000000005,7405.4875
1574121600000,2019-11-19,BTCUSDT,8186.5,8218.63,8003.0,8133.64,43556.061025,353463792.04443395,357382,8098.01,215.2022165935335,7687.838000000001,7445.2375
1574035200000,2019-11-18,BTCUSDT,8502.87,8503.52,8060.0,8187.17,43017.69094,358706174.8252184,366263,8133.64,208.4982472645008,7862.9580000000005,7479.0905
1573948800000,2019-11-17,BTCUSDT,8490.74,8635.0,8350.68,8502.4,27009.037082,229995700.81158423,259594,8187.17,187.15801027431172,8109.7919999999995,7529.8
1573862400000,2019-11-16,BTCUSDT,8471.62,8543.0,8400.0,8491.02,20902.299752,177222838.38564816,231473,8502.4,203.2682561925132,8282.448,7577.977499999999
1573776000000,2019-11-15,BTCUSDT,8646.38,8790.0,8400.0,8471.73,46087.417751,394708981.3155723,423919,8491.02,236.52619356601355,8357.192,7632.114
1573689600000,2019-11-14,BTCUSDT,8777.54,8800.0,8582.6,8646.68,33468.468961,290104306.9530332,337019,8471.73,155.35002729813647,8459.8,7704.732000000001
1573603200000,2019-11-13,BTCUSDT,8821.91,8844.99,8702.0,8777.12,26810.116918,235060554.1241016,281593,8646.68,153.5432760523412,8577.79,7778.952499999999
1573516800000,2019-11-12,BTCUSDT,8733.36,8888.0,8567.6,8821.94,40366.629471,352675938.430593,406765,8777.12,119.622403649898,8641.698,7855.335499999999
1573430400000,2019-11-11,BTCUSDT,9040.16,9072.32,8618.68,8733.27,44888.053545,394585996.3292871,415982,8821.94,122.72402537414548,8690.148,7922.4545
1573344000000,2019-11-10,BTCUSDT,8809.18,9147.19,8750.0,9039.47,34422.029797,307316853.90375423,375946,8733.27,107.61542746665796,8803.696,7997.333499999999
1573257600000,2019-11-09,BTCUSDT,8773.74,8880.0,8724.88,8809.41,29469.481405,259733491.8299089,326730,9039.47,126.22042407733802,8836.242000000002,8050.82
1573171200000,2019-11-08,BTCUSDT,9214.0,9261.0,8696.0,8773.73,62107.289243,555589995.9935858,567331,8809.41,125.57821321819992,8835.564,8118.532000000001
1573084800000,2019-11-07,BTCUSDT,9339.16,9375.0,9101.0,9216.2,39117.470853,361217475.05834645,401984,8773.73,124.2423479344774,8914.416000000001,8203.916000000001
1572998400000,2019-11-06,BTCUSDT,9307.73,9440.91,9250.01,9339.05,37336.170372,348607499.83121693,402997,9216.2,131.02881454264167,9035.572,8313.0615
1572912000000,2019-11-05,BTCUSDT,9392.4,9454.95,9175.76,9308.66,45935.873665,428156963.0785469,492885,9339.05,135.35854708856016,9089.41,8423.016
1572825600000,2019-11-04,BTCUSDT,9196.46,9513.68,9115.84,9393.35,45894.456277,426792003.1749065,453749,9308.66,134.4451076953688,9206.198,8547.5195
1572739200000,2019-11-03,BTCUSDT,9289.85,9362.57,9066.14,9194.71,27894.378279,256664259.6621914,326024,9393.35,188.70448209617092,9290.394,8641.6765
1572652800000,2019-11-02,BTCUSDT,9231.4,9373.74,9186.21,9289.52,28923.060828,268119579.73009112,325421,9194.71,175.48278021289934,9305.058,8742.741
1572566400000,2019-11-01,BTCUSDT,9140.86,9279.0,9030.0,9231.61,43594.814115,398803069.00908464,478002,9289.52,184.40148444491228,9283.57,8822.9345
1572480000000,2019-10-31,BTCUSDT,9154.02,9405.0,8913.0,9140.85,54376.024902,498152743.7348088,490183,9231.61,248.1494222635936,9250.008000000002,8875.076500000001
1572393600000,2019-10-30,BTCUSDT,9407.62,9409.84,9001.01,9154.72,55241.786434,506584830.0313323,524035,9140.85,293.8850635593228,9202.282,8926.1305
1572307200000,2019-10-29,BTCUSDT,9204.45,9550.0,9072.0,9407.62,64158.462446,600611324.6356996,559589,9154.72,225.00170741701953,9244.864,8987.153000000002
1572220800000,2019-10-28,BTCUSDT,9528.23,9902.1,9160.0,9205.14,80174.217323,759178942.9488419,681128,9407.62,279.26971411617683,9227.988000000001,9022.289999999999
1572134400000,2019-10-27,BTCUSDT,9230.0,9794.98,9074.34,9529.93,93833.541604,887438297.7462668,799978,9205.14,272.47481955715045,9287.652,9074.235499999999
1572048000000,2019-10-26,BTCUSDT,8655.88,10370.0,8470.38,9230.0,162588.585413,1522244166.4108484,1185369,9529.93,317.73936612853424,9305.482,9112.149
1571961600000,2019-10-25,BTCUSDT,7412.41,8799.0,7361.0,8655.02,90748.218174,737329544.8835196,775418,9230.0,-1125.7518321961193,9205.542000000001,9112.566
1571875200000,2019-10-24,BTCUSDT,7468.47,7503.68,7337.99,7412.41,32714.383265,243246414.9489239,403778,8655.02,-49.55732097417112,8806.5,9044.3305
1571788800000,2019-10-23,BTCUSDT,8020.06,8047.59,7300.0,7466.62,63897.457098,488220760.6464156,610241,7412.41,-44.07481187547751,8458.796,8976.5645
1571702400000,2019-10-22,BTCUSDT,8197.28,8297.99,8000.0,8020.0,34651.828663,283535483.41051364,384699,7466.62,-106.9832228826846,8156.81,8940.901000000002
1571616000000,2019-10-21,BTCUSDT,8223.35,8333.0,8142.03,8197.27,30448.679539,250117281.63661337,367169,8020.0,-123.00431409270308,7950.264,8898.791000000001
1571529600000,2019-10-20,BTCUSDT,7949.87,8297.0,7870.0,8223.35,34286.452654,275899861.65387124,396091,8197.27,-154.1457338165052,7863.93,8869.488000000001
1571443200000,2019-10-19,BTCUSDT,7946.89,8098.1,7866.92,7948.01,26627.889388,211909734.13572004,349746,8223.35,-104.54636938971773,7971.05,8828.202000000001
1571356800000,2019-10-18,BTCUSDT,8070.71,8115.0,7816.01,7947.01,31353.181416,248931322.1008505,399783,7948.01,-109.1779542269968,8067.128,8764.7425
1571270400000,2019-10-17,BTCUSDT,7995.02,8124.92,7929.03,8070.58,29656.949158,238343204.48251528,356490,7947.01,-142.58738449176383,8077.244000000001,8701.319
1571184000000,2019-10-16,BTCUSDT,8159.3,8181.16,7917.0,7991.74,34733.593966,279586845.5362138,421026,8070.58,-130.0280314364824,8036.138000000001,8635.473
1571097600000,2019-10-15,BTCUSDT,8346.86,8403.0,8090.0,8159.29,32773.062476,270727559.77701086,399447,7991.74,-114.30070574287248,8023.326000000001,8573.77
1571011200000,2019-10-14,BTCUSDT,8275.24,8388.85,8203.0,8348.2,29810.663253,247530733.18003485,345679,8159.29,-188.54995682311528,8103.364,8531.4445
1570924800000,2019-10-13,BTCUSDT,8301.98,8451.37,8160.0,8275.01,27840.739953,232149438.3639587,320051,8348.2,-102.87269308003708,8168.964,8480.719000000001
1570838400000,2019-10-12,BTCUSDT,8257.95,8400.0,8250.0,8300.09,21339.334098,177707852.5948189,280633,8275.01,-141.5244486025531,8214.866,8434.143
1570752000000,2019-10-11,BTCUSDT,8557.82,8779.51,8212.38,8258.5,50405.284418,424413201.53293216,471818,8300.09,-331.9000302632906,8268.217999999999,8390.0255
1570665600000,2019-10-10,BTCUSDT,8562.15,8644.0,8414.52,8558.03,39137.946167,333925412.3041418,406932,8258.5,141.022328520801,8347.966,8360.191
1570579200000,2019-10-09,BTCUSDT,8170.79,8670.0,8115.0,8560.74,55038.704378,462845251.8136103,537805,8558.03,142.9532409607722,8390.474,8317.847
1570492800000,2019-10-08,BTCUSDT,8190.82,8325.0,8088.75,8168.39,35452.657423,290675248.1414453,395685,8560.74,681.1105869667758,8369.15,8266.0095
1570406400000,2019-10-07,BTCUSDT,7855.3,8299.92,7762.0,8190.09,52202.072297,420921679.8442632,482605,8168.39,-11909.888579386716,8347.15,8199.0175
1570320000000,2019-10-06,BTCUSDT,8127.55,8153.87,7785.0,7854.25,34676.104049,275447898.032875,325795,8190.09,-224.6139257653751,8266.3,8130.2300000000005
1570233600000,2019-10-05,BTCUSDT,8137.09,8183.41,8012.98,8126.19,21907.615564,177252877.0029691,237769,7854.25,617.9088562128206,8179.932000000001,8103.7885
1570147200000,2019-10-04,BTCUSDT,8224.43,8232.41,8005.0,8137.13,26476.330404,215325611.6822151,259012,8126.19,584.8569324637074,8095.209999999999,8140.0244999999995
1570060800000,2019-10-03,BTCUSDT,8360.0,8393.0,8060.0,8223.96,30488.284058,250291751.27141392,281307,8137.13,700.9975224931569,8106.323999999999,8177.8915
1569974400000,2019-10-02,BTCUSDT,8292.67,8373.91,8151.22,8359.94,26243.386644,216325351.8586446,261430,8223.96,328.9435089625199,8140.294,8194.8885
1569888000000,2019-10-01,BTCUSDT,8289.97,8500.0,8173.05,8292.44,43472.418091,362980689.8799913,387653,8359.94,783.7927149830984,8227.932,8199.647
1569801600000,2019-09-30,BTCUSDT,8043.04,8337.26,7710.0,8289.34,55865.48726,449120676.8427603,455556,8292.44,-1452.1066938498006,8260.562,8202.9465
1569715200000,2019-09-29,BTCUSDT,8199.38,8229.13,7890.0,8043.82,31544.211388,253660600.3252929,322501,8289.34,-369.7002465504553,8241.9,8207.737
1569628800000,2019-09-28,BTCUSDT,8177.47,8315.0,8001.09,8198.81,34473.605165,280672404.6804955,319113,8043.82,-972.1761453396456,8236.869999999999,8220.327000000001
1569542400000,2019-09-27,BTCUSDT,8063.49,8265.0,7852.15,8177.91,43882.924625,352800745.20792854,369518,8198.81,-1221.764486909046,8200.464,8225.6935
1569456000000,2019-09-26,BTCUSDT,8430.05,8465.99,7750.0,8063.73,67930.853749,552794530.866682,522062,8177.91,-138.59801739834063,8154.722,8229.293000000001
1569369600000,2019-09-25,BTCUSDT,8497.55,8730.0,8215.64,8430.05,60783.892258,512437200.3611044,544806,8063.73,-802.4332389624268,8182.864,8242.831
1569283200000,2019-09-24,BTCUSDT,9702.2,9794.99,7800.0,8493.14,94007.345203,838996309.1611282,748712,8430.05,342.3525789068523,8272.728,8250.078
1569196800000,2019-09-23,BTCUSDT,10028.05,10049.99,9615.77,9702.25,31937.232356,314390584.62646127,332817,8493.14,152.04740239128142,8573.416000000001,8321.439999999999
1569110400000,2019-09-22,BTCUSDT,9985.15,10089.0,9853.97,10028.87,22049.275256,220133631.61284167,253713,9702.25,120.74845260321344,8943.607999999998,8407.879
1569024000000,2019-09-21,BTCUSDT,10167.92,10176.7,9900.0,9986.39,20544.175196,206034034.50803515,245439,10028.87,126.53908181915936,9328.14,8494.2735
1568937600000,2019-09-20,BTCUSDT,10243.7,10281.0,10061.39,10168.59,25088.491069,255205290.2118373,267032,9986.39,124.30173372845157,9675.848,8574.8015
1568851200000,2019-09-19,BTCUSDT,10156.41,10325.0,9653.0,10244.29,44826.282579,447676492.9840264,429727,10168.59,124.43561200397964,10026.078,8658.979
1568764800000,2019-09-18,BTCUSDT,10187.48,10258.02,10100.0,10156.99,24250.249303,247024351.59799168,299466,10244.29,132.32965137308383,10117.026,8758.409
1568678400000,2019-09-17,BTCUSDT,10249.68,10275.0,10128.01,10187.82,22914.324563,233944812.560508,287483,10156.99,127.09113739725034,10148.815999999999,8858.2955
1568592000000,2019-09-16,BTCUSDT,10303.34,10355.0,10078.0,10251.31,28971.401657,296325130.1709013,274368,10187.82,126.0136495461196,10201.8,8978.1485
1568505600000,2019-09-15,BTCUSDT,10332.81,10360.0,10252.15,10302.01,18047.654013,185853330.43704256,194733,10251.31,111.72886249606997,10228.484,9086.9395
1568419200000,2019-09-14,BTCUSDT,10344.13,10419.99,10222.33,10335.02,23621.533519,244063007.09022477,253929,10302.01,112.39859377121174,10246.630000000001,9196.833999999999
1568332800000,2019-09-13,BTCUSDT,10415.01,10439.0,10153.0,10342.06,30280.339776,311632094.25618845,304947,10335.02,111.27278608229572,10283.644,9302.739
1568246400000,2019-09-12,BTCUSDT,10158.75,10448.81,10040.0,10415.01,34511.162755,353390090.96777725,317881,10342.06,105.51954680004091,10329.082,9405.4925
1568160000000,2019-09-11,BTCUSDT,10098.19,10293.0,9880.0,10158.33,31953.824562,321637085.47650874,309120,10415.01,122.36096002962498,10310.486,9498.787
1568073600000,2019-09-10,BTCUSDT,10302.58,10384.99,9953.0,10098.15,28915.412225,294323839.5070076,286763,10158.33,127.82786400084753,10269.714,9589.2275
1567987200000,2019-09-09,BTCUSDT,10381.24,10480.0,10068.5,10303.12,39835.727608,409724831.94712263,330459,10098.15,174.33221828348934,10263.333999999999,9702.192500000001
1567900800000,2019-09-08,BTCUSDT,10455.9,10592.5,10208.0,10381.18,23984.672018,249900964.37153128,237752,10303.12,226.77471544946317,10271.158,9811.311
1567814400000,2019-09-07,BTCUSDT,10298.71,10558.0,10288.57,10455.88,27637.877392,287851131.1802577,272011,10381.18,186.08490063686168,10279.331999999999,9925.2095
1567728000000,2019-09-06,BTCUSDT,10563.13,10905.87,10150.0,10298.73,58799.640959,623662984.3843305,455334,10455.88,531.3124327647176,10307.412,10036.959499999999
1567641600000,2019-09-05,BTCUSDT,10565.92,10900.0,10450.0,10564.49,33970.960639,358861340.7897901,309846,10298.73,275.2998126171153,10400.68,10143.6815
1567555200000,2019-09-04,BTCUSDT,10611.85,10799.0,10369.89,10567.02,43943.889026,463526509.325937,383457,10564.49,215.60373631197703,10453.460000000001,10247.3755
1567468800000,2019-09-03,BTCUSDT,10340.0,10773.0,10272.0,10615.28,47998.376781,505617667.3992669,416076,10567.02,210.8899078276328,10500.28,10293.027
1567382400000,2019-09-02,BTCUSDT,9723.59,10450.0,9712.5,10340.0,44740.248093,448462178.630381,354155,10615.28,944.8415830420524,10477.104000000001,10308.583499999999
1567296000000,2019-09-01,BTCUSDT,9588.74,9830.0,9520.0,9724.98,19545.404843,188513289.12235728,191324,10340.0,-136.43658042042867,10362.354,10295.513
1567209600000,2019-08-31,BTCUSDT,9582.76,9684.51,9420.75,9587.47,17130.290074,164116756.46299693,199188,9724.98,-100.89893652598482,10166.95,10266.457
1567123200000,2019-08-30,BTCUSDT,9499.01,9696.0,9350.41,9584.54,26834.318104,255854874.4507745,259270,9587.47,-98.64162002323404,9970.454,10233.469500000001
1567036800000,2019-08-29,BTCUSDT,9721.0,9724.0,9320.0,9498.44,35532.69491,337838761.5572865,343887,9584.54,-73.56557600619712,9747.086,10200.542
1566950400000,2019-08-28,BTCUSDT,10185.69,10299.0,9601.01,9721.0,42110.555375,420034883.00315255,381293,9498.44,-205.07168499759916,9623.286,10177.201
1566864000000,2019-08-27,BTCUSDT,10373.6,10391.08,10051.08,10185.05,28402.775383,289340681.0789518,292888,9721.0,1566.0414269275109,9715.3,10173.888
1566777600000,2019-08-26,BTCUSDT,10142.69,10604.0,10137.93,10372.25,41687.511599,432249835.49069726,405316,10185.05,1942.890206856671,9872.256,10177.4
1566691200000,2019-08-25,BTCUSDT,10134.61,10333.0,9906.97,10142.69,26271.657398,265132761.31704283,289956,10372.25,-530.4457209945915,9983.886,10167.783500000001
1566604800000,2019-08-24,BTCUSDT,10388.16,10419.42,9890.0,10134.35,27692.456844,279962133.6257099,313227,10142.69,-370.2173980655011,10111.068,10157.398000000001
1566518400000,2019-08-23,BTCUSDT,10099.9,10445.0,10019.79,10389.55,27550.336173,282732431.7520724,326866,10134.35,1591.675842325483,10244.778,10156.125
1566432000000,2019-08-22,BTCUSDT,10140.82,10242.0,9762.0,10099.88,34059.642738,341371442.9068388,401148,10389.55,-253.9334065129888,10227.744,10153.202500000001
1566345600000,2019-08-21,BTCUSDT,10760.51,10804.13,9858.0,10142.57,47355.719282,482889274.517917,458814,10099.88,-287.42136883025023,10181.808,10155.423499999999
1566259200000,2019-08-20,BTCUSDT,10914.73,10949.96,10560.0,10760.51,32298.921679,346664453.1367265,305065,10142.57,1232.2798319906385,10305.372,10178.293
1566172800000,2019-08-19,BTCUSDT,10306.17,10930.0,10258.6,10915.54,37243.319217,396233441.0274596,337022,10760.51,337.88615908538026,10461.61,10205.011
1566086400000,2019-08-18,BTCUSDT,10216.05,10500.0,10080.0,10306.78,24085.395172,248508872.4599864,265705,10915.54,334.2506015812987,10445.056,10197.556
1566000000000,2019-08-17,BTCUSDT,10331.15,10465.14,10000.0,10216.02,29000.581201,297776329.0305825,332795,10306.78,309.3898655635983,10468.284,10193.4205
1565913600000,2019-08-16,BTCUSDT,10296.77,10536.03,9750.0,10331.54,51758.142918,527258446.3977765,504740,10216.02,275.79518072289153,10506.078,10181.773
1565827200000,2019-08-15,BTCUSDT,10055.16,10460.0,9911.0,10293.93,38174.45112,387705855.0879112,373368,10331.54,258.9837710090637,10412.761999999999,10168.1185
1565740800000,2019-08-14,BTCUSDT,10893.36,10897.48,9928.1,10050.37,54451.847499,567724729.1059059,534507,10293.93,557.9227009138644,10239.728,10139.873000000001
1565654400000,2019-08-13,BTCUSDT,11398.35,11456.16,10788.45,10892.71,33234.72968,368994475.5461124,337834,10050.37,313.13342565638874,10356.914,10167.5085
1565568000000,2019-08-12,BTCUSDT,11539.08,11577.89,11235.32,11396.08,17568.227075,200325471.60414097,255966,10892.71,247.3154722952053,10592.926000000001,10251.0635
1565481600000,2019-08-11,BTCUSDT,11309.24,11600.0,11112.11,11549.97,26772.90691,304862403.351449,306234,11396.08,190.8632255130466,10836.612,10349.1885
1565395200000,2019-08-10,BTCUSDT,11879.98,11985.0,11270.0,11309.31,42633.087048,492217964.4905557,399237,11549.97,228.60182474297017,11039.688,10435.427
1565308800000,2019-08-09,BTCUSDT,11994.17,12045.68,11700.0,11879.99,39427.152588,467011047.9414285,410902,11309.31,201.3808003005824,11405.612,10554.504500000001
1565222400000,2019-08-08,BTCUSDT,11975.04,12060.0,11521.0,11999.77,51207.257174,604389131.062836,473584,11879.99,164.28530072793689,11627.024000000001,10668.443000000001
1565136000000,2019-08-07,BTCUSDT,11481.69,12141.17,11382.84,11975.03,69173.390353,814597979.050504,592916,11999.77,168.00093862894684,11742.814,10757.942
1565049600000,2019-08-06,BTCUSDT,11830.0,12330.7,11226.7,11481.69,76705.389875,904119081.6157126,625827,11975.03,341.19221276241717,11729.158,10813.414
1564963200000,2019-08-05,BTCUSDT,10929.99,11937.52,10927.8,11828.8,65153.673713,757976547.217046,622610,11481.69,290.46383286249295,11833.056,10897.7195
1564876800000,2019-08-04,BTCUSDT,10816.86,11040.0,10552.0,10929.23,39924.745141,431793873.4232976,353721,11828.8,426.16917021447546,11642.904,10937.4635
1564790400000,2019-08-03,BTCUSDT,10523.75,10904.77,10497.93,10816.86,33802.318824,363852799.8717801,348893,10929.23,441.496904333932,11406.322,10958.829
1564704000000,2019-08-02,BTCUSDT,10375.0,10670.0,10281.35,10523.75,42990.444221,450323284.1507597,431322,10816.86,1319.998959471415,11116.066,10980.0225
1564617600000,2019-08-01,BTCUSDT,10080.53,10467.86,9863.46,10374.99,41727.637028,422156523.6690079,378062,10523.75,3129.990130767344,10894.725999999999,10991.643500000002
1564531200000,2019-07-31,BTCUSDT,9575.0,10109.8,9555.0,10080.53,39515.35456,389690761.44466114,364212,10374.99,8412.36737400538,10545.072,10957.6445
1564444800000,2019-07-30,BTCUSDT,9509.07,9714.28,9402.0,9574.21,32536.368834,310867928.28793913,283961,10080.53,-128.54228289723167,10274.068,10890.578
1564358400000,2019-07-29,BTCUSDT,9541.54,9729.0,9395.0,9507.64,29021.937411,277497756.76841676,294468,9574.21,-63.092287814280496,10012.223999999998,10850.621000000001
1564272000000,2019-07-28,BTCUSDT,9478.92,9594.99,9165.0,9541.54,29401.022937,278537286.1348134,271327,9507.64,-53.348635501361855,9815.782,10816.897
1564185600000,2019-07-27,BTCUSDT,9824.0,10188.66,9333.0,9476.52,43809.778301,424932724.9687315,401418,9541.54,-58.46114393902201,9636.088,10774.146
1564099200000,2019-07-26,BTCUSDT,9882.15,9889.98,9637.0,9824.0,27167.463217,265108103.13392133,299935,9476.52,-41.25846915597842,9584.782000000001,10750.649500000001
1564012800000,2019-07-25,BTCUSDT,9763.4,10175.0,9720.03,9879.87,37873.354728,378938450.0817674,368176,9824.0,-36.99985848389079,9645.914,10742.1245
1563926400000,2019-07-24,BTCUSDT,9864.78,9937.0,9525.0,9763.28,43475.380377,422534162.14571214,424762,9879.87,-35.46332089974007,9697.042000000001,10685.653
1563840000000,2019-07-23,BTCUSDT,10343.08,10343.97,9822.0,9864.91,47624.37071,478441909.40505725,448147,9763.28,-54.79966352874226,9761.716,10609.094500000001
1563753600000,2019-07-22,BTCUSDT,10590.15,10683.16,10100.0,10340.31,40467.954839,421016379.36208767,389565,9864.91,-68.14153941242469,9934.473999999998,10548.6115
1563667200000,2019-07-21,BTCUSDT,10740.27,10817.9,10288.0,10589.45,38834.287935,409661485.99856466,395452,10340.31,-371.8347165813192,10087.564,10512.6185
1563580800000,2019-07-20,BTCUSDT,10505.78,11068.99,10350.0,10740.23,47331.899848,505569016.35008293,461660,10589.45,-1845.4913219365556,10259.635999999999,10455.6305
1563494400000,2019-07-19,BTCUSDT,10628.64,10769.71,10121.84,10504.29,56546.932133,589931612.3419864,567735,10740.23,-7267.2147995891855,10407.838,10380.8565
1563408000000,2019-07-18,BTCUSDT,9668.86,10788.0,9252.0,10627.16,80283.310252,807822745.1854327,734821,10504.29,609.5372169568145,10560.288,10313.463
1563321600000,2019-07-17,BTCUSDT,9430.17,9957.0,9060.0,9667.92,84942.672717,809555508.3476789,757742,10627.16,-372.5236906521889,10425.810000000001,10222.7745
1563235200000,2019-07-16,BTCUSDT,10833.78,11028.0,9350.01,9439.59,97219.443413,982462166.6932294,796646,9667.92,-1141.7842816817786,10195.838,10103.314
1563148800000,2019-07-15,BTCUSDT,10174.18,11100.0,9860.0,10838.72,81922.426332,851028723.7031858,732206,9439.59,220.5877933707966,10215.536000000002,10098.788499999999
1563062400000,2019-07-14,BTCUSDT,11355.78,11452.0,10103.0,10174.18,72517.579236,777646151.6029468,649043,10838.72,458.76011633788573,10149.514,10066.6545
1562976000000,2019-07-13,BTCUSDT,11757.22,11799.98,10830.0,11355.76,54245.594548,614050007.9919451,510305,10174.18,217.3155105255315,10295.234,10108.255000000001
1562889600000,2019-07-12,BTCUSDT,11342.88,11885.0,11073.0,11757.22,56321.858281,649824820.7654814,537561,11355.76,214.0397885393281,10713.094000000001,10177.3665
1562803200000,2019-07-11,BTCUSDT,12108.11,12111.73,11000.0,11342.89,87506.461058,1007356802.218256,760057,11757.22,279.01122335989936,11093.753999999999,10240.4845
1562716800000,2019-07-10,BTCUSDT,12548.51,13147.08,11569.0,12108.37,109246.044997,1369749939.9675038,899391,11342.89,206.7072052671751,11347.684000000001,10367.192500000001
1562630400000,2019-07-09,BTCUSDT,12238.6,12794.73,12068.0,12543.41,78442.130343,975986802.0300353,660273,12108.37,193.424677991413,11821.53,10518.981
1562544000000,2019-07-08,BTCUSDT,11410.0,12338.03,11220.0,12238.6,52182.367215,618530684.4325522,507860,12543.41,247.87993404590424,11998.098000000002,10653.834
1562457600000,2019-07-07,BTCUSDT,11256.45,11538.0,11094.37,11406.24,38884.795599,439439052.9455421,366769,12238.6,545.5918902043368,11927.902,10750.32
1562371200000,2019-07-06,BTCUSDT,10982.41,11665.0,10964.51,11256.49,51469.496331,585001376.155429,470692,11406.24,833.9906248789359,11910.622,10821.9445
1562284800000,2019-07-05,BTCUSDT,11145.67,11406.83,10796.44,10970.73,63534.350582,705853649.0264896,564857,11256.49,923.0683474830656,11683.094000000001,10876.4875
1562198400000,2019-07-04,BTCUSDT,11940.0,12000.0,11055.0,11145.67,66512.221892,775818897.3894848,643867,10970.73,840.4138782279992,11403.546,10945.607
1562112000000,2019-07-03,BTCUSDT,10844.98,11991.89,10841.04,11940.0,96815.90029,1097804642.7577736,814754,11145.67,226.75081863314665,11343.826000000001,11049.361499999999
1562025600000,2019-07-02,BTCUSDT,10624.9,10938.75,9727.0,10842.85,109561.038728,1128353804.8007915,870148,11940.0,367.142225959551,11231.148,11074.4885
1561939200000,2019-07-01,BTCUSDT,10854.1,11282.28,10030.0,10624.93,90962.268271,972343281.8603553,757458,10842.85,-1755.3814490855586,11104.836,11076.2625
1561852800000,2019-06-30,BTCUSDT,11903.13,12180.0,10766.03,10854.1,84512.530443,971151050.9005816,711267,10624.93,585.6571361336623,11081.509999999998,11081.956
1561766400000,2019-06-29,BTCUSDT,12407.06,12441.54,11475.02,11903.13,69642.074157,829011822.2365324,732073,10854.1,703.2628752032457,11233.001999999999,11151.898
1561680000000,2019-06-28,BTCUSDT,11329.99,12480.0,10982.88,12400.63,95795.203964,1129888341.3212836,883116,11903.13,613.2155235386458,11325.128,11240.5715
1561593600000,2019-06-27,BTCUSDT,13098.38,13478.04,10525.1,11329.99,173894.820889,2058443849.314,1357233,12400.63,-30585.193798449785,11422.556,11323.675
1561507200000,2019-06-26,BTCUSDT,11821.28,13970.0,11741.0,13093.8,155930.147386,1996178374.594492,1355074,11329.99,501.691647301179,11916.329999999998,11506.3855
1561420800000,2019-06-25,BTCUSDT,11056.59,11850.0,11026.0,11820.86,61276.686648,697773986.2691858,597798,13093.8,-624.0094111134188,12109.682,11555.4925
1561334400000,2019-06-24,BTCUSDT,10905.95,11143.63,10620.8,11056.59,43101.045285,469746663.93811727,440335,11820.86,-381.4502415377194,11940.374,11599.613
1561248000000,2019-06-23,BTCUSDT,10729.0,11392.64,10555.18,10906.07,57445.323945,625330374.7466884,557935,11056.59,-901.4495071675624,11641.462,11577.1285
1561161600000,2019-06-22,BTCUSDT,10159.86,11160.0,9921.72,10729.5,104169.447976,1112069567.638115,923334,10906.07,-855.5722119964323,11521.364,11525.7425
1561075200000,2019-06-21,BTCUSDT,9518.06,10174.99,9518.06,10159.86,50484.415892,494783687.9853515,474344,10729.5,-556.0422755805498,10934.576000000001,11466.591
1560988800000,2019-06-20,BTCUSDT,9253.76,9590.0,9175.2,9517.12,34556.053982,323621848.1987617,350662,10159.86,-266.1164839888244,10473.828000000001,11337.0285
1560902400000,2019-06-19,BTCUSDT,9081.97,9304.0,8960.0,9255.49,32147.706495,293748062.6668488,306202,9517.12,-131.8493877839903,10113.608,11172.6325
1560816000000,2019-06-18,BTCUSDT,9312.13,9336.36,8950.0,9081.55,51554.569401,470271954.2987056,449730,9255.49,-200.96008629989188,9748.704000000002,11014.779999999999
1560729600000,2019-06-17,BTCUSDT,8953.0,9444.0,8950.0,9313.96,47895.485374,441567296.05926627,462160,9081.55,-287.7197800102211,9465.596,10910.166000000001
1560643200000,2019-06-16,BTCUSDT,8810.77,9333.0,8760.0,8953.33,63289.251219,574211342.9796603,552319,9313.96,-186.38499134561243,9224.289999999999,10795.008
1560556800000,2019-06-15,BTCUSDT,8650.88,8864.99,8567.63,8808.7,31791.636039,276420769.2933853,335840,8953.33,-80.58737796621674,9082.606,10686.906500000001
1560470400000,2019-06-14,BTCUSDT,8216.44,8684.41,8144.32,8650.0,39835.246255,333475488.55375946,410072,8808.7,-53.223591769916,8961.508,10562.123000000001
1560384000000,2019-06-13,BTCUSDT,8127.64,8309.82,8010.03,8218.54,30467.764341,248418184.7720466,341246,8650.0,-64.15722573076863,8788.906,10376.05
1560297600000,2019-06-12,BTCUSDT,7884.9,8200.0,7788.99,8127.64,41597.082622,333291726.6460002,361980,8218.54,-4.679873383056531,8551.642000000002,10240.2895
1560211200000,2019-06-11,BTCUSDT,7981.0,8010.0,7692.23,7884.9,30334.999427,238031771.51747337,309059,8127.64,-5.9047856177400035,8337.956000000002,10103.287999999999
1560124800000,2019-06-10,BTCUSDT,7627.57,8020.0,7511.0,7982.75,36756.078468,287125339.97011447,387179,7884.9,-10.744215704135542,8172.7660000000005,9959.7205
1560038400000,2019-06-09,BTCUSDT,7895.28,7935.0,7506.66,7628.13,31568.465157,243970971.0244344,322175,7982.75,-10.075230175048972,7968.392,9745.9705
1559952000000,2019-06-08,BTCUSDT,7978.94,8044.65,7751.0,7893.62,22657.329634,179047320.02388045,250864,7628.13,-21.00758847341919,7903.408,9520.619999999999
1559865600000,2019-06-07,BTCUSDT,7787.57,8100.0,7737.49,7980.53,33942.225658,269125728.1416496,323096,7893.62,-31.324306094074757,7873.986,9353.147
1559779200000,2019-06-06,BTCUSDT,7778.08,7868.13,7444.58,7786.7,36624.118747,282156410.54378915,371485,7980.53,-39.45053801967151,7854.3460000000005,9087.792
1559692800000,2019-06-05,BTCUSDT,7687.04,7896.7,7572.78,7776.5,48679.656455,377635818.0044095,426120,7786.7,-46.15717482876826,7813.0960000000005,8885.574
1559606400000,2019-06-04,BTCUSDT,8115.66,8115.66,7481.02,7687.03,74143.948941,582173398.3257968,645913,7776.5,-48.95304477526318,7824.875999999999,8717.096000000001
1559520000000,2019-06-03,BTCUSDT,8726.0,8800.95,8080.8,8115.82,45692.965104,387155494.9730488,431252,7687.03,-73.3670522643431,7869.316000000001,8577.5835
1559433600000,2019-06-02,BTCUSDT,8545.1,8814.78,8524.0,8725.98,27835.133265,241414596.71950516,299353,8115.82,-655.0252914009227,8018.406,8477.4075
1559347200000,2019-06-01,BTCUSDT,8555.0,8626.0,8442.36,8544.07,31868.234157,272098436.34069574,348375,8725.98,-562.747987756488,8169.88,8396.617999999999
1559260800000,2019-05-31,BTCUSDT,8267.1,8594.0,8108.5,8555.0,44727.49162,373629673.9190144,416525,8544.07,-1579.084210526313,8325.58,8348.511999999999
1559174400000,2019-05-30,BTCUSDT,8646.5,9074.26,8005.0,8269.54,70379.998521,603312537.3808434,617341,8555.0,2941.431372549029,8442.082,8299.2145
1559088000000,2019-05-29,BTCUSDT,8716.87,8750.0,8406.6,8645.68,33880.865922,292094591.01803863,352317,8269.54,362.186317658868,8548.054,8277.421
1559001600000,2019-05-28,BTCUSDT,8752.52,8798.49,8510.63,8715.64,31470.551534,273791910.6314759,349123,8645.68,234.276668993909,8545.986,8247.505
1558915200000,2019-05-27,BTCUSDT,8612.54,8908.32,8589.0,8756.32,51886.768793,452651204.9349024,478773,8715.64,244.20026629781395,8588.436,8237.6545
1558828800000,2019-05-26,BTCUSDT,8023.0,8740.0,7833.42,8614.43,49652.144567,409616322.3884788,377306,8756.32,191.52996045827825,8600.322,8227.940999999999
1558742400000,2019-05-25,BTCUSDT,7964.52,8091.8,7908.34,8025.41,28414.328817,227376280.5854076,264448,8614.43,1231.9371727748687,8551.496,8196.7115
1558656000000,2019-05-24,BTCUSDT,7849.95,8130.0,7766.0,7964.87,46664.785325,371381043.73160255,428676,8025.41,-9812.64367816108,8415.333999999999,8184.028
1558569600000,2019-05-23,BTCUSDT,7627.8,7940.98,7461.0,7851.51,49648.184701,381536239.5128484,449220,7964.87,2371.0229902792557,8242.508,8170.2215
1558483200000,2019-05-22,BTCUSDT,7904.48,8016.0,7465.0,7628.43,49136.994589,384730220.72195166,461337,7851.51,-1037.7929357736211,8016.93,8157.397999999999
1558396800000,2019-05-21,BTCUSDT,7937.16,8042.32,7771.0,7904.87,52301.752247,413637782.3697456,554038,7628.43,832.3081160484749,7875.017999999999,8153.504000000001
1558310400000,2019-05-20,BTCUSDT,8147.94,8156.03,7553.0,7938.15,65859.208564,517939277.868858,610360,7904.87,-797.8780885912075,7857.566000000001,8169.005
1558224000000,2019-05-19,BTCUSDT,7257.32,8275.09,7243.08,8148.48,65577.442058,517729474.35844094,583432,7938.15,-176.23549783549748,7894.2880000000005,8181.748
1558137600000,2019-05-18,BTCUSDT,7355.28,7458.0,7156.61,7257.45,37054.944779,271170511.0509332,379504,8148.48,-79.10338716948272,7775.476,8145.594
1558051200000,2019-05-17,BTCUSDT,7868.67,7925.0,6913.0,7355.26,88752.008159,645676487.3744029,803893,7257.45,-92.07328254455118,7720.842,8124.022
1557964800000,2019-05-16,BTCUSDT,8169.08,8320.0,7705.0,7866.59,69630.513996,557126171.2789642,666538,7355.26,-401.03486784960825,7713.186,8128.5265
1557878400000,2019-05-15,BTCUSDT,7945.26,8249.0,7850.0,8169.87,37884.327211,305196285.2755824,347533,7866.59,-324.3122254681486,7759.530000000001,8152.6685
1557792000000,2019-05-14,BTCUSDT,7795.62,8366.0,7599.56,7947.56,76583.722603,611103206.0032725,655426,8169.87,-191.79642745547363,7719.3460000000005,8144.255499999999
1557705600000,2019-05-13,BTCUSDT,6968.24,8100.0,6870.0,7790.71,85804.735333,648012612.2927012,588497,7947.56,-148.34871221300529,7825.998,8097.492
1557619200000,2019-05-12,BTCUSDT,7076.24,7521.78,6750.0,6967.31,86948.975339,619939454.4896551,647345,7790.71,-86.96816261110303,7748.408,8018.6539999999995
1557532800000,2019-05-11,BTCUSDT,6375.16,7343.99,6372.85,7076.22,74022.424393,507216001.34340405,562540,6967.31,-162.38898429186992,7590.334,7944.714999999999
1557446400000,2019-05-10,BTCUSDT,6209.95,6468.92,6172.0,6373.33,36623.61079,231801342.4320928,283074,7076.22,-96.84833557434932,7231.026,7849.9045
1557360000000,2019-05-09,BTCUSDT,5986.66,6224.55,5983.71,6209.18,27453.011436,167489934.34358987,227841,6373.33,-93.85324508472716,6883.35,7728.0795
1557273600000,2019-05-08,BTCUSDT,5846.34,6014.72,5772.2,5987.29,23074.05152,136245255.5572078,190966,6209.18,-93.92129860950313,6522.666,7591.662000000001
1557187200000,2019-05-07,BTCUSDT,5749.92,6028.41,5747.74,5846.34,39905.064422,236176663.81792104,301388,5987.29,-61.44870368661131,6298.472,7446.1630000000005
1557100800000,2019-05-06,BTCUSDT,5773.18,5805.0,5619.14,5747.79,25256.596325,144358553.85462248,230431,5846.34,-56.23093920634051,6032.786,7302.831000000001
1557014400000,2019-05-05,BTCUSDT,5829.83,5839.9,5696.0,5775.62,23822.543775,137653160.7660216,185365,5747.79,-44.2149979349814,5913.244,7190.3415
1556928000000,2019-05-04,BTCUSDT,5770.62,5900.0,5587.45,5829.45,39682.408991,228942582.4507792,283145,5775.62,-77.24019607843135,5837.298000000001,7083.5705
1556841600000,2019-05-03,BTCUSDT,5494.81,5844.0,5477.57,5772.69,46297.172849,264435878.92811015,338298,5829.45,-63.515673872245685,5794.378,6979.6295
1556755200000,2019-05-02,BTCUSDT,5383.2,5538.0,5370.0,5492.87,22795.787835,124498567.2076544,181896,5772.69,-20.804896954990458,5723.683999999999,6872.8515
1556668800000,2019-05-01,BTCUSDT,5321.94,5402.0,5316.2,5383.2,17217.473216,92194935.6047804,161488,5492.87,-6.838628183459093,5650.766,6746.768000000001
1556582400000,2019-04-30,BTCUSDT,5238.14,5339.98,5192.15,5320.81,22238.06823,117309839.23079813,180989,5383.2,-7.254972875226031,5559.804,6615.901000000001
1556496000000,2019-04-29,BTCUSDT,5309.81,5332.0,5178.8,5238.14,19918.135079,104822151.5144498,178472,5320.81,-7.465808968999866,5441.5419999999995,6470.384
1556409600000,2019-04-28,BTCUSDT,5295.69,5340.0,5259.48,5307.52,14371.433869,76277087.37424076,127730,5238.14,-15.661619843474156,5348.508,6372.8875
1556323200000,2019-04-27,BTCUSDT,5315.0,5342.5,5257.67,5295.69,15422.896935,81749716.42174439,145733,5307.52,-8.48286746081223,5309.072,6269.909000000001
1556236800000,2019-04-26,BTCUSDT,5220.47,5510.0,5161.62,5314.1,48912.294513,259659705.6513858,333183,5295.69,-15.997469860181525,5295.252,6142.2845
1556150400000,2019-04-25,BTCUSDT,5415.0,5491.84,5102.0,5219.9,49636.089948,265091565.61466023,331089,5314.1,-17.128618793466018,5275.07,5994.786
1556064000000,2019-04-24,BTCUSDT,5490.91,5582.2,5333.35,5415.0,48224.152413,262493252.9358424,339599,5219.9,-63.70022191546266,5310.442,5868.158
1555977600000,2019-04-23,BTCUSDT,5357.14,5600.0,5332.41,5493.31,41262.103917,227154061.8577141,282563,5415.0,-125.4454295668928,5347.6,5753.288
1555891200000,2019-04-22,BTCUSDT,5257.41,5400.0,5208.35,5357.14,29563.852309,156632202.9709961,210361,5493.31,-113.36490464610316,5359.889999999999,5672.7795
1555804800000,2019-04-21,BTCUSDT,5292.91,5314.35,5165.0,5256.14,25549.570939,133929931.15068737,210494,5357.14,-79.89335489335525,5348.298000000001,5581.7755
1555718400000,2019-04-20,BTCUSDT,5258.68,5333.42,5230.1,5291.73,19168.908274,101343660.15324436,157080,5256.14,-73.79119244216335,5362.664000000001,5527.6955
1555632000000,2019-04-19,BTCUSDT,5258.44,5320.0,5175.0,5258.68,24611.236323,128937309.63806376,178148,5291.73,-77.19499620629975,5331.4,5480.1705
1555545600000,2019-04-18,BTCUSDT,5202.41,5287.0,5198.8,5258.44,22619.239001,118573129.86520116,167110,5258.68,-169.2573476090946,5284.426,5443.728
1555459200000,2019-04-17,BTCUSDT,5173.72,5230.4,5146.8,5202.82,23307.536134,120972345.51821636,179490,5258.44,-219.9744982814063,5253.562,5411.552
1555372800000,2019-04-16,BTCUSDT,5024.95,5197.72,5003.94,5173.72,24242.229493,123581651.71216355,168550,5202.82,-269.7600108776943,5237.0779999999995,5382.8485
1555286400000,2019-04-15,BTCUSDT,5131.28,5167.38,4950.0,5024.95,29057.191581,147687551.9414771,204944,5173.72,-186.1203621182982,5183.722,5345.315
1555200000000,2019-04-14,BTCUSDT,5047.45,5152.99,5000.0,5131.3,18281.607739,92594930.42710131,131700,5024.95,-246.14686187719923,5158.246,5310.407499999999
1555113600000,2019-04-13,BTCUSDT,5047.0,5099.0,5004.0,5045.22,17292.456802,87375984.44461507,138674,5131.3,-173.17842456182473,5115.602000000001,5274.034
1555027200000,2019-04-12,BTCUSDT,5017.37,5080.58,4861.22,5048.01,33276.678614,166485761.0793121,226036,5045.22,-157.14232026757873,5084.64,5251.791
1554940800000,2019-04-11,BTCUSDT,5307.86,5332.67,4927.0,5017.37,54696.600686,277736905.85749793,369304,5048.01,-206.4583024737081,5053.37,5233.4995
1554854400000,2019-04-10,BTCUSDT,5150.0,5422.0,5135.0,5308.25,40073.620471,210870034.51205528,260967,5017.37,-481.4238875878221,5110.030000000001,5232.8715
1554768000000,2019-04-09,BTCUSDT,5238.38,5238.4,5076.68,5150.0,34067.012311,175633627.31637353,253381,5308.25,-126.88532230345726,5113.7699999999995,5228.4645
1554681600000,2019-04-08,BTCUSDT,5170.27,5305.0,5039.0,5236.9,50178.430782,260487077.7675668,350828,5150.0,-434.55588822355,5152.106,5224.9335
1554595200000,2019-04-07,BTCUSDT,5042.07,5234.0,5026.0,5170.27,37615.486804,192916750.5719041,274084,5236.9,-608.489577267963,5176.558,5218.6625
1554508800000,2019-04-06,BTCUSDT,5004.96,5205.0,4928.59,5043.89,41770.842313,210963411.61313188,281237,5170.27,-196.46546158812208,5181.862,5205.152
1554422400000,2019-04-05,BTCUSDT,4898.64,5028.22,4880.62,5004.95,39768.552806,197660830.71096665,292375,5043.89,-191.904780672368,5121.202,5194.4045
1554336000000,2019-04-04,BTCUSDT,4932.59,5039.08,4777.0,4898.66,61054.254168,301411332.0090243,419141,5004.95,-135.33826227138823,5070.934,5168.5875
1554249600000,2019-04-03,BTCUSDT,4857.19,5275.01,4753.5,4932.6,109890.125743,548900970.9178842,692019,4898.66,-192.75405225371975,5010.074,5140.552000000001
1554163200000,2019-04-02,BTCUSDT,4144.54,4897.99,4140.54,4857.29,105383.639263,489018726.75750667,609133,4932.6,-164.60512593622605,4947.478,5115.5595
1554076800000,2019-04-01,BTCUSDT,4102.44,4158.7,4067.0,4144.56,25507.067641,105388238.14788891,184268,4857.29,-59.16241665625472,4767.612,5059.9805
1553990400000,2019-03-31,BTCUSDT,4106.99,4116.12,4082.57,4103.95,13525.087433,55472147.12701675,124046,4144.56,-40.34749598481534,4587.411999999999,5000.5915
1553904000000,2019-03-30,BTCUSDT,4104.24,4140.0,4052.0,4106.97,19509.292601,79853835.581824,162463,4103.95,-44.500932587263605,4429.074,4943.005999999999
1553817600000,2019-03-29,BTCUSDT,4028.22,4123.71,4024.03,4103.25,30084.217444,122585822.5865048,203826,4106.97,-43.898979635039666,4263.204,4885.246499999999
1553731200000,2019-03-28,BTCUSDT,4039.58,4039.7,4002.0,4027.81,20089.293875,80822230.57984656,157060,4103.25,-41.91155665144112,4097.308,4826.496
1553644800000,2019-03-27,BTCUSDT,3948.77,4048.0,3936.15,4038.05,32364.555852,129681258.0162135,224309,4027.81,-10.557392536608477,4076.006,4769.7125
1553558400000,2019-03-26,BTCUSDT,3935.47,3958.98,3894.0,3948.55,29349.537627,115330070.99071544,192418,4038.05,-11.161513171584405,4044.9260000000004,4715.8925
1553472000000,2019-03-25,BTCUSDT,3991.35,3999.3,3888.71,3936.12,33192.890217,131507366.37512892,227739,3948.55,-3.6285920755240113,4010.756,4656.1335
1553385600000,2019-03-24,BTCUSDT,4006.01,4006.02,3950.0,3992.18,17179.850648,68524082.74695624,131087,3936.12,-8.765034929419741,3988.542,4603.4815
1553299200000,2019-03-23,BTCUSDT,3987.89,4018.83,3978.01,4006.01,17302.604318,69169819.8628637,143155,3992.18,-11.281651057925911,3984.182,4551.3814999999995
1553212800000,2019-03-22,BTCUSDT,3980.85,4008.0,3968.25,3986.93,20022.606318,79861943.8108997,153703,4006.01,-11.501738669181506,3973.958,4499.8595000000005
1553126400000,2019-03-21,BTCUSDT,4043.04,4069.32,3880.01,3980.64,35997.682119,144010401.50845116,236100,3986.93,-12.754624082264172,3980.3759999999993,4433.479
1553040000000,2019-03-20,BTCUSDT,4017.48,4050.0,3980.5,4043.04,23432.300255,94019734.23326428,175036,3980.64,-16.36202167363652,4001.7599999999998,4378.130999999999
1552953600000,2019-03-19,BTCUSDT,3987.83,4031.0,3970.0,4015.53,19893.741815,79503748.36263466,147394,4043.04,-17.29115187226776,4006.4300000000003,4317.0625
1552867200000,2019-03-18,BTCUSDT,3981.85,4037.0,3953.33,3987.81,22454.47801,89526258.38910636,157876,4015.53,-92.85486443381222,4002.79,4257.9394999999995
1552780800000,2019-03-17,BTCUSDT,4005.98,4012.0,3950.01,3981.14,18814.255577,74893913.05776027,146953,3987.81,-118.5164074586769,4001.632,4204.802
1552694400000,2019-03-16,BTCUSDT,3924.46,4056.98,3921.98,4005.98,28568.376124,114227606.40681696,216198,3981.14,-165.7292801267456,4006.7,4154.8535
1552608000000,2019-03-15,BTCUSDT,3877.12,3939.22,3872.2,3923.76,21740.061498,84919900.71744472,163866,4005.98,-93.24753468159844,3982.844,4106.1085
1552521600000,2019-03-14,BTCUSDT,3866.0,3920.0,3810.43,3877.12,27048.74853,104673038.77602254,196651,3923.76,-111.06908222178026,3955.1620000000003,4053.3344999999995
1552435200000,2019-03-13,BTCUSDT,3882.69,3893.56,3840.0,3866.0,24461.008757,94680049.46033752,186572,3877.12,-91.32810229584445,3930.8,4003.7699999999995
1552348800000,2019-03-12,BTCUSDT,3871.61,3905.2,3826.06,3882.73,26921.008622,104393849.44844826,182885,3866.0,-264.14463688848383,3911.118,3990.6785000000004
1552262400000,2019-03-11,BTCUSDT,3915.99,3936.98,3830.0,3871.61,38066.885705,147721971.09446937,209916,3882.73,-269.508603317317,3884.244,3979.0615000000007
1552176000000,2019-03-10,BTCUSDT,3943.43,3943.43,3881.69,3916.82,23187.561412,90693949.72150733,167920,3871.61,-216.30838641189135,3882.8559999999998,3969.554
1552089600000,2019-03-09,BTCUSDT,3864.88,3971.75,3854.75,3943.04,30979.747653,121353606.96803357,206869,3916.82,-278.5453390503405,3896.04,3961.5435000000007
1552003200000,2019-03-08,BTCUSDT,3873.63,3932.0,3800.0,3864.89,34730.366592,135000852.01035947,211534,3943.04,-143.72336938708636,3895.818,3953.3975000000005
1551916800000,2019-03-07,BTCUSDT,3861.84,3905.4,3840.4,3873.64,26455.257661,102585458.38333896,180520,3864.89,-172.10280373831785,3894.0,3945.1770000000006
1551830400000,2019-03-06,BTCUSDT,3857.58,3907.0,3813.09,3861.84,24775.11883,95417637.5889866,165101,3873.64,-67.19094922737312,3892.046,3940.8415
1551744000000,2019-03-05,BTCUSDT,3716.1,3877.1,3703.55,3857.73,32962.536162,124945530.76214452,202444,3861.84,-77.15462610899863,3880.228,3936.922
1551657600000,2019-03-04,BTCUSDT,3807.32,3830.0,3670.69,3715.3,34742.84166,129739738.23815794,218615,3857.73,-44.67725955010829,3834.6800000000003,3923.078
1551571200000,2019-03-03,BTCUSDT,3819.97,3835.0,3781.32,3807.75,16718.16541,63791898.99159701,127681,3715.3,-123.53653613241826,3823.2520000000004,3913.165
1551484800000,2019-03-02,BTCUSDT,3822.17,3841.31,3772.25,3819.93,19445.838355,74175357.77882297,149854,3807.75,-108.3257188927704,3812.5099999999998,3904.815
1551398400000,2019-03-01,BTCUSDT,3814.26,3857.0,3813.01,3823.0,23174.57217,88851336.5211179,179860,3819.93,-203.0666931321946,3804.7419999999997,3896.933
1551312000000,2019-02-28,BTCUSDT,3818.04,3888.0,3763.87,3813.69,32561.961044,124703738.39336836,233849,3823.0,-322.57606810657444,3795.9339999999997,3885.4655
1551225600000,2019-02-27,BTCUSDT,3809.31,3838.85,3677.17,3818.07,31500.995466,119564023.12004228,201626,3813.69,-436.031712914668,3816.4880000000003,3875.5925
1551139200000,2019-02-26,BTCUSDT,3828.44,3841.51,3777.0,3809.23,28838.748036,109932596.10609365,213897,3818.07,-261.5782312925167,3816.7840000000006,3866.6635
1551052800000,2019-02-25,BTCUSDT,3743.56,3872.66,3740.0,3827.92,38102.966245,145285565.2031707,262716,3809.23,-482.8336003662161,3818.382,3859.0025
1550966400000,2019-02-24,BTCUSDT,4118.0,4198.0,3712.66,3743.56,62224.18689,244146803.51886997,410578,3827.92,-95.65970218169198,3802.494,3845.8814999999995
1550880000000,2019-02-23,BTCUSDT,3962.0,4162.02,3933.15,4117.76,33657.942883,135782959.41827348,231563,3743.56,294.02472527472503,3863.308,3855.5815000000002
1550793600000,2019-02-22,BTCUSDT,3937.31,3988.0,3926.65,3962.0,23943.16375,94739322.74557024,179588,4117.76,529.0083410565335,3892.094,3859.8255000000004
1550707200000,2019-02-21,BTCUSDT,3969.74,4016.48,3901.03,3937.31,31103.884728,122714273.87417652,209571,3962.0,793.1050730328251,3917.7100000000005,3863.3910000000005
1550620800000,2019-02-20,BTCUSDT,3907.35,3986.98,3870.66,3969.74,36205.14085,142571564.56112987,250176,3937.31,498.05375347544214,3946.0739999999996,3867.7415
1550534400000,2019-02-19,BTCUSDT,3897.35,3994.52,3856.0,3907.79,50207.172667,197091641.04739997,332281,3969.74,1073.511785856972,3978.9199999999996,3869.5505
1550448000000,2019-02-18,BTCUSDT,3667.62,3925.0,3655.0,3898.6,64042.730492,242898012.76922593,393515,3907.79,293.1805782869618,3935.0879999999997,3868.6395
1550361600000,2019-02-17,BTCUSDT,3617.22,3700.11,3604.4,3667.58,25690.227779,93426433.13226132,179511,3898.6,-317.4359706071197,3876.204,3854.8665
1550275200000,2019-02-16,BTCUSDT,3602.49,3648.2,3597.91,3618.41,19565.992751,70894921.80761532,149393,3667.58,-214.75287812624077,3812.424,3842.5424999999996
1550188800000,2019-02-15,BTCUSDT,3590.57,3653.23,3573.45,3602.47,20777.872899,74938358.18352868,151256,3618.41,-194.84877340951337,3738.97,3828.9839999999995
1550102400000,2019-02-14,BTCUSDT,3608.34,3626.4,3568.11,3590.56,21753.501261,78367545.57945932,155215,3602.47,-192.5783175727155,3675.524,3815.4199999999996
1550016000000,2019-02-13,BTCUSDT,3631.51,3670.0,3591.75,3609.4,25773.997648,93350740.94830574,167690,3590.56,-212.8528298269997,3617.684,3803.0035000000003
1549929600000,2019-02-12,BTCUSDT,3631.05,3667.6,3582.34,3631.46,29479.59823,106766439.99436474,198996,3609.4,-262.2602238847951,3610.46,3798.8115
1549843200000,2019-02-11,BTCUSDT,3679.75,3684.9,3615.53,3631.05,24954.614571,90731831.90427426,172626,3631.46,-227.3225986691729,3612.988,3789.9764999999998
1549756800000,2019-02-10,BTCUSDT,3665.18,3684.99,3609.76,3680.06,23250.602634,84696423.96233752,171099,3631.05,-781.9527559055116,3628.506,3782.9829999999993
1549670400000,2019-02-09,BTCUSDT,3660.27,3680.02,3625.13,3665.18,24759.833719,90488500.0676624,192209,3680.06,-27.0316850059657,3643.4300000000003,3775.0919999999996
1549584000000,2019-02-08,BTCUSDT,3398.4,3733.58,3373.1,3659.04,47968.058013,170118212.46197885,277242,3665.18,-40.381568523897414,3653.358,3767.3595
1549497600000,2019-02-07,BTCUSDT,3407.0,3426.45,3390.0,3398.4,18665.538638,63611505.78657223,148209,3659.04,-22.701378708875268,3606.746,3746.376
1549411200000,2019-02-06,BTCUSDT,3471.57,3482.72,3380.0,3405.37,35310.244846,120500703.0051573,207024,3398.4,-17.166043552988228,3561.6099999999997,3726.183
1549324800000,2019-02-05,BTCUSDT,3463.22,3478.97,3448.43,3471.59,25264.41503,87491347.06381486,162066,3405.37,-37.39110499770749,3519.9159999999997,3708.3665
1549238400000,2019-02-04,BTCUSDT,3458.11,3484.88,3433.31,3463.22,23131.981108,80024258.22766612,155686,3471.59,-37.46152786071934,3479.524,3694.3495000000003
1549152000000,2019-02-03,BTCUSDT,3504.06,3511.09,3426.0,3458.11,19867.33639,68801620.06241606,138592,3463.22,-77.86317849811434,3439.3379999999997,3661.3669999999997
1549065600000,2019-02-02,BTCUSDT,3462.2,3526.4,3440.29,3504.77,17920.802,62134037.97539881,153234,3458.11,-184.5828933474129,3460.612,3638.5055
1548979200000,2019-02-01,BTCUSDT,3434.1,3488.0,3401.2,3462.07,25260.476159,87075914.2326683,167520,3504.77,-149.40170940170964,3471.952,3614.7434999999996
1548892800000,2019-01-31,BTCUSDT,3457.5,3489.2,3418.8,3434.1,29607.190253,101928346.97699684,198100,3462.07,-134.0662150070304,3464.454,3587.9615
1548806400000,2019-01-30,BTCUSDT,3410.04,3478.0,3387.1,3458.18,23968.260243,82521122.86191754,180820,3434.1,-142.176960719481,3463.446,3565.4809999999998
1548720000000,2019-01-29,BTCUSDT,3434.0,3443.45,3349.92,3411.04,29544.928977,100542807.46479908,189650,3458.18,-87.53289175210938,3454.032,3541.103
1548633600000,2019-01-28,BTCUSDT,3550.05,3557.75,3380.27,3434.15,40405.111401,139258708.7643088,260799,3411.04,-109.72574911122376,3439.9080000000004,3529.4314999999997
1548547200000,2019-01-27,BTCUSDT,3565.62,3579.0,3486.0,3550.84,22735.598162,80743416.84653682,163855,3434.15,-219.57127379662623,3457.6620000000003,3526.053
1548460800000,2019-01-26,BTCUSDT,3566.69,3662.94,3545.0,3565.25,19476.532344,69841766.64693148,135369,3550.84,-298.3488441909339,3483.892,3524.192
1548374400000,2019-01-25,BTCUSDT,3569.07,3587.15,3522.51,3565.29,17608.346671,62634926.45524528,153413,3565.25,-318.05866666666657,3505.314,3522.9285000000004
1548288000000,2019-01-24,BTCUSDT,3552.97,3589.0,3529.22,3569.62,20826.25118,74037052.86632736,162159,3565.29,176.6791262702956,3537.0299999999997,3520.9394999999995
1548201600000,2019-01-23,BTCUSDT,3570.41,3607.98,3514.5,3552.82,24938.842698,88816396.34583545,192892,3569.62,200.43404543913152,3560.764,3517.0075000000006
1548115200000,2019-01-22,BTCUSDT,3526.88,3608.5,3434.85,3570.93,29336.442967,103804480.11605988,195484,3552.82,249.0738876585466,3564.782,3514.0015
1548028800000,2019-01-21,BTCUSDT,3539.26,3559.51,3475.5,3526.9,19644.436839,69316548.76685554,160825,3570.93,388.55213567838905,3557.1119999999996,3506.3435000000004
1547942400000,2019-01-20,BTCUSDT,3665.75,3693.73,3475.0,3539.28,27901.938598,99767239.95381454,204941,3526.9,320.08131082912314,3551.91,3500.0485
1547856000000,2019-01-19,BTCUSDT,3594.87,3720.0,3594.23,3665.3,22171.578123,81354185.90325992,175054,3539.28,211.28138042733391,3571.046,3500.3615000000004
1547769600000,2019-01-18,BTCUSDT,3613.32,3620.0,3565.75,3594.87,22713.446755,81699723.54479145,177567,3665.3,255.39909638554235,3579.4559999999997,3510.185
1547683200000,2019-01-17,BTCUSDT,3591.84,3634.7,3530.39,3616.21,29755.440838,106709136.97324342,217797,3594.87,197.96276975454367,3588.512,3520.727
1547596800000,2019-01-16,BTCUSDT,3553.06,3645.0,3543.51,3591.84,27480.179977,98504455.20666537,205159,3616.21,251.70582073918828,3601.5,3526.7395000000006
1547510400000,2019-01-15,BTCUSDT,3626.08,3648.42,3516.62,3553.06,34137.997459,122785440.2288754,231684,3591.84,236.88917053936055,3604.256,3531.2315000000003
1547424000000,2019-01-14,BTCUSDT,3477.56,3671.87,3467.02,3626.09,35235.211215,125631820.06705056,229452,3553.06,201.2868604772324,3596.4139999999998,3539.6305
1547337600000,2019-01-13,BTCUSDT,3584.1,3611.1,3441.3,3476.81,26385.757454,92882249.46737902,183113,3626.09,-364.25773335134267,3572.8019999999997,3538.2324999999996
1547251200000,2019-01-12,BTCUSDT,3601.31,3618.19,3530.0,3583.13,21999.928354,78908770.67658037,175679,3476.81,2022.2035794183355,3566.186,3544.2855000000004
1547164800000,2019-01-11,BTCUSDT,3585.88,3658.0,3465.0,3601.31,38338.654733,137560743.6248598,264996,3583.13,1054.1643531371474,3568.0800000000004,3552.6459999999997
1547078400000,2019-01-10,BTCUSDT,3966.06,3996.01,3540.0,3585.88,59402.22851,221789348.03469807,374760,3601.31,2308.610086100831,3574.6440000000002,3559.0310000000004
1546992000000,2019-01-09,BTCUSDT,3955.45,4006.81,3930.04,3966.65,28989.439511,115218950.31554872,209240,3585.88,182.71995747045895,3642.756,3586.8115
1546905600000,2019-01-08,BTCUSDT,3976.76,4069.8,3903.0,3955.13,38901.423122,154778846.54236615,242898,3966.65,192.09786569495049,3738.4199999999996,3612.8605000000002
1546819200000,2019-01-07,BTCUSDT,3987.62,4017.9,3921.53,3975.45,31869.846264,126830380.4928724,221219,3955.13,169.06922305205674,3816.8840000000005,3634.0910000000003
1546732800000,2019-01-06,BTCUSDT,3771.12,4027.71,3740.0,3987.6,36553.806709,142198812.18914708,240496,3975.45,169.10465738758046,3894.142,3655.2085000000006
1546646400000,2019-01-05,BTCUSDT,3790.09,3840.99,3751.0,3770.96,30490.667751,115893501.27515878,203673,3987.6,598.2491008896473,3931.1580000000004,3665.4919999999997
1546560000000,2019-01-04,BTCUSDT,3767.2,3823.64,3703.57,3792.01,29519.554671,111034550.64066195,192232,3770.96,331.3178451861617,3896.2300000000005,3676.6115000000004
1546473600000,2019-01-03,BTCUSDT,3857.57,3862.74,3730.0,3766.78,29406.948359,111657372.69526468,199812,3792.01,419.6187819618778,3858.56,3687.3095000000003
1546387200000,2019-01-02,BTCUSDT,3796.45,3882.14,3750.45,3858.56,35156.463369,133876627.2465106,218538,3766.78,271.2957408518299,3835.182,3701.6910000000003
1546300800000,2019-01-01,BTCUSDT,3701.23,3810.16,3642.0,3797.14,23741.687033,88149249.09230462,154227,3858.56,296.4601769911505,3797.09,3715.203
1546214400000,2018-12-31,BTCUSDT,3803.12,3810.0,3630.33,3702.9,29991.77835,111847216.11708207,190308,3797.14,846.9860695221972,3783.478,3723.3839999999996
1546128000000,2018-12-30,BTCUSDT,3696.71,3903.5,3657.9,3801.91,33222.369262,124966229.52022897,218929,3702.9,230.56905567517677,3785.458,3730.2144999999996
1546041600000,2018-12-29,BTCUSDT,3839.0,3892.0,3670.0,3695.32,38874.373903,148205200.1077372,244844,3801.91,573.3666102148136,3771.166,3735.237
1545955200000,2018-12-28,BTCUSDT,3567.89,3887.25,3540.04,3839.26,45964.304987,170638519.2472785,251040,3695.32,323.1855431813401,3767.3059999999996,3746.3895
1545868800000,2018-12-27,BTCUSDT,3777.74,3813.98,3535.0,3567.91,44097.392912,161915849.87310502,262733,3839.26,-4279.465776293754,3721.46,3745.193
1545782400000,2018-12-26,BTCUSDT,3745.56,3837.15,3656.74,3777.74,42629.375817,159705204.50415567,267746,3567.91,-316.5952040654272,3736.428,3756.4269999999997
1545696000000,2018-12-25,BTCUSDT,4010.11,4020.0,3646.41,3745.79,62725.629432,235584302.95256105,356377,3777.74,-285.697907709945,3725.204,3762.4120000000003
1545609600000,2018-12-24,BTCUSDT,3929.71,4198.0,3924.83,4008.01,64647.809129,264628967.06591076,400403,3745.79,2579.791154791121,3787.7419999999997,3788.972
1545523200000,2018-12-23,BTCUSDT,3948.91,4021.53,3870.0,3929.71,40117.531529,158756356.8176238,258417,4008.01,-1430.0051822421872,3805.832,3806.3010000000004
1545436800000,2018-12-22,BTCUSDT,3840.25,3979.0,3785.0,3948.91,42822.350872,165085567.58556616,249148,3929.71,475.9932565327345,3882.032,3823.6809999999996
1545350400000,2018-12-21,BTCUSDT,4051.86,4139.99,3764.0,3838.66,82343.850112,325803279.9626696,436187,3948.91,1770.589496248674,3894.2160000000003,3836.3199999999997
1545264000000,2018-12-20,BTCUSDT,3660.01,4120.0,3635.0,4049.62,101543.835986,399967057.78281647,500506,3838.66,366.61716871729624,3954.982,3840.4685
1545177600000,2018-12-19,BTCUSDT,3653.0,3912.73,3622.55,3662.22,94137.341014,352638213.53853136,434026,4049.62,-481.3894265050417,3885.8239999999996,3825.8229999999994
1545091200000,2018-12-18,BTCUSDT,3509.03,3678.59,3424.47,3652.98,61369.615257,216563775.02523196,296433,3662.22,-655.6326304106555,3830.478,3809.6995
1545004800000,2018-12-17,BTCUSDT,3229.22,3585.0,3216.0,3509.08,66761.751697,228756567.64954677,283814,3652.98,-487.648333505314,3742.512,3785.7735000000002
1544918400000,2018-12-16,BTCUSDT,3211.71,3294.0,3186.0,3228.67,24628.808538,80068159.40481837,125565,3509.08,-147.60833158886336,3620.514,3758.6590000000006
1544832000000,2018-12-15,BTCUSDT,3225.19,3276.5,3156.26,3211.72,29796.041436,95588793.64058843,139806,3228.67,-174.96898263027288,3452.9339999999997,3729.6445
1544745600000,2018-12-14,BTCUSDT,3302.06,3335.39,3177.0,3224.17,44492.983807,145101409.49359843,184525,3211.72,-116.18787494513,3365.3239999999996,3702.514
1544659200000,2018-12-13,BTCUSDT,3446.38,3460.0,3255.5,3302.06,40040.917013,134817053.72748312,160471,3224.17,-298.1192401730301,3295.1400000000003,3674.689
1544572800000,2018-12-12,BTCUSDT,3379.23,3492.0,3350.0,3445.0,33922.931286,116227185.79240072,152067,3302.06,-218.0861934242954,3282.3239999999996,3657.082
1544486400000,2018-12-11,BTCUSDT,3434.01,3480.0,3324.32,3380.39,35920.864154,121841475.29281934,162266,3445.0,-198.59332238642585,3312.668,3640.9565000000002
1544400000000,2018-12-10,BTCUSDT,3548.49,3610.0,3370.11,3432.88,40989.244553,142507933.07357892,192599,3380.39,-89.70667501260587,3356.9,3622.505
1544313600000,2018-12-09,BTCUSDT,3411.36,3658.0,3394.04,3545.37,45956.893296,161618597.82859048,194567,3432.88,-163.5062704896705,3421.1400000000003,3615.0074999999997
1544227200000,2018-12-08,BTCUSDT,3403.57,3495.0,3222.0,3410.93,55365.949949,187909876.24894735,253650,3545.37,-113.24212796014729,3442.9139999999998,3593.5909999999994
1544140800000,2018-12-07,BTCUSDT,3508.75,3549.99,3224.6,3403.55,95145.457442,322364604.2802089,413521,3410.93,-140.01516857806087,3434.624,3585.3729999999996
1544054400000,2018-12-06,BTCUSDT,3768.44,3899.99,3500.0,3508.75,68378.796943,254722331.4949405,293512,3403.55,-93.0833656886128,3460.296,3571.9235
1543968000000,2018-12-05,BTCUSDT,3950.98,3970.0,3745.0,3769.84,44004.799448,169404368.19157183,199011,3508.75,710.416279501949,3527.6879999999996,3573.1259999999993
1543881600000,2018-12-04,BTCUSDT,3884.76,4085.0,3781.0,3951.64,48489.551613,191673423.70626593,220815,3769.84,316.86533181544246,3608.942,3570.3075
1543795200000,2018-12-03,BTCUSDT,4160.55,4179.0,3827.0,3884.01,49094.369163,195055919.54337287,207134,3951.64,252.40711599498553,3703.558,3568.0225
1543708800000,2018-12-02,BTCUSDT,4190.98,4312.99,4103.04,4161.01,38912.15479,162917339.00647366,178087,3884.01,131.2128622605487,3855.05,3578.6275
1543622400000,2018-12-01,BTCUSDT,4041.27,4299.99,3963.01,4190.02,44840.073481,186157614.3155972,205472,4161.01,128.0139016661555,3991.304,3596.1955000000003
1543536000000,2018-11-30,BTCUSDT,4295.72,4341.36,3943.0,4041.32,67758.446283,278810574.935784,288098,4190.02,151.73591139937585,4045.6,3595.7805
1543449600000,2018-11-29,BTCUSDT,4262.06,4450.38,4125.65,4295.84,73980.198669,316809038.40988266,316601,4041.32,142.54060254784758,4114.4400000000005,3627.4615000000003
1543363200000,2018-11-28,BTCUSDT,3875.63,4394.47,3874.27,4264.85,91983.567949,382697308.297627,386714,4295.84,155.3454900286637,4190.608,3658.0549999999994
1543276800000,2018-11-27,BTCUSDT,3864.45,3940.0,3689.12,3875.21,67480.607212,257593168.12182525,288731,4264.85,257.38652439270834,4133.448,3676.3615
1543190400000,2018-11-26,BTCUSDT,4088.69,4206.0,3701.0,3862.2,94503.750767,373225761.8074076,413329,3875.21,284.42886425044276,4067.8840000000005,3708.0379999999996
1543104000000,2018-11-25,BTCUSDT,3933.68,4233.0,3652.66,4085.78,101693.975588,398253568.5292384,428171,3862.2,246.51653374289884,4076.7760000000003,3751.7409999999995
1543017600000,2018-11-24,BTCUSDT,4415.63,4527.0,3824.69,3932.44,61693.111006,258702927.69916424,275070,4085.78,255.45051868612293,4004.096,3787.1544999999996
1542931200000,2018-11-23,BTCUSDT,4370.9,4484.0,4222.94,4420.61,49371.920322,215283656.11539477,227935,3932.44,178.9835407940535,4035.2479999999996,3843.082
1542844800000,2018-11-22,BTCUSDT,4661.08,4721.77,4335.0,4370.0,34531.119143,157459733.72414753,180335,4420.61,199.14891146589255,4134.206,3889.332
1542758400000,2018-11-21,BTCUSDT,4559.91,4787.2,4413.85,4661.07,61071.829475,281264433.4846592,301920,4370.0,195.81365079721292,4293.9800000000005,3953.3660000000004
1542672000000,2018-11-20,BTCUSDT,4913.4,5048.24,4326.0,4558.86,117380.95159,548036628.7293574,596769,4661.07,257.4602285827213,4388.596,4009.6649999999995
1542585600000,2018-11-19,BTCUSDT,5661.94,5664.0,4855.0,4910.03,70580.892856,368688743.45440894,378495,4558.86,186.59675249995135,4584.114,4077.8979999999997
1542499200000,2018-11-18,BTCUSDT,5630.49,5738.17,5617.0,5662.0,23844.999347,134893236.9862243,154817,4910.03,159.19426511835525,4832.392,4190.4515
1542412800000,2018-11-17,BTCUSDT,5650.57,5656.6,5565.43,5628.29,26411.241413,148072393.10210443,171403,5662.0,164.11939343794978,5084.049999999999,4301.6885
1542326400000,2018-11-16,BTCUSDT,5757.09,5782.89,5549.25,5655.94,38721.802274,219097215.966752,221493,5628.29,147.90662818495997,5283.024,4409.048000000001
1542240000000,2018-11-15,BTCUSDT,5917.2,5939.54,5403.42,5753.4,47700.829401,270133503.66131264,303825,5655.94,153.06882735530615,5521.932,4508.226000000001
1542153600000,2018-11-14,BTCUSDT,6458.98,6482.84,5656.87,5922.41,46478.964003,279632622.8943677,319011,5753.4,144.7959651535993,5724.407999999999,4606.7645
1542067200000,2018-11-13,BTCUSDT,6451.68,6498.0,6391.15,6457.66,11790.564933,76142983.15196352,150940,5922.41,113.66454335998762,5883.54,4735.447
1541980800000,2018-11-12,BTCUSDT,6450.71,6497.0,6421.0,6453.07,10132.782567,65390882.14088421,123144,6457.66,113.29514796188153,6048.496,4850.05
1541894400000,2018-11-11,BTCUSDT,6435.16,6462.14,6355.0,6449.81,8213.507117,52709099.31784609,98435,6453.07,114.70878119144,6207.27,4963.0395
1541808000000,2018-11-10,BTCUSDT,6419.99,6475.55,6411.0,6433.05,7714.829926,49745307.64123968,97746,6449.81,108.44353977629456,6343.2,5082.626
1541721600000,2018-11-09,BTCUSDT,6479.84,6511.53,6391.01,6419.99,11787.616583,75997777.50255908,117043,6433.05,111.21347617761504,6442.716,5188.8335
1541635200000,2018-11-08,BTCUSDT,6578.46,6594.0,6468.22,6479.84,13259.789282,86450363.67835227,145405,6419.99,108.22763811473855,6447.152,5299.5830000000005
1541548800000,2018-11-07,BTCUSDT,6522.73,6615.15,6509.0,6578.46,14271.591117,93820576.63463956,151060,6479.84,109.05345287082964,6472.2300000000005,5434.7455
1541462400000,2018-11-06,BTCUSDT,6468.99,6531.31,6445.18,6519.11,11926.565699,77336101.18719475,150475,6578.46,106.66904731539348,6486.089999999999,5567.591
1541376000000,2018-11-05,BTCUSDT,6485.85,6504.39,6431.02,6468.99,8987.882156,58127213.13931594,114235,6519.11,111.60068250628626,6493.278,5686.7515
1541289600000,2018-11-04,BTCUSDT,6388.0,6525.0,6359.0,6485.85,10592.394943,68169573.18695,126200,6468.99,121.9518116161923,6506.45,5814.4220000000005
1541203200000,2018-11-03,BTCUSDT,6432.8,6439.97,6345.0,6387.09,7661.241476,48934237.93991929,83836,6485.85,132.40643120716928,6487.9,5912.746
1541116800000,2018-11-02,BTCUSDT,6410.0,6460.34,6388.2,6433.98,9739.440679,62589428.22024873,109482,6387.09,131.60505886586816,6459.003999999999,6015.945
1541030400000,2018-11-01,BTCUSDT,6369.52,6442.65,6348.66,6410.0,9099.035841,58031686.8315247,89601,6433.98,141.10265001522998,6437.181999999999,6103.3915
1540944000000,2018-10-31,BTCUSDT,6330.01,6428.0,6245.02,6371.93,12148.888216,76970488.28166042,111552,6410.0,168.5064068339561,6417.7699999999995,6194.045
1540857600000,2018-10-30,BTCUSDT,6344.5,6395.0,6317.01,6330.87,8877.175385,56393439.18288881,95116,6371.93,-175.26618818518835,6386.774,6265.0869999999995
1540771200000,2018-10-29,BTCUSDT,6489.93,6505.01,6315.0,6344.5,13827.224067,88484721.03624511,135586,6330.87,-217.2331214884415,6378.255999999999,6299.2119999999995
1540684800000,2018-10-28,BTCUSDT,6505.6,6514.17,6453.0,6489.93,5743.933728,37298357.26271342,71647,6344.5,950.348953140582,6389.446000000001,6342.294
1540598400000,2018-10-27,BTCUSDT,6538.63,6558.35,6463.04,6505.6,7776.907864,50667220.04441258,86848,6489.93,547.139903514817,6408.566000000001,6384.777
1540512000000,2018-10-26,BTCUSDT,6528.13,6600.0,6515.01,6538.63,9443.504156,61792487.79642334,77985,6505.6,362.4241402562367,6441.906000000001,6424.038500000001
1540425600000,2018-10-25,BTCUSDT,6566.81,6575.09,6502.8,6528.09,10342.701244,67691945.44596253,75563,6538.63,767.1088082901556,6481.35,6454.3225
1540339200000,2018-10-24,BTCUSDT,6553.51,6630.0,6547.53,6565.5,11951.543977,78795617.02141578,90762,6528.09,-2383.641975308631,6525.55,6459.7145
1540252800000,2018-10-23,BTCUSDT,6581.2,6595.0,6515.45,6553.51,13856.601756,90969791.0251596,86938,6565.5,898.0232558139394,6538.2660000000005,6464.736500000001
1540166400000,2018-10-22,BTCUSDT,6590.12,6639.0,6535.27,6581.2,16213.69266,106815019.55165032,101673,6553.51,299.9821762766238,6553.386,6471.3060000000005
1540080000000,2018-10-21,BTCUSDT,6585.72,6663.9,6580.0,6590.11,6515.357792,43146401.58918715,68018,6581.2,315.2311528870144,6563.682000000001,6479.159000000001
1539993600000,2018-10-20,BTCUSDT,6528.88,6617.65,6505.55,6588.4,19240.722247,126325797.49570584,110809,6590.11,163.26064278972717,6575.744000000001,6487.5795
1539907200000,2018-10-19,BTCUSDT,6618.96,6648.14,6523.0,6528.88,20772.60077,136686215.6690547,112337,6588.4,296.912539515277,6568.42,6490.0315
1539820800000,2018-10-18,BTCUSDT,6739.01,6796.0,6567.0,6618.96,20116.521941,134777360.1544343,138002,6528.88,177.9527182235832,6581.509999999999,6492.0565
1539734400000,2018-10-17,BTCUSDT,6762.76,6811.12,6676.01,6740.89,26641.431379,179641733.16423723,158746,6618.96,133.83022549869895,6613.447999999999,6503.1455
1539648000000,2018-10-16,BTCUSDT,6752.5,6900.0,6670.0,6759.27,27557.957764,186122772.22286084,175075,6740.89,119.55182072829112,6647.280000000001,6517.6595
1539561600000,2018-10-15,BTCUSDT,6339.34,7680.0,6300.0,6752.5,90748.031246,627984505.5555727,456913,6759.27,122.18872549019602,6680.1,6530.992
1539475200000,2018-10-14,BTCUSDT,6332.92,6416.0,6308.0,6339.34,15627.411314,99527294.08483064,96113,6752.5,-234.47772096420695,6642.192,6528.6044999999995
1539388800000,2018-10-13,BTCUSDT,6298.0,6345.0,6285.07,6332.93,19098.070025,120728650.99596693,108981,6339.34,-195.4190073550699,6584.986,6523.552000000001
1539302400000,2018-10-12,BTCUSDT,6252.71,6360.0,6209.0,6298.01,29004.071419,183030273.0112748,148077,6332.93,-126.50652481090506,6496.41,6517.9525
1539216000000,2018-10-11,BTCUSDT,6630.21,6633.92,6205.0,6252.68,48712.400332,308153124.4458242,253224,6298.01,-110.52612468683044,6395.092,6511.99
1539129600000,2018-10-10,BTCUSDT,6656.67,6659.95,6530.0,6631.0,15390.661444,101609680.88217255,99789,6252.68,985.2061068702284,6370.7919999999995,6526.9965
1539043200000,2018-10-09,BTCUSDT,6673.01,6685.38,6607.0,6656.61,15354.779469,102115186.42882323,101956,6631.0,650.7468477206619,6434.246,6542.602000000001
1538956800000,2018-10-08,BTCUSDT,6615.26,6715.6,6587.0,6673.01,23123.419541,153704602.4302414,135156,6656.61,718.4729332316709,6502.262,6551.755999999999
1538870400000,2018-10-07,BTCUSDT,6596.44,6640.0,6525.0,6615.26,17406.831762,114489082.7536428,82844,6673.01,2587.3558648110743,6565.7119999999995,6557.239
1538784000000,2018-10-06,BTCUSDT,6635.65,6651.0,6566.77,6594.27,10939.505391,72247942.41429408,62065,6615.26,11085.51959113987,6634.030000000001,6560.021000000001
1538697600000,2018-10-05,BTCUSDT,6591.69,6697.0,6543.08,6635.65,16096.552392,106264514.65757656,86701,6594.27,648.2157909525166,6634.960000000001,6565.399
1538611200000,2018-10-04,BTCUSDT,6510.01,6643.46,6505.09,6593.79,20074.300818,132348680.67600606,96824,6635.65,-2391.8156535558105,6622.396000000001,6566.813499999999
1538524800000,2018-10-03,BTCUSDT,6525.79,6549.0,6430.0,6510.0,28451.969138,184622957.0249073,150607,6593.79,-207.9301832041225,6589.794,6564.637999999999
1538438400000,2018-10-02,BTCUSDT,6610.0,6640.0,6494.0,6525.79,28245.810088,185725492.2802391,147274,6510.0,-204.51430529381452,6571.9,6561.8675
1538352000000,2018-10-01,BTCUSDT,6626.57,6667.09,6510.0,6611.61,20621.506894,136115256.9683068,129733,6525.79,-399.8296543402637,6575.3679999999995,6562.9425
1538265600000,2018-09-30,BTCUSDT,6597.66,6662.0,6533.0,6626.57,27764.724519,183438992.37719536,153447,6611.61,201.32994464366527,6573.551999999999,6564.851
1538179200000,2018-09-29,BTCUSDT,6634.58,6636.0,6464.57,6596.38,30255.9597,198424303.60660568,171027,6626.57,219.5027519453404,6574.07,6568.226
1538092800000,2018-09-28,BTCUSDT,6689.12,6814.8,6540.88,6634.58,42399.448523,283144987.50423056,211849,6596.38,183.1654633508629,6598.986,6569.0070000000005
1538006400000,2018-09-27,BTCUSDT,6467.84,6750.0,6434.0,6689.13,33087.428297,216914853.24175173,182590,6634.58,153.7472791843279,6631.6539999999995,6566.419
1537920000000,2018-09-26,BTCUSDT,6445.11,6557.99,6379.7,6465.12,33484.54207,216859675.30134344,184238,6689.13,-176.45888594164393,6602.356,6551.711499999999
1537833600000,2018-09-25,BTCUSDT,6581.42,6584.01,6325.02,6447.54,40301.029452,258927200.8310643,219965,6465.12,-127.75625388625812,6566.55,6536.4635
1537747200000,2018-09-24,BTCUSDT,6706.81,6730.0,6557.0,6581.39,35305.73991,234355999.54311827,185297,6447.54,-419.722767954595,6563.552000000001,6548.566000000001
1537660800000,2018-09-23,BTCUSDT,6723.05,6788.23,6661.75,6708.0,30286.229773,203479219.38640648,168354,6581.39,551.1753288764287,6578.236,6567.3195
1537574400000,2018-09-22,BTCUSDT,6759.01,6839.03,6627.0,6723.05,29349.690667,197210670.89197847,145720,6708.0,408.6115856499458,6585.0199999999995,6588.5715
1537488000000,2018-09-21,BTCUSDT,6492.0,6784.86,6491.0,6759.02,51779.343463,345746941.9999864,292494,6723.05,422.14476777174104,6643.8,6613.888499999999
1537401600000,2018-09-20,BTCUSDT,6392.0,6540.0,6325.0,6492.0,25189.024728,161844271.63360685,153686,6759.02,-511.6416150898913,6652.692,6606.938499999999
1537315200000,2018-09-19,BTCUSDT,6336.39,6517.7,6123.0,6391.89,39044.080082,247455364.5237956,198215,6492.0,-440.94488188976504,6614.7919999999995,6593.702499999999
1537228800000,2018-09-18,BTCUSDT,6248.69,6390.0,6224.98,6336.45,32620.86667,205736329.40707865,169055,6391.89,-266.7212422097812,6540.482,6576.8745
1537142400000,2018-09-17,BTCUSDT,6500.08,6533.84,6201.0,6248.69,35987.254738,228970700.75042212,196924,6336.45,-115.50479444505686,6445.610000000001,6558.546
1537056000000,2018-09-16,BTCUSDT,6514.96,6524.62,6370.0,6505.0,27568.132897,178614079.15149954,145921,6248.69,-543.3412848564632,6394.806,6554.0824999999995
1536969600000,2018-09-15,BTCUSDT,6476.63,6565.45,6466.13,6514.96,25243.656612,164557841.0798692,141362,6505.0,-823.5077376565969,6399.398,6548.048000000001
1536883200000,2018-09-14,BTCUSDT,6487.39,6584.99,6385.62,6476.63,37173.339277,241466662.64800572,198375,6514.96,-400.31655587211264,6416.346,6542.1900000000005
1536796800000,2018-09-13,BTCUSDT,6338.62,6535.0,6337.4,6487.38,40465.063107,260985165.19184464,215637,6476.63,-291.69764560099173,6446.532,6541.058999999999
1536710400000,2018-09-12,BTCUSDT,6293.0,6360.0,6192.37,6338.62,31433.645939,197398009.0125667,165590,6487.38,-465.2173913043485,6464.518000000001,6531.700500000001
1536624000000,2018-09-11,BTCUSDT,6311.99,6404.0,6169.68,6294.91,33104.88859,208346648.80045933,173335,6338.62,-385.57295420297464,6422.5,6515.8655
1536537600000,2018-09-10,BTCUSDT,6252.26,6373.98,6221.0,6312.0,32439.456432,204178349.9698747,165286,6294.91,-175.1141467760497,6381.908,6500.137
1536451200000,2018-09-09,BTCUSDT,6185.06,6441.0,6141.53,6250.81,37053.92382,233583450.10542047,176709,6312.0,-75.48940265535145,6336.744000000001,6482.8585
1536364800000,2018-09-08,BTCUSDT,6395.54,6478.0,6111.0,6185.05,38215.032171,241711345.37120345,180831,6250.81,-61.35315985130126,6276.278,6460.3820000000005
1536278400000,2018-09-07,BTCUSDT,6516.84,6544.0,6320.0,6395.54,38906.28805,250716129.90518975,194451,6185.05,-138.82469461868592,6287.661999999999,6445.7025
1536192000000,2018-09-06,BTCUSDT,6697.27,6725.0,6265.0,6516.01,60644.464227,390391932.2091176,280845,6395.54,2603.3735943356824,6331.8820000000005,6448.247
1536105600000,2018-09-05,BTCUSDT,7359.05,7397.3,6682.0,6700.0,63715.256267,449463489.0579976,308813,6516.01,262.5880367401257,6409.482000000001,6460.87
1536019200000,2018-09-04,BTCUSDT,7263.0,7410.0,7227.17,7359.06,35300.640518,258978411.271086,183178,6700.0,143.5659733427211,6631.1320000000005,6499.753500000001
1535932800000,2018-09-03,BTCUSDT,7302.0,7338.28,7191.63,7263.02,32396.018371,235393601.4251404,173846,7359.06,144.73790580974628,6846.726,6527.5045
1535846400000,2018-09-02,BTCUSDT,7201.57,7345.45,7127.0,7302.01,39814.840352,288526018.71327895,210282,7263.02,156.93655035695912,7028.020000000001,6556.452499999999
1535760000000,2018-09-01,BTCUSDT,7011.21,7275.0,7008.74,7200.01,40323.414093,287299347.7691456,217286,7302.01,181.1313042843588,7164.82,6578.502
1535673600000,2018-08-31,BTCUSDT,6984.84,7089.0,6888.0,7011.21,40467.400638,282722730.06131953,203142,7200.01,232.11493134797416,7227.062,6604.4625
1535587200000,2018-08-30,BTCUSDT,7033.21,7063.63,6784.81,6984.84,44716.77462,309357226.58362526,230848,7011.21,247.27415269569417,7152.218000000001,6634.109999999999
1535500800000,2018-08-29,BTCUSDT,7077.0,7133.81,6912.34,7031.22,43252.487392,304565438.4850058,223772,6984.84,184.30118394455667,7105.858,6668.8485
1535414400000,2018-08-28,BTCUSDT,6907.26,7135.0,6860.0,7076.11,48352.917163,338220284.29016566,252033,7031.22,169.14490527393752,7060.678,6710.219499999999
1535328000000,2018-08-27,BTCUSDT,6700.0,6940.51,6646.5,6908.64,37747.078747,254214730.3171242,205441,7076.11,218.60250737463107,7002.4039999999995,6730.4015
1535241600000,2018-08-26,BTCUSDT,6733.64,6775.27,6568.0,6700.0,20107.297208,134117930.3957502,130769,6908.64,290.3604265455599,6940.161999999999,6739.6535
1535155200000,2018-08-25,BTCUSDT,6686.98,6789.0,6650.61,6733.64,19220.505929,129083702.47542232,122483,6700.0,243.88158734209512,6889.9220000000005,6752.503999999999
1535068800000,2018-08-24,BTCUSDT,6525.0,6725.0,6440.5,6681.64,38305.675322,251513064.47447148,180167,6733.64,394.0650122334845,6820.005999999999,6762.217
1534982400000,2018-08-23,BTCUSDT,6362.57,6576.99,6342.28,6525.01,40358.166825,259786384.55491504,187637,6681.64,11188.333333333425,6709.786,6771.5365
1534896000000,2018-08-22,BTCUSDT,6479.98,6882.54,6251.2,6360.89,77909.391359,512501182.2029021,326562,6525.01,-242.6823154728557,6600.236,6774.835499999999
1534809600000,2018-08-21,BTCUSDT,6251.0,6500.0,6235.08,6480.0,41569.947408,265458342.7817206,180578,6360.89,-32.194616977225564,6556.236,6783.2355
1534723200000,2018-08-20,BTCUSDT,6477.53,6530.0,6220.0,6254.84,49435.55526,317617945.7492608,237055,6480.0,-28.071376143148967,6460.476000000001,6783.437
1534636800000,2018-08-19,BTCUSDT,6387.96,6541.0,6300.0,6477.53,45190.847994,289271954.5532653,190758,6254.84,-56.6065883951095,6419.654,6798.061
1534550400000,2018-08-18,BTCUSDT,6579.04,6620.0,6288.0,6387.96,53742.322172,345964004.3657212,276121,6477.53,-57.47306200357107,6392.244000000001,6797.682000000001
1534464000000,2018-08-17,BTCUSDT,6316.0,6585.0,6285.4,6584.49,57851.610803,374472431.7235812,296730,6387.96,-155.4274465691785,6436.964,6801.106
1534377600000,2018-08-16,BTCUSDT,6265.27,6480.0,6205.6,6311.75,48515.254618,307755605.1624039,228942,6584.49,-98.5365998603454,6403.314,6781.693499999999
1534291200000,2018-08-15,BTCUSDT,6188.08,6609.0,6172.11,6267.16,68806.687026,439109005.4034304,329413,6311.75,-80.73449729078848,6405.778,6727.0985
1534204800000,2018-08-14,BTCUSDT,6248.25,6250.33,5880.0,6188.08,50186.745091,303179556.3624503,252004,6267.16,-64.40886006103392,6347.888,6673.3515
1534118400000,2018-08-13,BTCUSDT,6308.56,6545.0,6145.04,6246.35,53895.828783,341552293.0073,239602,6188.08,-95.16073019372178,6319.566000000001,6620.568499999999
1534032000000,2018-08-12,BTCUSDT,6222.55,6472.3,6130.0,6308.33,38567.770712,243227298.87942725,190399,6246.35,-176.73551714453475,6264.334,6575.9845000000005
1533945600000,2018-08-11,BTCUSDT,6148.13,6488.0,5971.0,6232.35,47133.418555,291056267.0892287,236173,6308.33,-131.37704721817695,6248.454,6537.0415
1533859200000,2018-08-10,BTCUSDT,6529.79,6575.88,6026.39,6144.01,59034.974902,374699380.94849145,289661,6232.35,-122.49688447445251,6223.824,6495.0
1533772800000,2018-08-09,BTCUSDT,6283.27,6622.81,6178.6,6529.79,51941.185111,332880900.89059937,248573,6144.01,21848.535564855072,6292.166,6469.9285
1533686400000,2018-08-08,BTCUSDT,6720.63,6721.54,6123.0,6285.0,59550.536319,382460776.49398136,305603,6529.79,-1376.149690341276,6299.896,6430.373
1533600000000,2018-08-07,BTCUSDT,6935.0,7150.46,6670.0,6720.06,45438.473501,316365882.1031662,247202,6285.0,566.6541697908849,6382.242,6420.944
1533513600000,2018-08-06,BTCUSDT,7024.19,7160.0,6821.0,6934.82,32760.191643,229071781.11536673,177378,6720.06,231.63475396335184,6522.736,6432.6849999999995
1533427200000,2018-08-05,BTCUSDT,7009.84,7089.87,6882.29,7024.19,32894.849782,229992627.52322164,148658,6934.82,263.73797241429764,6698.772,6447.2125
1533340800000,2018-08-04,BTCUSDT,7412.27,7494.81,6926.0,7009.84,36288.42601,262282965.4857332,199335,7024.19,231.83733196114983,6794.782000000001,6463.6224999999995
1533254400000,2018-08-03,BTCUSDT,7525.71,7540.0,7282.44,7418.78,44669.486047,330599837.7285522,226727,7009.84,198.27158422131384,7021.5380000000005,6508.311
1533168000000,2018-08-02,BTCUSDT,7600.08,7709.46,7455.72,7525.71,37665.696684,285656680.7015636,175627,7418.78,145.06985403143423,7182.668,6566.552000000001
1533081600000,2018-08-01,BTCUSDT,7735.67,7750.0,7430.0,7604.58,42582.312932,322252070.44348675,208008,7525.71,137.5753316086195,7316.62,6622.781
1532995200000,2018-07-31,BTCUSDT,8171.4,8180.0,7633.0,7730.93,48296.915587,379841367.2024023,239132,7604.58,127.4466085491136,7457.967999999999,6696.585499999999
1532908800000,2018-07-30,BTCUSDT,8210.99,8273.0,7866.0,8173.92,39692.416542,321599782.180698,206911,7730.93,121.96859258029536,7690.784,6781.405000000001
1532822400000,2018-07-29,BTCUSDT,8225.04,8294.51,8115.0,8211.0,25531.226185,209564023.05224952,144331,8173.92,122.25609275386688,7849.228,6872.557000000001
1532736000000,2018-07-28,BTCUSDT,8188.57,8246.54,8067.0,8225.04,26215.173839,214357817.0314018,144170,8211.0,117.43773492113672,7989.094,6954.5845
1532649600000,2018-07-27,BTCUSDT,7920.0,8285.0,7805.0,8188.57,43671.005891,350881696.75270694,227397,8225.04,114.45836757052864,8105.892,7048.4255
1532563200000,2018-07-26,BTCUSDT,8175.63,8315.69,7850.06,7920.0,43223.481682,352101207.6799552,235681,8188.57,140.58235806101237,8143.706,7131.0675
1532476800000,2018-07-25,BTCUSDT,8397.24,8491.77,8050.0,8175.64,48257.649124,398119757.80385005,277935,7920.0,116.8932213430373,8144.05,7230.4455
1532390400000,2018-07-24,BTCUSDT,7721.65,8486.0,7696.0,8397.24,60121.163749,487117211.68189824,326329,8175.64,119.04327502116652,8181.298000000001,7337.99
1532304000000,2018-07-23,BTCUSDT,7394.78,7833.0,7375.0,7721.01,41646.346671,320156546.58240986,219776,8397.24,226.6385988119919,8080.492,7408.624000000001
1532217600000,2018-07-22,BTCUSDT,7399.25,7582.4,7335.5,7394.79,30270.21844,225619234.83744207,144711,7721.01,456.6756610901236,7921.736,7466.746000000001
1532131200000,2018-07-21,BTCUSDT,7337.47,7458.47,7211.0,7398.78,28886.490291,212126417.2287315,164901,7394.79,436.1675322671882,7817.492,7529.4845000000005
1532044800000,2018-07-20,BTCUSDT,7468.86,7700.0,7273.0,7337.53,46140.313447,342862693.0959096,251391,7398.78,-1584.6030769230815,7649.87,7569.871499999999
1531958400000,2018-07-19,BTCUSDT,7381.88,7576.28,7270.0,7466.21,41218.256437,305198281.13948625,235597,7337.53,-2200.403361344538,7463.664,7628.931999999999
1531872000000,2018-07-18,BTCUSDT,7317.44,7588.08,7225.38,7381.9,59487.64345,440669913.2083524,327949,7466.21,-552.5282917190583,7395.842,7662.023999999999
1531785600000,2018-07-17,BTCUSDT,6723.33,7468.99,6652.04,7317.44,52105.423459,364669305.0369064,276178,7381.9,-267.00041113448907,7380.372,7681.154999999999
1531699200000,2018-07-16,BTCUSDT,6354.15,6747.3,6330.4,6723.35,36204.87708,237104112.45049536,201733,7317.44,-45.570361995629355,7245.286,7666.113
1531612800000,2018-07-15,BTCUSDT,6250.9,6395.0,6225.4,6353.01,22979.211508,145409822.7448766,114997,6723.35,-33.581989138800594,7048.382,7633.2715
1531526400000,2018-07-14,BTCUSDT,6214.57,6335.0,6178.0,6251.99,17783.071999,110959488.24719918,108052,6353.01,-30.912039735434973,6805.5380000000005,7574.931999999999
1531440000000,2018-07-13,BTCUSDT,6251.4,6350.0,6110.0,6214.57,26375.325286,164467999.80925834,144757,6251.99,-30.89716312056737,6572.072,7509.375
1531353600000,2018-07-12,BTCUSDT,6378.07,6380.28,6070.0,6250.57,31306.663348,194325733.7875043,150985,6214.57,-38.690451231857566,6358.697999999999,7441.674500000001
1531267200000,2018-07-11,BTCUSDT,6296.91,6406.0,6278.99,6378.07,28715.498487,182357469.02807087,151869,6250.57,-28.803885245080806,6289.642,7374.031499999999
1531180800000,2018-07-10,BTCUSDT,6662.78,6681.0,6263.0,6296.91,38560.672702,249099760.1897497,189913,6378.07,-14.101117443449368,6278.422,7280.181
1531094400000,2018-07-09,BTCUSDT,6712.1,6802.06,6612.24,6662.12,26732.40655,179250573.66648534,147315,6296.91,-62.45974558263842,6360.447999999999,7202.736999999999
1531008000000,2018-07-08,BTCUSDT,6753.48,6780.0,6667.44,6712.1,24622.947794,165941351.79836008,145349,6662.12,-104.19956349148237,6459.954,7127.089999999999
1530921600000,2018-07-07,BTCUSDT,6609.79,6818.16,6508.88,6756.98,23973.876886,158034155.17779145,145449,6712.1,-117.20941103147392,6561.236,7055.510499999999
1530835200000,2018-07-06,BTCUSDT,6529.2,6648.54,6425.0,6609.78,29397.094748,192230903.67599213,193854,6756.98,-103.3665407076606,6607.5779999999995,6989.9995
1530748800000,2018-07-05,BTCUSDT,6585.53,6712.0,6453.33,6529.2,35071.972898,230809190.30740517,216533,6609.78,-66.54891623355135,6654.036,6907.6775
1530662400000,2018-07-04,BTCUSDT,6511.01,6784.92,6441.11,6586.98,23571.892777,156277884.33011597,146203,6529.2,-85.71302772606037,6639.007999999999,6817.164500000001
1530576000000,2018-07-03,BTCUSDT,6615.29,6679.35,6463.01,6513.86,38657.781691,254550438.13768885,232914,6586.98,-84.78931780283222,6599.359999999999,6756.807000000001
1530489600000,2018-07-02,BTCUSDT,6360.82,6685.0,6271.62,6615.29,36230.452264,235524330.64865333,242589,6513.86,-724.3938552655909,6571.022,6717.831999999999
1530403200000,2018-07-01,BTCUSDT,6391.08,6441.06,6251.0,6356.81,27562.965974,175096501.49486908,183060,6615.29,20599.47368420905,6520.428,6665.733499999999
1530316800000,2018-06-30,BTCUSDT,6197.92,6528.99,6186.03,6390.07,37919.61284,241568568.0310778,230915,6356.81,590.9907300115872,6492.602,6618.3605
1530230400000,2018-06-29,BTCUSDT,5851.01,6300.0,5780.0,6197.92,33911.287278,201409363.91549844,212542,6390.07,-4901.141141141249,6414.79,6554.946000000001
1530144000000,2018-06-28,BTCUSDT,6134.73,6173.01,5827.0,5853.98,30585.266026,185247010.87925187,156241,6197.92,-196.68675458281825,6282.814,6478.55
1530057600000,2018-06-27,BTCUSDT,6065.89,6190.43,5971.0,6133.73,19225.671098,117103011.80356832,99481,5853.98,-381.5543914217886,6186.5019999999995,6419.3645
1529971200000,2018-06-26,BTCUSDT,6252.0,6272.54,6035.0,6070.78,19377.240484,119676555.56449406,113431,6133.73,-412.2805465882452,6129.296,6386.736
1529884800000,2018-06-25,BTCUSDT,6137.95,6350.0,6061.97,6252.0,39164.515306,242859915.8036461,218384,6070.78,-182.4587925485223,6101.682,6381.6855
1529798400000,2018-06-24,BTCUSDT,6149.98,6259.8,5750.0,6136.97,47445.998955,284095336.0578902,275996,6252.0,-121.41950515535598,6089.492,6375.9345
1529712000000,2018-06-23,BTCUSDT,6045.92,6260.0,6008.48,6149.98,26622.788589,162755765.84514263,170164,6136.97,-109.79406919275104,6148.692,6372.705
1529625600000,2018-06-22,BTCUSDT,6717.69,6733.97,5918.94,6045.0,52157.370833,327460666.9145165,300515,6149.98,-118.00169977690412,6130.946,6362.4265
1529539200000,2018-06-21,BTCUSDT,6763.21,6795.0,6672.57,6718.84,25428.854048,171149859.23602843,159783,6045.0,706.754904028684,6260.558,6379.464999999999
1529452800000,2018-06-20,BTCUSDT,6740.0,6817.23,6551.81,6761.51,26359.752452,175935335.65057912,166074,6718.84,759.2849366870993,6362.46,6402.695
1529366400000,2018-06-19,BTCUSDT,6711.39,6841.74,6653.0,6741.21,24311.421143,163420093.794135,160490,6761.51,582.8810204530444,6483.308,6406.6494999999995
1529280000000,2018-06-18,BTCUSDT,6444.06,6794.38,6380.0,6712.46,31821.434995,208570443.95997888,180773,6741.21,1259.3907584645438,6595.803999999999,6406.6675
1529193600000,2018-06-17,BTCUSDT,6482.5,6589.03,6422.0,6449.61,19847.247688,129120718.76299886,129759,6712.46,1318.6961206896658,6676.726,6391.299
1529107200000,2018-06-16,BTCUSDT,6380.01,6560.0,6320.86,6483.98,22277.241147,143760033.69408152,140470,6449.61,1304.291342775,6629.753999999999,6385.009
1529020800000,2018-06-15,BTCUSDT,6638.67,6666.66,6362.31,6388.9,30018.329905,196192096.14553955,184938,6483.98,641.3551157189241,6555.232000000001,6377.994000000001
1528934400000,2018-06-14,BTCUSDT,6292.78,6720.0,6260.0,6635.98,44478.130837,289074808.78413,256384,6388.9,188.2276214833759,6534.186,6380.444
1528848000000,2018-06-13,BTCUSDT,6530.0,6627.6,6118.68,6292.78,46185.5181,295395681.6623412,266517,6635.98,749.5693178245817,6450.249999999999,6369.39
1528761600000,2018-06-12,BTCUSDT,6872.0,6890.51,6435.0,6530.0,36722.211191,245787800.8012235,224658,6292.78,311.2691084883061,6466.3279999999995,6365.1255
1528675200000,2018-06-11,BTCUSDT,6765.0,6922.0,6610.0,6872.0,34552.162303,233056682.85777128,203442,6530.0,256.48225806451615,6543.931999999999,6390.885
1528588800000,2018-06-10,BTCUSDT,7491.73,7491.73,6622.81,6764.99,52342.020032,367338754.56308055,471088,6872.0,253.20690423871864,6619.15,6409.630999999999
1528502400000,2018-06-09,BTCUSDT,7603.44,7683.98,7450.0,7491.73,19339.885176,147171153.412775,278971,6764.99,171.71008011924727,6790.3,6474.3215
1528416000000,2018-06-08,BTCUSDT,7691.08,7703.5,7531.0,7603.44,23396.804671,178204158.39968467,321734,7491.73,155.00308000308004,7052.432000000001,6561.794499999999
1528329600000,2018-06-07,BTCUSDT,7658.79,7765.0,7620.0,7691.08,25062.227202,192949056.8419996,244186,7603.44,188.1665020982474,7284.647999999999,6639.661999999999
1528243200000,2018-06-06,BTCUSDT,7626.64,7699.0,7467.05,7658.84,27229.991898,207006657.7801965,257573,7691.08,199.1196103997415,7442.0160000000005,6719.065
1528156800000,2018-06-05,BTCUSDT,7487.0,7679.49,7358.0,7625.0,31722.973384,237722147.65258065,236865,7658.84,202.17019880288308,7614.017999999999,6787.714999999999
1528070400000,2018-06-04,BTCUSDT,7714.26,7760.52,7446.5,7487.0,32258.835115,244167051.18701583,307003,7625.0,230.68660107935037,7613.072,6855.2164999999995
1527984000000,2018-06-03,BTCUSDT,7636.81,7786.69,7600.0,7714.26,27505.158951,211737376.85348508,349636,7487.0,159.2551298778318,7635.236,6933.4304999999995
1527897600000,2018-06-02,BTCUSDT,7521.01,7697.33,7437.0,7640.03,26720.690219,203370447.69065264,290131,7714.26,171.24259331343802,7625.026,7013.182000000001
1527811200000,2018-06-01,BTCUSDT,7485.01,7608.55,7355.54,7521.01,28259.124078,211458512.1230823,303069,7640.03,174.8637499889586,7597.460000000001,7053.2905
1527724800000,2018-05-31,BTCUSDT,7382.07,7699.0,7327.51,7485.01,30776.063102,231017579.83413267,274399,7521.01,204.06463846978312,7569.462000000001,7089.4655
1527638400000,2018-05-30,BTCUSDT,7467.98,7569.0,7260.5,7375.96,32041.583623,237956894.04949045,242079,7485.01,159.95217784671064,7547.254000000001,7121.2029999999995
1527552000000,2018-05-29,BTCUSDT,7099.0,7540.0,7032.95,7461.29,39407.21183,288070643.9128678,237359,7375.96,169.73015924148228,7496.660000000001,7158.6445
1527465600000,2018-05-28,BTCUSDT,7338.99,7437.0,7058.02,7099.0,27219.438963,196788994.26580808,233392,7461.29,545.6740088105728,7388.454000000001,7191.114
1527379200000,2018-05-27,BTCUSDT,7334.0,7400.0,7231.11,7338.99,18706.945515,136710618.49801704,198341,7099.0,257.60801393728224,7352.05,7233.864499999999
1527292800000,2018-05-26,BTCUSDT,7456.99,7620.0,7300.0,7333.96,19464.086071,145636226.4590289,212344,7338.99,-476.5988464220085,7321.839999999999,7281.1174999999985
1527206400000,2018-05-25,BTCUSDT,7578.99,7649.55,7308.15,7457.0,26739.95664,199749585.9695036,239025,7333.96,-521.2100518983898,7338.048000000001,7322.1685
1527120000000,2018-05-24,BTCUSDT,7501.95,7730.73,7266.99,7575.01,37845.446595,284286378.50810045,253694,7457.0,-683.7511846299664,7360.7919999999995,7386.280000000001
1527033600000,2018-05-23,BTCUSDT,7977.12,8031.9,7425.0,7501.95,42910.666774,331238049.64074606,306812,7575.01,-505.8512333482047,7441.3820000000005,7434.8775000000005
1526947200000,2018-05-22,BTCUSDT,8386.89,8400.18,7935.11,7977.11,23710.902858,194335432.4375409,192154,7501.95,360.3390985771496,7569.005999999999,7490.133
1526860800000,2018-05-21,BTCUSDT,8526.97,8595.31,8305.0,8381.24,21516.596486,181750674.82134953,184158,7977.11,187.0772946859904,7778.4619999999995,7570.9455
1526774400000,2018-05-20,BTCUSDT,8233.49,8609.0,8163.9,8526.98,19957.057109,167440553.7493928,161265,8381.24,195.8115956294912,7992.4580000000005,7622.7080000000005
1526688000000,2018-05-19,BTCUSDT,8238.01,8390.8,8095.73,8233.49,17193.424276,141878775.40909585,134185,8526.98,268.1562363091025,8124.1539999999995,7654.210500000001
1526601600000,2018-05-18,BTCUSDT,8038.82,8273.21,7911.9,8239.81,23476.158251,189870380.85778692,183913,8233.49,222.2760155815249,8271.725999999999,7681.647
1526515200000,2018-05-17,BTCUSDT,8330.0,8464.0,7979.0,8041.46,25439.844799,209489039.34104192,310780,8239.81,287.1273250067391,8284.596,7700.778
1526428800000,2018-05-16,BTCUSDT,8462.0,8488.0,8083.01,8330.0,31130.718908,257056552.43007565,300842,8041.46,197.7128841558005,8274.348000000002,7736.028
1526342400000,2018-05-15,BTCUSDT,8663.37,8859.99,8401.3,8462.0,28126.956136,242341031.0616692,360379,8330.0,193.1558593398686,8261.351999999999,7784.778
1526256000000,2018-05-14,BTCUSDT,8679.71,8879.99,8277.0,8663.34,37389.666533,320583612.23009104,292731,8462.0,136.4326169502793,8347.322,7832.231999999999
1526169600000,2018-05-13,BTCUSDT,8475.44,8763.36,8298.0,8679.71,25632.869362,219455683.08035553,215590,8663.34,142.50924876185928,8435.302,7884.2159999999985
1526083200000,2018-05-12,BTCUSDT,8405.94,8646.88,8153.0,8465.94,40241.32081,337899865.8601308,310305,8679.71,168.7883178148022,8520.198,7931.4625
1525996800000,2018-05-11,BTCUSDT,9002.21,9016.8,8341.0,8400.0,48227.048061,418859806.4816156,365538,8465.94,189.56627783669128,8534.198,7977.2119999999995
1525910400000,2018-05-10,BTCUSDT,9310.0,9395.12,8970.0,9002.2,25055.063718,231595002.59561664,221075,8400.0,159.17992698939864,8642.238000000001,8058.524
1525824000000,2018-05-09,BTCUSDT,9178.0,9390.0,8965.0,9310.0,25673.524899,235736782.28825977,192337,9002.2,142.6730455463067,8771.57,8150.9595
1525737600000,2018-05-08,BTCUSDT,9365.0,9475.7,9060.54,9187.56,25533.831889,236418155.68693513,189159,9310.0,173.85600396546732,8873.14,8255.3875
1525651200000,2018-05-07,BTCUSDT,9661.02,9689.67,9181.0,9365.0,33787.640012,316015961.44182944,230754,9187.56,190.87480686346248,9052.952,8356.688
1525564800000,2018-05-06,BTCUSDT,9863.99,9970.0,9417.03,9659.01,27690.351559,267359420.30359015,229309,9365.0,178.97228872026346,9304.753999999999,8472.9405
1525478400000,2018-05-05,BTCUSDT,9714.0,10020.0,9682.0,9864.0,24990.018345,246807563.50646487,212076,9659.01,136.8289676236269,9477.114,8593.2905
1525392000000,2018-05-04,BTCUSDT,9750.0,9830.04,9520.85,9713.99,28681.588879,277565997.63316435,210165,9864.0,150.910336593903,9557.912,8700.2395
1525305600000,2018-05-03,BTCUSDT,9247.81,9844.0,9168.4,9750.0,38768.388288,366028365.2271445,282581,9713.99,132.31765132803446,9670.4,8812.642
1525219200000,2018-05-02,BTCUSDT,9071.48,9268.0,8970.2,9247.84,26123.543961,238421833.7581133,188258,9750.0,214.8696940643249,9646.968,8876.1785
1525132800000,2018-05-01,BTCUSDT,9246.01,9248.99,8800.49,9071.48,41018.463633,368688349.6216845,268741,9247.84,301.92295071208264,9529.462,8910.6905
1525046400000,2018-04-30,BTCUSDT,9417.04,9458.64,9124.99,9246.01,35002.033875,325019389.2499412,285951,9071.48,311.2138946573533,9405.864,8946.642
1524960000000,2018-04-29,BTCUSDT,9348.0,9570.51,9163.74,9419.0,38149.850035,357004895.9636862,311494,9246.01,266.4678272396487,9346.866,9005.9175
1524873600000,2018-04-28,BTCUSDT,8915.35,9427.48,8870.0,9348.0,34759.62842,321653866.2001887,257288,9419.0,223.33741468834347,9266.466,9061.327
1524787200000,2018-04-27,BTCUSDT,9267.03,9395.0,8889.0,8915.35,37241.347036,342805674.55176014,268471,9348.0,382.25865916367513,9199.967999999999,9105.021499999999
1524700800000,2018-04-26,BTCUSDT,8869.99,9307.48,8651.62,9266.0,43300.304245,385046648.1378661,285850,8915.35,651.4101592115252,9238.872,9151.8215
1524614400000,2018-04-25,BTCUSDT,9618.96,9759.82,8730.0,8869.99,81110.037589,745137762.9688668,477363,9266.0,-320.58816845071715,9163.668000000001,9172.221
1524528000000,2018-04-24,BTCUSDT,8934.0,9731.01,8922.0,9619.99,46268.790106,431210048.0625035,326608,8869.99,499.6461855097933,9203.866,9220.0535
1524441600000,2018-04-23,BTCUSDT,8785.7,8985.0,8745.0,8934.01,25838.114709,229754640.59668773,190944,9619.99,-460.1452469894899,9121.068000000001,9232.7685
1524355200000,2018-04-22,BTCUSDT,8915.31,9020.67,8727.68,8787.02,29458.25348,261804372.9093471,229871,8934.01,-193.7143774584571,9095.402,9248.8225
1524268800000,2018-04-21,BTCUSDT,8852.12,9035.0,8565.0,8915.31,40872.229909,358915978.10403395,295374,8787.02,-169.96806122126287,9025.264,9274.588
1524182400000,2018-04-20,BTCUSDT,8273.84,8930.0,8177.09,8856.98,39795.337485,337288580.42571294,289687,8915.31,-188.1506633528196,9022.662,9267.327
1524096000000,2018-04-19,BTCUSDT,8173.99,8296.0,8080.0,8278.0,27113.847464,222675105.7884542,196821,8856.98,-107.09646739130427,8754.264,9215.726999999999
1524009600000,2018-04-18,BTCUSDT,7890.96,8236.43,7868.0,8173.0,26969.04457,217649160.11017892,183472,8278.0,-146.66927170555604,8602.062,9164.999
1523923200000,2018-04-17,BTCUSDT,8064.92,8173.7,7825.4,7885.02,32152.603567,258221765.57371348,221228,8173.0,-132.8708932454529,8421.662,9091.0
1523836800000,2018-04-16,BTCUSDT,8355.07,8419.0,7867.0,8064.92,36664.069715,295817536.4749528,226748,7885.02,-133.92967513059952,8251.584,9011.295499999998
1523750400000,2018-04-15,BTCUSDT,8004.0,8429.54,7999.02,8355.0,27946.720444,230287099.58430216,181778,8064.92,-159.67293233082688,8151.188,8935.8455
1523664000000,2018-04-14,BTCUSDT,7877.48,8186.0,7810.0,7999.01,31621.286357,252868761.32061628,194500,8355.0,-125.9401478142906,8095.389999999999,8850.0965
1523577600000,2018-04-13,BTCUSDT,7922.99,8233.39,7732.0,7877.41,55044.523148,439884522.7119489,351905,7999.01,-163.68190839547538,8036.272,8756.467
1523491200000,2018-04-12,BTCUSDT,6953.78,8012.23,6743.2,7923.0,64861.595987,485176252.48933566,404588,7877.41,-103.78704393149656,8043.8679999999995,8690.225
1523404800000,2018-04-11,BTCUSDT,6839.56,6990.0,6787.0,6953.79,23997.871177,165264003.41270605,155607,7923.0,-72.74084124830387,7821.642,8584.3405
1523318400000,2018-04-10,BTCUSDT,6781.55,6890.0,6656.0,6843.9,22326.728095,151417844.2663968,147755,6953.79,-23.19305209845497,7519.4220000000005,8464.235
1523232000000,2018-04-09,BTCUSDT,7011.04,7185.0,6611.0,6782.72,34078.297206,234309953.7503344,212669,6843.9,-29.92901933258645,7276.164,8332.421
1523145600000,2018-04-08,BTCUSDT,6895.81,7109.13,6880.0,7018.0,21427.673165,149967346.66269,152461,6782.72,-49.696442097884585,7104.282000000001,8215.921
1523059200000,2018-04-07,BTCUSDT,6601.39,7070.0,6586.28,6895.8,32269.578267,222323863.54144785,178577,7018.0,-37.17981094423894,6898.842,8114.943499999999
1522972800000,2018-04-06,BTCUSDT,6770.0,6850.0,6500.0,6601.39,27455.01192,182139799.80865908,162456,6895.8,-33.28840791101217,6828.361999999999,7981.713000000001
1522886400000,2018-04-05,BTCUSDT,6796.1,6902.0,6566.69,6770.76,39029.73146,263446941.1321242,238476,6601.39,-61.05331599479837,6813.7339999999995,7876.751500000001
1522800000000,2018-04-04,BTCUSDT,7405.21,7427.52,6707.0,6796.1,42227.183804,297443582.7461225,277249,6770.76,-68.67310625317742,6816.410000000001,7735.556999999999
1522713600000,2018-04-03,BTCUSDT,7063.97,7520.0,7011.01,7405.21,37787.331811,277080072.7617128,248143,6796.1,-324.017840395156,6893.852000000001,7659.117000000001
1522627200000,2018-04-02,BTCUSDT,6813.01,7125.0,6765.0,7056.0,32123.560072,224322159.41331607,206780,7405.21,-136.26154700075318,6925.892,7572.566000000001
1522540800000,2018-04-01,BTCUSDT,6922.0,7049.98,6430.0,6813.01,44071.430463,297470498.81956285,260942,7056.0,-70.34351714343154,6968.216,7467.450999999999
1522454400000,2018-03-31,BTCUSDT,6840.24,7223.36,6777.0,6923.91,36868.539087,258341534.47236213,240293,6813.01,-111.20732955073932,6998.8460000000005,7370.797499999999
1522368000000,2018-03-30,BTCUSDT,7090.16,7292.43,6600.1,6840.23,65306.031976,450352009.170998,400057,6923.91,-115.27314448793832,7007.6720000000005,7298.9090000000015
1522281600000,2018-03-29,BTCUSDT,7949.3,7975.0,6941.11,7090.14,54620.915125,405591158.6323181,359537,6840.23,-168.08467209374925,6944.658,7244.765999999999
1522195200000,2018-03-28,BTCUSDT,7795.51,8109.0,7728.0,7949.3,26401.33167,209186093.18317956,183620,7090.14,226.92589727878163,7123.317999999999,7247.9800000000005
1522108800000,2018-03-27,BTCUSDT,8134.22,8215.94,7730.0,7795.51,37427.64805,297609656.4404365,266540,7949.3,237.3945208646398,7319.818000000001,7234.5095
1522022400000,2018-03-26,BTCUSDT,8470.14,8514.89,7831.0,8134.23,44033.59566,358429758.8731952,310462,7795.51,192.213894088834,7561.8820000000005,7223.4710000000005
1521936000000,2018-03-25,BTCUSDT,8531.25,8669.85,8365.77,8470.15,29001.769316,247023172.30795503,215660,8134.23,185.823089901181,7887.866,7247.028
1521849600000,2018-03-24,BTCUSDT,8898.04,8999.95,8491.0,8546.86,35466.609572,313254829.9051367,270300,8470.15,168.08232287136747,8179.210000000001,7280.5005
1521763200000,2018-03-23,BTCUSDT,8720.0,8909.0,8269.0,8898.03,39991.007666,340755592.544531,278571,8546.86,136.1253831684548,8368.956,7329.252
1521676800000,2018-03-22,BTCUSDT,8884.82,9100.0,8465.1,8722.9,40617.556809,354804129.3433086,276449,8898.03,151.4717182169312,8554.434,7417.7074999999995
1521590400000,2018-03-21,BTCUSDT,8909.96,9177.01,8750.6,8885.0,39972.405371,358157473.3612324,293696,8722.9,148.10187179855433,8704.588,7519.7625
1521504000000,2018-03-20,BTCUSDT,8595.01,9050.0,8280.0,8909.98,44865.105835,387879393.4706143,298261,8885.0,166.77432431534396,8792.554,7626.1255
1521417600000,2018-03-19,BTCUSDT,8189.0,8705.23,8088.4,8600.0,55297.084942,462654338.98212785,360414,8909.98,162.53691709844563,8803.182,7705.2255000000005
1521331200000,2018-03-18,BTCUSDT,7824.01,8317.4,7322.0,8189.99,59488.231711,458311733.5188204,423336,8600.0,182.25173931357037,8661.574,7769.935
1521244800000,2018-03-17,BTCUSDT,8260.0,8348.62,7721.99,7824.8,33110.206329,265973111.6176285,292041,8189.99,266.25559169265955,8481.954,7831.1055
1521158400000,2018-03-16,BTCUSDT,8240.98,8611.64,7900.0,8260.0,38815.409893,322355002.16519487,255807,7824.8,199.60063954020725,8356.954000000002,7905.567499999999
1521072000000,2018-03-15,BTCUSDT,8184.01,8430.0,7650.0,8240.98,52291.022277,422130717.47310126,400529,8260.0,224.52817072746876,8223.154,7977.811500000001
1520985600000,2018-03-14,BTCUSDT,9151.92,9333.78,7900.28,8170.0,49708.094108,426058009.75594646,399127,8240.98,781.5133665609434,8137.154,8016.0509999999995
1520899200000,2018-03-13,BTCUSDT,9131.34,9474.0,8823.0,9150.0,40191.409358,367353984.7132836,342734,8170.0,199.6913967618809,8329.155999999999,8120.750999999999
1520812800000,2018-03-12,BTCUSDT,9533.57,9888.88,8780.0,9131.34,42230.77793,395562731.86503726,336642,9150.0,237.29377902137173,8590.464,8236.6675
1520726400000,2018-03-11,BTCUSDT,8770.22,9740.0,8450.0,9533.57,44325.973386,403491260.9275316,333367,9131.34,228.73276786218057,8845.178,8367.1505
1520640000000,2018-03-10,BTCUSDT,9230.0,9490.0,8667.07,8770.22,37180.012857,341210248.41481787,288066,9533.57,1054.656160458459,8951.026000000002,8463.65
1520553600000,2018-03-09,BTCUSDT,9267.07,9410.0,8329.0,9227.0,64112.291407,567082901.1319405,462712,8770.22,748.180685168862,9162.426000000001,8570.493
1520467200000,2018-03-08,BTCUSDT,9910.0,10099.0,9060.0,9271.64,41109.473226,394641280.63843673,336514,9227.0,456.66982541823097,9186.754,8636.609999999999
1520380800000,2018-03-07,BTCUSDT,10716.48,10899.0,9389.31,9910.0,50647.67108,514808033.4879209,396721,9271.64,290.9453658536584,9342.486,8742.3345
1520294400000,2018-03-06,BTCUSDT,11455.0,11455.0,10555.48,10716.48,29515.572363,323842216.64859617,250306,9910.0,208.3415444229172,9579.068,8871.447
1520208000000,2018-03-05,BTCUSDT,11515.0,11710.0,11415.01,11454.0,15144.231063,174866951.39806527,164318,10716.48,157.7158374211633,10115.823999999999,9020.639500000001
1520121600000,2018-03-04,BTCUSDT,11464.47,11565.0,11050.02,11515.0,17295.918653,194849579.12502077,168359,11454.0,137.20891064989277,10573.423999999999,9169.0465
1520035200000,2018-03-03,BTCUSDT,11038.99,11544.0,11015.01,11464.48,21287.15328,241749497.9024717,190444,11515.0,125.34645902936523,11011.992,9297.369
1519948800000,2018-03-02,BTCUSDT,10923.36,11200.0,10770.0,11039.0,23910.71009,262936307.0078576,211691,11464.48,148.50701691255847,11237.792,9413.174
1519862400000,2018-03-01,BTCUSDT,10325.64,11060.41,10240.0,10920.0,25092.55393,268172535.3811293,230428,11039.0,154.04924188695864,11278.496000000001,9514.924
1519776000000,2018-02-28,BTCUSDT,10584.33,11098.0,10300.0,10326.76,30800.983782,327914696.13067526,277886,10920.0,191.35230623713343,11053.048,9585.762999999999
1519689600000,2018-02-27,BTCUSDT,10321.0,10870.0,10121.0,10569.04,30705.385123,324295371.1414657,240542,10326.76,238.843866275792,10863.856,9684.215
1519603200000,2018-02-26,BTCUSDT,9590.0,10444.32,9350.0,10324.0,34878.292756,347559259.73845184,285276,10569.04,284.17906192879786,10635.76,9790.9155
1519516800000,2018-02-25,BTCUSDT,9694.51,9847.0,9274.8,9590.0,28373.517586,271286599.1260862,233567,10324.0,5293.390040758409,10345.960000000001,9879.175500000001
1519430400000,2018-02-24,BTCUSDT,10131.04,10496.97,9352.0,9694.51,40888.156299,405618586.64803785,337918,9590.0,334.4805201830593,10100.862,9950.901000000002
1519344000000,2018-02-23,BTCUSDT,9815.55,10435.0,9570.19,10131.04,57202.70237,571800753.4709765,467480,9694.51,339.7327551878234,10061.718,10045.403999999999
1519257600000,2018-02-22,BTCUSDT,10439.02,10933.44,9679.0,9811.04,67060.166483,682006373.869588,506273,10131.04,561.1197626992941,9910.118,10127.456
1519171200000,2018-02-21,BTCUSDT,11195.07,11304.03,10200.0,10437.6,68113.818754,731537130.492186,542340,9811.04,571.4329037149352,9932.838,10191.836
1519084800000,2018-02-20,BTCUSDT,11147.11,11786.01,11100.59,11200.99,48153.354288,551573232.2429588,432197,10437.6,613.359889372768,10255.036,10295.3185
1518998400000,2018-02-19,BTCUSDT,10375.01,11250.0,10270.33,11153.0,40831.417131,443766562.68306607,366882,11200.99,-742.2823920265782,10546.734,10376.289999999999
1518912000000,2018-02-18,BTCUSDT,11039.55,11274.0,10080.0,10383.43,61137.380728,649423311.3100228,537534,11153.0,-192.05793720229417,10597.212000000001,10456.9505
1518825600000,2018-02-17,BTCUSDT,10156.07,11075.07,10050.0,11039.55,41882.108407,446012696.1692673,413585,10383.43,-665.8484926929139,10842.914,10547.578
1518739200000,2018-02-16,BTCUSDT,10000.89,10323.37,9666.0,10159.98,38161.205974,381103299.2238848,405310,11039.55,-321.8800482355349,10787.390000000001,10591.995
1518652800000,2018-02-15,BTCUSDT,9449.98,10219.5,9301.5,10000.09,52427.596715,512388484.73178285,608349,10159.98,-307.57247991651366,10547.21,10596.499500000002
1518566400000,2018-02-14,BTCUSDT,8535.17,9489.6,8533.0,9449.99,40811.952867,370126692.728233,514897,10000.09,-322.70606886640735,10206.607999999998,10533.175
1518480000000,2018-02-13,BTCUSDT,8903.0,8950.0,8351.0,8539.9,35454.972956,305165143.6969234,401893,9449.99,-127.49785623466084,9837.901999999998,10387.47
1518393600000,2018-02-12,BTCUSDT,8063.82,8989.0,8053.0,8903.0,41987.85049,362440826.9943769,477660,8539.9,-207.61505981703016,9410.592,10256.869999999999
1518307200000,2018-02-11,BTCUSDT,8533.99,8549.0,7726.53,8063.88,45025.187952,366966437.2498885,524626,8903.0,-193.3144182633082,8991.372,10086.84
1518220800000,2018-02-10,BTCUSDT,8683.93,9065.78,8120.0,8533.98,49381.512653,423411421.93098,537578,8063.88,-285.7142857142853,8698.15,9961.589
1518134400000,2018-02-09,BTCUSDT,7789.9,8738.0,7789.9,8683.92,20482.910825,173348469.81187892,273091,8533.98,-209.3268008181766,8544.935999999998,9849.785
1518048000000,2018-02-08,BTCUSDT,7599.0,7844.0,7572.09,7784.02,1521.537318,11770168.04386595,12417,8683.92,-149.4415447306883,8393.76,9722.648000000001
1517961600000,2018-02-07,BTCUSDT,7655.02,8476.0,7150.01,7599.0,60778.460497,477935038.8117769,514893,7784.02,-84.64207708025074,8132.960000000001,9574.146
1517875200000,2018-02-06,BTCUSDT,6939.63,7878.0,6000.01,7652.14,100201.500307,684364276.3666689,785996,7599.0,-47.688687884807734,8050.611999999999,9440.553
1517788800000,2018-02-05,BTCUSDT,8179.99,8382.8,6625.0,6939.99,63403.182579,471166218.7134473,533510,7652.14,-40.17080424684488,7731.814,9308.0525
1517702400000,2018-02-04,BTCUSDT,9199.96,9368.0,7930.0,8184.81,32014.308449,274912288.421322,356134,6939.99,-133.59379974711413,7631.992000000001,9232.5675
1517616000000,2018-02-03,BTCUSDT,8873.03,9473.01,8229.0,9199.96,28725.000735,256834729.0599109,327519,8184.81,-179.18394859724185,7915.1799999999985,9186.013500000001
1517529600000,2018-02-02,BTCUSDT,9224.52,9250.0,8010.02,8873.03,49971.626975,434236483.7044874,453411,9199.96,-256.1288317339448,8169.986,9139.113000000001
1517443200000,2018-02-01,BTCUSDT,10285.1,10335.0,8750.99,9224.52,33564.764311,317636345.9843711,316020,8873.03,-470.3302087496943,8484.462,9078.458999999999
1517356800000,2018-01-31,BTCUSDT,10230.0,10425.85,9700.0,10285.1,18015.956805,181644207.11316264,201422,9224.52,563.7963861048246,9153.484,9032.6645
1517270400000,2018-01-30,BTCUSDT,11250.11,11308.42,9900.0,10237.51,25554.372946,268978329.50861526,259212,10285.1,277.3499213600296,9564.024000000001,8986.890000000001
1517184000000,2018-01-29,BTCUSDT,11879.95,11975.02,11139.55,11251.0,14170.377538,162110154.87880376,169199,10237.51,228.2244463373083,9974.232,9030.2685
1517097600000,2018-01-28,BTCUSDT,11499.98,12244.0,11408.0,11879.95,16887.339524,200211582.9434541,206247,11251.0,156.9064508774734,10575.616,9072.288499999999
1517011200000,2018-01-27,BTCUSDT,11089.0,11650.0,10842.69,11491.0,18860.768345,212663199.53348225,207478,11879.95,186.59190671689743,11028.912,9138.839499999998
1516924800000,2018-01-26,BTCUSDT,11184.7,11643.0,10311.15,11089.0,33056.87196,360482470.17375433,314720,11491.0,223.17843897084504,11189.692000000001,9193.285
1516838400000,2018-01-25,BTCUSDT,11349.96,11794.05,10950.21,11175.27,20839.954183,236081364.97365227,221040,11089.0,160.82241061555476,11377.244,9279.549
1516752000000,2018-01-24,BTCUSDT,10799.14,11570.48,10500.0,11349.99,27158.587762,299470607.4302002,293429,11175.27,150.05665171061509,11397.042000000001,9420.0535
1516665600000,2018-01-23,BTCUSDT,10760.05,11399.0,9905.0,10799.18,37473.922552,399419413.2329807,355286,11349.99,177.16552697137627,11180.888,9514.8625
1516579200000,2018-01-22,BTCUSDT,11530.0,11926.35,9900.24,10760.05,43752.606791,475716514.20869696,363264,10799.18,145.95241959550376,11034.698,9649.671
1516492800000,2018-01-21,BTCUSDT,12799.8,12799.8,10965.0,11530.0,41379.773426,485289230.8188924,360207,10760.05,152.47564413381602,11122.898,9799.472
1516406400000,2018-01-20,BTCUSDT,11474.98,13099.0,11412.45,12799.94,28768.857827,358561107.78097045,251647,11530.0,148.7616597869988,11447.832,10005.273000000001
1516320000000,2018-01-19,BTCUSDT,10960.0,11795.0,10360.0,11474.98,34129.375421,382773499.2265792,273271,12799.94,205.82217183266408,11472.829999999998,10189.821
1516233600000,2018-01-18,BTCUSDT,10972.59,11878.82,10435.33,10961.97,48464.434937,541289614.0584047,393112,11474.98,288.00253244697706,11505.388,10357.9695
1516147200000,2018-01-17,BTCUSDT,10899.99,11680.99,9037.94,10988.79,72331.796646,744154180.1312059,517293,10961.97,564.1887763077491,11551.136,10524.802
1516060800000,2018-01-16,BTCUSDT,13500.0,13542.93,9035.0,10900.0,63401.169175,722150828.1494024,418243,10988.79,599.275460761673,11425.136,10722.802500000002
1515974400000,2018-01-15,BTCUSDT,13477.98,14249.99,13147.79,13539.93,14652.094705,200614554.538343,145362,10900.0,244.50638507949145,11573.134,10990.5585
1515888000000,2018-01-14,BTCUSDT,14210.0,14339.5,12569.2,13474.99,17017.894329,226525305.12938112,152364,13539.93,311.44234627344804,11973.136,11204.31
1515801600000,2018-01-13,BTCUSDT,13749.95,14580.0,13706.15,14210.0,12221.508528,173086488.54788405,123639,13474.99,209.7329900698788,12622.742,11471.1585
1515715200000,2018-01-12,BTCUSDT,13238.76,14109.78,12500.0,13740.01,16417.162137,222516076.27145907,134452,14210.0,215.1119761902069,13172.985999999999,11696.933
1515628800000,2018-01-11,BTCUSDT,14940.0,14968.68,11400.0,13238.78,33554.723751,446587594.6937379,239416,13740.01,272.1755649354741,13640.742000000002,11844.617
1515542400000,2018-01-10,BTCUSDT,14401.0,14955.66,13131.31,14907.09,17411.001655,244011366.763028,161476,13238.78,199.88080177672828,13914.173999999999,12078.096
1515456000000,2018-01-09,BTCUSDT,14902.54,15500.0,14011.05,14400.0,14315.004253,210630187.45766863,156656,14907.09,197.4539132753096,14099.176000000001,12235.545999999998
1515369600000,2018-01-08,BTCUSDT,16218.85,16322.3,12812.0,14902.54,26600.609912,396569997.15746266,208642,14400.0,183.766285494956,14237.684,12386.675500000001
1515283200000,2018-01-07,BTCUSDT,17069.79,17099.96,15610.0,16150.03,12493.125558,206194706.37068355,120269,14902.54,175.10795384445558,14719.688,12619.627
1515196800000,2018-01-06,BTCUSDT,16960.39,17143.13,16011.21,17069.79,18571.457508,309216920.9864104,158242,16150.03,181.26772603253048,15485.890000000003,12918.666500000001
1515110400000,2018-01-05,BTCUSDT,15059.56,17176.24,14600.0,16960.39,23251.491125,369321956.4868375,192969,17069.79,141.09902450318214,15896.55,13207.9225
1515024000000,2018-01-04,BTCUSDT,14919.51,15280.0,13918.04,15059.54,21329.649574,312781583.79830784,170310,16960.39,188.88902447060087,16028.458000000002,13393.4
1514937600000,2018-01-03,BTCUSDT,14690.0,15307.56,14150.0,14919.51,15905.667639,236116868.33619007,162787,15059.54,196.22461024952176,16031.851999999999,13599.416500000001
1514851200000,2018-01-02,BTCUSDT,13382.16,15473.49,12890.02,14675.11,20078.092111,279717107.4337192,177728,14919.51,204.3129869063417,15736.867999999999,13795.1695
1514764800000,2018-01-01,BTCUSDT,13715.65,13818.55,12750.0,13380.0,8609.915844,114799747.44197056,105595,14675.11,-3172.0815356718504,14998.91,13887.6695
1514678400000,2017-12-31,BTCUSDT,12345.1,14050.11,12149.98,13716.36,11768.989718,155283285.36704132,138893,13380.0,2241.152587314076,14350.104000000001,13933.4905
1514592000000,2017-12-30,BTCUSDT,14378.99,14398.85,11750.0,12440.01,19221.158039,247803953.75248587,190204,13716.36,-264.09527737444853,13826.198,13981.742000000002
1514505600000,2017-12-29,BTCUSDT,14199.14,14981.0,13850.0,14378.9,18072.008116,260911629.21807677,142100,12440.01,1035.131243250013,13718.076000000001,14152.588499999998
1514419200000,2017-12-28,BTCUSDT,15459.97,15539.99,13150.0,14182.11,21717.858014,303401227.98652,178032,14378.9,701.0643147148936,13619.476,14312.254500000001
1514332800000,2017-12-27,BTCUSDT,15709.98,16498.05,14200.15,15459.99,14959.864723,231229932.48204055,142202,14182.11,1125.5055163682418,14035.473999999998,14540.254
1514246400000,2017-12-26,BTCUSDT,13699.34,16050.0,13533.0,15689.01,15034.668104,224843731.89656883,133133,15459.99,500.53451873918704,14430.004,14647.708000000002
1514160000000,2017-12-25,BTCUSDT,13500.0,14300.0,12708.0,13699.34,15748.207607,213139657.6289145,116416,15689.01,-494.46476063829766,14681.87,14658.925500000001
1514073600000,2017-12-24,BTCUSDT,13300.0,13819.99,11640.0,13500.0,28557.534988,365709589.60302895,173557,13699.34,-177.4285574125575,14506.09,14623.425500000001
1513987200000,2017-12-23,BTCUSDT,13326.61,14950.0,12978.18,13300.0,13141.538875,184759685.33206663,135005,13500.0,-100.32786972218614,14329.668,14601.425
1513900800000,2017-12-22,BTCUSDT,15514.03,15699.34,10961.0,13326.61,36076.271175,477509934.71828645,243261,13300.0,-104.81537132132384,13902.991999999998,14605.816499999997
1513814400000,2017-12-21,BTCUSDT,16480.52,17309.5,14022.0,15492.64,20324.2173,320176825.29037607,117731,13326.61,1379.5405218194464,13863.717999999999,14635.094000000001
1513728000000,2017-12-20,BTCUSDT,17295.2,17720.35,14777.66,16488.98,13450.496693,221193892.50223887,129762,15492.64,444.1709621719435,14421.645999999999,14739.543
1513641600000,2017-12-19,BTCUSDT,18856.25,18950.0,16300.0,17295.2,13210.74822,232790625.92336664,116569,16488.98,296.8352232175231,15180.685999999998,14859.175999999998
1513555200000,2017-12-18,BTCUSDT,18860.04,19300.0,17029.98,18856.25,10624.633071,196339245.745198,91956,17295.2,170.5254508103173,16291.935999999998,14994.487
1513468800000,2017-12-17,BTCUSDT,19120.19,19798.68,18510.0,18860.02,9177.183434,175867439.47045135,84581,18856.25,175.08563940851454,17398.618,15083.998500000002
1513382400000,2017-12-16,BTCUSDT,17516.81,19539.0,17190.01,19102.66,4202.628709,76293721.36508314,51777,18860.02,138.8103832559117,18120.622,15191.112
1513296000000,2017-12-15,BTCUSDT,16334.98,17991.0,16298.45,17539.83,9181.273947,159809704.04408672,85478,19102.66,231.2471329640326,18330.792,15315.126499999998
1513209600000,2017-12-14,BTCUSDT,16030.34,16445.0,15450.0,16334.98,11616.867151,186092495.1834846,86150,17539.83,339.526306744021,18138.748,15385.9
1513123200000,2017-12-13,BTCUSDT,16349.99,16546.0,14666.56,16033.29,12416.328801,196769674.31153056,83847,16334.98,1052.0983778126629,17574.156,15453.809
1513036800000,2017-12-12,BTCUSDT,16587.97,16976.45,15875.0,16349.99,9436.802411,155716213.09834388,76032,16033.29,925.8010832400385,17072.15,15602.3085
1512950400000,2017-12-11,BTCUSDT,14946.26,17470.0,14901.08,16587.97,11820.401762,193045127.9036004,71373,16349.99,220.08149191831416,16569.212,15745.889000000001
1512864000000,2017-12-10,BTCUSDT,14664.01,15720.12,12368.0,14899.98,16553.037173,233767963.46201488,80669,16587.97,454.10220146002104,16041.241999999998,15868.8875
1512777600000,2017-12-09,BTCUSDT,15880.01,16269.3,12535.0,14656.07,13918.758687,205372672.98786432,66738,14899.98,468.8061825716962,15705.460000000001,15882.746000000003
1512691200000,2017-12-08,BTCUSDT,16599.0,17204.99,14015.0,15880.0,17589.013136,271586476.6191432,84727,14656.07,295.86784627495217,15674.802,15967.6405
1512604800000,2017-12-07,BTCUSDT,13541.01,16649.96,13050.0,16599.0,7487.065695,109555325.34649764,57541,15880.0,552.047254058353,15724.604000000001,16024.591
1512518400000,2017-12-06,BTCUSDT,11699.99,13615.23,11665.58,13550.05,6707.946319,84409526.69576178,40196,16599.0,-173.9166975736067,15117.02,15917.643
1512432000000,2017-12-05,BTCUSDT,11571.03,11853.0,11447.68,11699.99,5550.732055,64721253.04527842,31317,13550.05,-76.94206294312454,14477.022,15817.675500000001
1512345600000,2017-12-04,BTCUSDT,11165.41,11600.0,10802.0,11579.0,4663.424562,52814985.63993067,32232,11699.99,-37.706826067539254,13861.607999999998,15721.6255
1512259200000,2017-12-03,BTCUSDT,10902.69,11825.0,10500.0,11165.41,5346.636524,60350708.29332783,39335,11579.0,-35.612591151468365,12918.689999999999,15614.895999999999
1512172800000,2017-12-02,BTCUSDT,10775.04,11190.0,10620.0,10890.01,4765.439757,52046689.84006951,29694,11165.41,-30.41174286009999,11776.891999999998,15493.066
1512086400000,2017-12-01,BTCUSDT,9837.0,10898.0,9380.0,10782.99,6134.923633,62260697.58291551,32375,10890.01,-36.96417260139356,11223.48,15257.583499999999
1512000000000,2017-11-30,BTCUSDT,9687.88,10900.0,8850.8,9838.96,9389.574329,91430904.34116387,41153,10782.99,-38.448311427612595,10851.274000000001,14925.082499999999
1511913600000,2017-11-29,BTCUSDT,9896.79,11300.03,8520.0,9687.88,13352.538715,135976167.45757934,47894,9838.96,-39.36089236156528,10473.05,14544.7165
1511827200000,2017-11-28,BTCUSDT,9650.0,9939.0,9570.5,9896.8,4917.210985,48235644.0576554,18923,9687.88,-37.03331220683109,10219.328,14096.744
1511740800000,2017-11-27,BTCUSDT,9128.0,9654.28,9112.04,9650.0,4521.625707,42961064.95202934,22806,9896.8,-31.015556423564817,9971.326000000001,13636.242999999999
1511654400000,2017-11-26,BTCUSDT,8700.04,9350.0,8604.72,9128.02,4147.380237,37138533.83941873,19268,9650.0,-37.281096889098336,9640.331999999999,13137.510999999999
1511568000000,2017-11-25,BTCUSDT,8138.99,8734.78,8090.0,8700.01,4292.623682,36093005.20140187,18632,9128.02,-36.12874954248278,9412.542,12695.52
1511481600000,2017-11-24,BTCUSDT,8019.97,8369.0,7850.0,8138.0,4411.789112,35840264.45804051,19754,8700.01,-11.985533453887882,9102.566,12285.670999999998
1511395200000,2017-11-23,BTCUSDT,8233.03,8260.0,8000.0,8019.99,4093.952687,33400702.99957629,16625,8138.0,-2.4352460248909864,8727.204,11885.006
1511308800000,2017-11-22,BTCUSDT,8091.09,8322.68,8091.09,8205.92,3545.00571,29124078.47217724,14752,8019.99,-7.388480444899358,8438.388,11477.8025
1511222400000,2017-11-21,BTCUSDT,8212.49,8400.0,7801.0,8119.51,4544.474016,37074997.58090905,20798,8205.92,-11.027851014389157,8236.686,11054.3795
1511136000000,2017-11-20,BTCUSDT,8057.11,8319.99,7954.0,8212.0,3886.634348,31567135.38731295,20101,8119.51,-14.474012474012484,8139.084,10719.9805
1511049600000,2017-11-19,BTCUSDT,7761.94,8123.15,7650.33,8038.0,3867.340444,30322635.7689457,14897,8212.0,-15.582862496442743,8119.084,10389.077000000001
1510963200000,2017-11-18,BTCUSDT,7680.01,7819.99,7422.0,7761.94,3954.266477,30334498.31525712,18383,8038.0,-15.579574625887515,8067.474,9983.174
1510876800000,2017-11-17,BTCUSDT,7876.98,7989.0,7451.0,7699.19,3982.395925,31024092.61951179,22012,7761.94,-15.803229781438487,7966.128,9538.183500000001
1510790400000,2017-11-16,BTCUSDT,7240.14,7940.0,7076.0,7864.5,2331.95675,17499577.25815967,14961,7699.19,-33.05460733567665,7915.125999999999,9253.905999999999
1510704000000,2017-11-15,BTCUSDT,6575.99,7298.0,6575.99,7240.06,1779.605845,12446186.45092821,10313,7864.5,-26.662499693604957,7720.738,9030.9095
1510617600000,2017-11-14,BTCUSDT,6465.99,6684.98,6311.07,6574.99,1254.292531,8168729.97122799,10476,7240.06,-13.358078878683628,7428.136,8780.708999999999
1510531200000,2017-11-13,BTCUSDT,5839.94,6697.47,5699.99,6465.99,2621.243039,16498136.09913936,16165,6574.99,-13.936199949120777,7168.946000000001,8545.738000000001
1510444800000,2017-11-12,BTCUSDT,6245.05,6630.0,5325.01,5811.03,4968.483069,29711508.60084671,31069,6465.99,-13.377489832649488,6791.314,8291.789
1510358400000,2017-11-11,BTCUSDT,6503.0,6797.98,6100.0,6245.05,2754.156861,17681445.46474999,17840,5811.03,-35.75414670707468,6467.424,8064.892
1510272000000,2017-11-10,BTCUSDT,7079.0,7279.91,6255.01,6506.98,3254.704105,22083345.18396158,18889,6245.05,-69.8752927615848,6320.808,7898.293000000001
1510185600000,2017-11-09,BTCUSDT,7303.01,7392.0,7015.0,7079.99,1913.398308,13798534.34721742,13818,6506.98,-182.2010638297873,6421.807999999999,7767.8985
1510099200000,2017-11-08,BTCUSDT,7070.0,7770.02,6651.0,7303.0,2822.298802,20491286.19840822,24381,7079.99,-193.7901475213751,6589.210000000001,7638.208500000001
1510012800000,2017-11-07,BTCUSDT,6981.72,7198.49,6901.0,7064.04,1440.259494,10173272.33780804,13132,7303.0,-165.78112120666623,6839.812,7508.910500000001
1509926400000,2017-11-06,BTCUSDT,7345.1,7401.0,6906.0,6960.12,1763.019261,12673524.6216398,13525,7064.04,-132.3832955235326,6982.825999999999,7400.5154999999995
1509840000000,2017-11-05,BTCUSDT,7357.27,7590.25,7279.02,7345.01,1207.83233,9000403.86573288,11090,6960.12,-294.6896780617328,7150.431999999999,7332.7654999999995
1509753600000,2017-11-04,BTCUSDT,7115.02,7480.99,6901.0,7357.09,1399.191767,10064538.39659038,13395,7345.01,-507.4101519081148,7205.852000000001,7293.720000000001
1509667200000,2017-11-03,BTCUSDT,7010.31,7346.34,6923.0,7115.04,1891.497592,13614451.74654126,15375,7357.09,-351.6648121201751,7168.26,7248.472499999999
1509580800000,2017-11-02,BTCUSDT,6753.98,7300.0,6685.1,7019.98,2503.610803,17369001.33091877,20222,7115.04,-223.6702505565291,7159.447999999999,7189.1755
1509494400000,2017-11-01,BTCUSDT,6463.0,6774.67,6338.02,6753.98,1675.615188,10951171.07254041,16775,7019.98,-388.6068136932186,7118.219999999999,7120.899
1509408000000,2017-10-31,BTCUSDT,6120.52,6498.01,6100.0,6463.0,1511.774925,9487640.8400991,12503,6753.98,-1686.704170015186,6941.817999999999,7033.4490000000005
1509321600000,2017-10-30,BTCUSDT,6133.01,6248.68,6030.0,6120.5,1473.687043,9030219.28673499,9027,6463.0,-546.7423080262826,6694.5,6937.5740000000005
1509235200000,2017-10-29,BTCUSDT,5709.98,6189.88,5648.01,6169.98,1804.778173,10620967.62459168,10651,6120.5,540.0250731299623,6505.487999999999,6857.976
1509148800000,2017-10-28,BTCUSDT,5768.79,5850.02,5630.03,5719.64,1276.754412,7308076.01911184,8556,6169.98,-286.3287718162958,6245.42,6758.9985
1509062400000,2017-10-27,BTCUSDT,5861.77,5980.0,5649.24,5768.83,1403.706416,8167069.73635031,8305,5719.64,-174.9861139334824,6048.39,6654.214999999999
1508976000000,2017-10-26,BTCUSDT,5670.1,5939.99,5650.0,5861.77,1972.965882,11417126.63602561,11429,5768.83,-66.62097158148777,5928.143999999999,6585.3005
1508889600000,2017-10-25,BTCUSDT,5506.92,5704.96,5286.98,5689.99,2282.813205,12544847.89154201,12026,5861.77,-36.489544392161235,5842.042,6541.0505
1508803200000,2017-10-24,BTCUSDT,5909.47,5925.0,5450.0,5477.03,2580.418767,14564495.85056032,13075,5689.99,-37.0873529467363,5703.452,6491.6025
1508716800000,2017-10-23,BTCUSDT,5975.0,6080.0,5621.03,5915.93,1812.557715,10607190.98072695,10736,5477.03,-98.3997165266858,5742.71,6496.8475
1508630400000,2017-10-22,BTCUSDT,6003.27,6060.0,5720.03,5950.02,1362.092216,8035415.37335629,8846,5915.93,-48.50787460842014,5778.948,6482.096
1508544000000,2017-10-21,BTCUSDT,6013.72,6171.0,5850.03,6024.97,1664.307693,10114821.44026351,10182,5950.02,-55.51677026093748,5811.588000000001,6457.9955
1508457600000,2017-10-20,BTCUSDT,5683.31,6110.0,5600.0,6010.01,1972.97722,11486552.1888066,11656,6024.97,-66.92578482032164,5875.592,6404.496499999999
1508371200000,2017-10-19,BTCUSDT,5513.0,5710.0,5490.26,5683.9,1881.722107,10609368.77338359,11553,6010.01,-55.352224417699574,5916.966,6323.5415
1508284800000,2017-10-18,BTCUSDT,5595.0,5596.0,5037.95,5512.06,2317.804373,12456909.97604373,14824,5683.9,-59.54892424632831,5836.192,6245.9425
1508198400000,2017-10-17,BTCUSDT,5760.0,5774.98,5508.63,5595.0,1429.869376,8041662.31881055,9755,5512.06,-94.75691244239628,5765.188,6177.6865
1508112000000,2017-10-16,BTCUSDT,5710.0,5788.91,5585.19,5760.02,1528.996462,8701914.79553535,9153,5595.0,-273.943075898802,5712.197999999999,6098.437
1508025600000,2017-10-15,BTCUSDT,5855.03,5922.3,5400.01,5709.99,1343.523375,7553650.20132813,7452,5760.02,-203.9239983477903,5652.194,6016.082
1507939200000,2017-10-14,BTCUSDT,5650.0,5900.0,5580.01,5869.99,970.759046,5533972.4859947,6259,5709.99,730.3159294978417,5689.411999999999,5953.8295
1507852800000,2017-10-13,BTCUSDT,5439.99,5846.17,5379.84,5649.98,1879.82762,10597340.30104987,11663,5869.99,-882.490534286914,5716.996000000001,5885.3295
1507766400000,2017-10-12,BTCUSDT,4821.43,5439.99,4810.16,5430.0,1276.701482,6659759.29119366,8030,5649.98,-221.3910183662597,5683.996000000001,5819.1305
1507680000000,2017-10-11,BTCUSDT,4783.06,4881.61,4710.0,4821.43,753.429396,3609240.90903919,5895,5430.0,-110.05572441742667,5496.278,5737.052000000001
1507593600000,2017-10-10,BTCUSDT,4786.95,4960.0,4680.59,4783.06,1043.221773,5044283.86347582,11967,4821.43,-137.74370650028118,5310.892,5670.18
1507507200000,2017-10-09,BTCUSDT,4640.0,4889.98,4550.0,4786.95,646.463145,3040508.90436387,10372,4783.06,-46.13810696380796,5094.284000000001,5601.0285
1507420800000,2017-10-08,BTCUSDT,4425.0,4658.0,4425.0,4640.0,518.462004,2347356.46944654,7580,4786.95,-37.159738019266825,4892.2880000000005,5547.0465
1507334400000,2017-10-07,BTCUSDT,4369.0,4479.5,4312.56,4423.0,297.5975,1302533.21459281,4804,4640.0,-25.708970829665944,4690.888000000001,5479.755
1507248000000,2017-10-06,BTCUSDT,4318.99,4417.0,4292.0,4369.0,506.529176,2212035.12414239,6546,4423.0,-25.097348584103656,4600.402,5405.1165
1507161600000,2017-10-05,BTCUSDT,4208.59,4355.0,4110.0,4292.43,779.138638,3295532.82397779,9158,4369.0,-29.59819471494174,4502.276,5335.2384999999995
1507075200000,2017-10-04,BTCUSDT,4314.9,4373.0,4142.0,4208.59,868.465101,3676415.10054891,11006,4292.43,-31.596431064773213,4386.604,5271.8165
1506988800000,2017-10-03,BTCUSDT,4380.0,4467.33,4180.8,4310.0,1082.323563,4627422.74283879,12379,4208.59,-33.487937743190656,4320.604,5191.52
1506902400000,2017-10-02,BTCUSDT,4400.0,4561.63,4360.0,4380.0,655.756974,2905282.77570845,8185,4310.0,-24.29674932247353,4312.004,5113.019
1506816000000,2017-10-01,BTCUSDT,4378.49,4406.52,4240.04,4378.48,726.963685,3137143.89184457,9816,4380.0,-25.181936297887304,4313.9,5030.6945
1506729600000,2017-09-30,BTCUSDT,4175.0,4380.0,4138.1,4378.51,720.353183,3088354.40084536,9324,4378.48,-11.755437551961805,4331.116,4949.1195
1506643200000,2017-09-29,BTCUSDT,4178.98,4263.86,3952.01,4174.69,1602.309565,6571746.35900076,14834,4378.51,-11.884443058652865,4324.336,4873.659
1506556800000,2017-09-28,BTCUSDT,4192.11,4300.0,4101.0,4174.5,849.785325,3553178.87037354,11426,4174.69,-13.964954201513336,4297.236,4806.781
1506470400000,2017-09-27,BTCUSDT,3882.36,4249.94,3872.81,4193.0,628.170966,2554629.81447101,8373,4174.5,-30.84353070349917,4259.836,4736.681
1506384000000,2017-09-26,BTCUSDT,3928.0,3976.99,3850.05,3882.35,526.727987,2061195.57868009,7971,4193.0,-21.51969002231571,4160.61,4642.7975
1506297600000,2017-09-25,BTCUSDT,3660.02,3979.87,3653.69,3920.75,727.994713,2784170.85318322,9740,3882.35,-26.36111752482114,4069.058,4553.3355
1506211200000,2017-09-24,BTCUSDT,3779.54,3789.99,3622.76,3660.02,661.63639,2445788.43620041,8724,3920.75,-23.30047551990863,3966.124,4442.8369999999995
1506124800000,2017-09-23,BTCUSDT,3595.88,3817.19,3542.91,3780.0,752.792791,2799706.99951511,8402,3660.02,-54.17107309486789,3887.2239999999997,4349.338000000001
1506038400000,2017-09-22,BTCUSDT,3592.84,3750.0,3505.55,3595.87,838.966425,3031771.43292849,8152,3780.0,-45.05322520145393,3767.798,4257.6315
1505952000000,2017-09-21,BTCUSDT,3889.99,3910.0,3567.0,3609.99,1001.654084,3757043.07821264,8714,3595.87,-53.10943086571717,3713.326,4197.059499999999
1505865600000,2017-09-20,BTCUSDT,3910.04,4046.08,3820.0,3900.0,720.935076,2839584.45308804,7231,3609.99,-211.4294047117536,3709.1760000000004,4152.906499999999
1505779200000,2017-09-19,BTCUSDT,4060.0,4089.97,3830.91,3910.04,902.332129,3558315.19743872,7342,3900.0,-140.2840284028405,3759.1800000000003,4109.061
1505692800000,2017-09-18,BTCUSDT,3690.0,4123.2,3690.0,4035.01,1030.006455,4069033.05715863,8220,3910.04,-178.57039334473507,3810.182,4078.8115
1505606400000,2017-09-17,BTCUSDT,3685.23,3748.21,3499.02,3699.99,682.17121,2466490.27859466,6355,4035.01,-90.79721145484844,3831.006,4042.661
1505520000000,2017-09-16,BTCUSDT,3674.01,3950.0,3470.66,3714.95,1297.563953,4804878.24721283,8809,3699.99,-95.090119959009,3851.9979999999996,4009.9584999999997
1505433600000,2017-09-15,BTCUSDT,3188.01,3856.0,2817.0,3700.0,1968.866492,6588767.18669446,10445,3714.95,-132.924645558154,3811.9979999999996,3980.3369999999995
1505347200000,2017-09-14,BTCUSDT,3944.0,3993.0,3165.13,3189.02,1665.021543,5914261.40460825,9066,3700.0,-64.0276819417949,3667.7940000000003,3929.3585
1505260800000,2017-09-13,BTCUSDT,4159.72,4165.38,3760.0,3944.69,913.462545,3570365.92571669,5019,3189.02,-550.9846562764286,3649.7300000000005,3911.093
1505174400000,2017-09-12,BTCUSDT,4208.6,4394.59,4040.8,4163.72,879.630319,3725190.62328952,6501,3944.69,564.0899882716701,3742.476,3900.279
1505088000000,2017-09-11,BTCUSDT,4153.62,4334.43,4098.91,4208.47,699.989065,2956842.76250147,4228,4163.72,553.8474906158765,3841.1800000000003,3891.7785000000003
1505001600000,2017-09-10,BTCUSDT,4258.81,4283.0,3801.0,4130.37,660.373275,2700371.80819211,3435,4208.47,338.7966407994049,3927.254,3879.3715
1504915200000,2017-09-09,BTCUSDT,4282.8,4426.62,4150.06,4258.81,658.782952,2815383.46568698,3777,4130.37,334.5773897788266,4141.2119999999995,3883.5775000000003
1504828800000,2017-09-08,BTCUSDT,4691.66,4735.39,4028.93,4282.8,1132.255046,4866527.22639337,4733,4258.81,236.70242965076503,4208.834000000001,3888.9925000000003
1504742400000,2017-09-07,BTCUSDT,4619.77,4788.59,4438.19,4691.61,500.429975,2305795.13638315,3070,4282.8,186.8188458053661,4314.411999999999,3913.9230000000002
1504656000000,2017-09-06,BTCUSDT,4366.49,4662.87,4335.26,4619.77,807.363726,3626346.05544323,7956,4691.61,240.4462536643649,4396.6720000000005,3950.7940000000003
1504569600000,2017-09-05,BTCUSDT,4106.97,4484.99,3603.0,4366.47,1228.938157,5083453.18675071,10084,4619.77,376.9734680016649,4443.892,3973.0799999999995
1504483200000,2017-09-04,BTCUSDT,4505.0,4527.49,3972.51,4100.11,1394.644614,5909947.49008974,9317,4366.47,2451.075268817222,4412.152,3995.0844999999995
1504396800000,2017-09-03,BTCUSDT,4508.5,4714.76,4298.33,4509.08,691.216198,3121052.75230181,6022,4100.11,247.76230085651784,4457.408,4031.5385
1504310400000,2017-09-02,BTCUSDT,4796.16,4939.19,4286.87,4472.14,929.148595,4257723.944817,7475,4509.08,262.7689219350492,4413.514,4075.352
1504224000000,2017-09-01,BTCUSDT,4689.89,4885.55,4654.88,4834.91,560.666366,2665165.55924616,4000,4472.14,207.27899128565255,4456.542,4136.598
1504137600000,2017-08-31,BTCUSDT,4555.14,4745.42,4555.14,4724.89,556.956802,2579878.72401184,4161,4834.91,153.16595805634586,4528.226000000001,4177.842500000001
1504051200000,2017-08-30,BTCUSDT,4564.52,4647.51,4416.01,4555.14,808.468771,3683714.68666123,5551,4724.89,261.570972233598,4619.232,4210.0975
1503964800000,2017-08-29,BTCUSDT,4353.65,4625.85,4313.55,4587.48,603.545028,2682483.73582991,4159,4555.14,332.7520294506327,4634.912,4237.721
1503878400000,2017-08-28,BTCUSDT,4310.01,4399.82,4124.54,4386.69,603.841616,2591660.52579953,4349,4587.48,766.0868589383922,4617.822,4272.056
1503792000000,2017-08-27,BTCUSDT,4332.51,4400.0,4285.54,4310.01,350.692585,1521580.06202557,3670,4386.69,760.0311734580248,4512.842,4301.809
1503705600000,2017-08-26,BTCUSDT,4280.71,4367.0,4212.41,4337.44,228.108068,977865.7333321,2260,4310.01,1607.92318453518,4435.352,4333.681
1503619200000,2017-08-25,BTCUSDT,4316.01,4453.91,4247.48,4280.68,573.61274,2484637.34936327,6554,4337.44,-58505.66037735796,4380.46,4388.264
1503532800000,2017-08-24,BTCUSDT,4147.0,4371.68,4085.01,4316.01,787.418753,3296476.41316476,6247,4280.68,-230.78807241746523,4326.166,4406.83
1503446400000,2017-08-23,BTCUSDT,4040.0,4265.8,4013.89,4114.01,1001.136565,4148686.46581968,8629,4316.01,-171.3935463460926,4271.629999999999,4404.3445
1503360000000,2017-08-22,BTCUSDT,4016.0,4104.82,3400.0,4040.0,966.684858,3752505.77214051,6494,4114.01,-265.519036971237,4217.628,4395.921
1503273600000,2017-08-21,BTCUSDT,4069.13,4119.62,3911.79,4016.0,691.74306,2797231.71402728,3972,4040.0,-1030.6027820710997,4153.34,4390.2025
1503187200000,2017-08-20,BTCUSDT,4120.98,4211.08,4032.62,4086.29,467.083022,1930364.39032646,2321,4016.0,-124.92253837602551,4114.462,4381.5765
1503100800000,2017-08-19,BTCUSDT,4108.37,4184.69,3850.0,4139.98,381.309763,1549483.73542151,2153,4086.29,-175.17160404624167,4079.256,4374.4355
1503014400000,2017-08-18,BTCUSDT,4285.08,4371.52,3938.77,4108.37,1199.888264,5086958.30617151,5233,4139.98,-30.15388003413412,4078.1279999999997,4345.2735
1502928000000,2017-08-17,BTCUSDT,4261.48,4485.39,4200.74,4285.08,795.150377,3454770.05073206,3427,4108.37,-89.99113253450304,4127.144,4328.539000000001
